sample,variant,controls,beta,se,t,p,first_stage_t,n,clusters
all,primary,none,-0.09167982473606907,0.03060805203987511,-2.9952845289413315,0.004584132056825971,38.705367478849,26186,43
all,primary,pcm,-0.09033785672383954,0.029880917639415125,-3.023262465161956,0.0042505843680132075,36.3776271794384,26186,43
all,no_mi,none,-0.15293931710175912,0.03686150956117881,-4.1490247936788025,0.00015912847293440436,48.73241032836513,26207,43
all,no_mi,pcm,-0.15221614974840506,0.03630358673220921,-4.192868073097475,0.00013892062604638195,43.156111854984275,26207,43
klems_overlap,primary,none,-0.09545094787867535,0.026664019115285677,-3.5797659559865904,0.0008845999169974226,34.91272392062057,20926,43
klems_overlap,primary,pcm,-0.08490112655229133,0.021017541994878635,-4.039536429758497,0.0002229112514912942,35.09948095776993,20926,43
klems_overlap,no_mi,none,-0.14945797846426778,0.03368407576638535,-4.437051486905207,6.46835617928632e-05,34.880666877052285,20856,43
klems_overlap,no_mi,pcm,-0.13968716541922838,0.027951625306876716,-4.997461288408952,1.073373188115871e-05,33.72616131647257,20856,43
non_europe,primary,none,-0.06303044144104547,0.055589323055756604,-1.133858769566691,0.26328441316248075,11.125220207629441,6505,43
non_europe,primary,pcm,-0.06226245002970187,0.055327195665889034,-1.1253498262535044,0.2668307243463427,11.08670802564021,6505,43
non_europe,no_mi,none,-0.14013606617631355,0.05741972191412766,-2.4405563368260443,0.018963283792103117,13.168750982575636,6596,43
non_europe,no_mi,pcm,-0.14006313437304024,0.05737880546610607,-2.4410256232290544,0.01894179336199007,14.581285023264273,6596,43
