geo,reval_crisis,reval_other,diff,p,n_crisis,n_other
USA_NFC,0.03872932375726795,0.033055191608085704,0.005674132149182248,0.5912355051457533,21,52
USA,0.04098802776167792,0.02570350810462112,0.015284519657056798,0.25923169530254114,13,51
GBR,0.06750138160579038,0.047608332013073476,0.0198930495927169,0.4354599644750599,13,51
FRA,0.06063467850985616,0.03397213177219399,0.02666254673766217,0.16029474425324466,13,51
DEU,0.04066622755684393,0.027973668564403642,0.01269255899244029,0.3627021234729305,13,51
ITA,0.10504974131714456,0.05057906192697107,0.05447067939017349,0.09017544442871754,13,51
NLD,0.045588893639332724,0.02814231505149233,0.017446578587840395,0.1408032793241603,13,51
SWE,0.06401068117954713,0.040411050046265495,0.02359963113328163,0.08658770274080359,13,51
AUS,0.04908282001843882,0.03546312345204935,0.01361969656638947,0.41234266097419464,13,51
