year,e1,e2_indirect_taxes,e3_social_wage
1951,0.34454684540288505,0.4844728981494973,0.5309968136179872
1952,0.3034389063428717,0.44606436274093575,0.4950195260987275
1953,0.2826253139674566,0.42213607076553455,0.46687528893399305
1954,0.2793123982690857,0.4168089245305491,0.4535577566324147
1955,0.32938804519675674,0.4683434141247117,0.5112345065858455
1956,0.2938515619818266,0.4318299396431651,0.4740513493806772
1957,0.27589624457897494,0.4150848110295371,0.4548447781436326
1958,0.252801061794097,0.39651695455804753,0.42779380174246545
1959,0.29143880932585453,0.4342834057402485,0.47329453429659557
1960,0.26559096275684696,0.4130337178300417,0.45399143760340516
1961,0.269477985648941,0.41916690151531577,0.456652597121762
1962,0.29037519572810855,0.44027783354077166,0.48340672456664696
1963,0.30801595385186525,0.45873511465641154,0.5058307728224111
1964,0.31789840332894614,0.46802891113504125,0.5096537594971917
1965,0.3402241238793806,0.48701303993480033,0.5308932597941387
1966,0.33301692132335964,0.46852311334757796,0.5188861130398947
1967,0.30702525904955613,0.44208490228953085,0.48754667447513755
1968,0.3005837273155088,0.442495223907576,0.491127171788468
1969,0.26651388514424373,0.40744641412779725,0.4588504934701393
1970,0.2267006689186483,0.37156361402993443,0.4082276266154122
1971,0.24649536838385622,0.3967162220146899,0.4276483286475375
1972,0.2549804057064402,0.3996985843009247,0.4372755952228574
1973,0.2534498081195718,0.3949868713391234,0.432636543354324
1974,0.22340325601869843,0.36049199440814983,0.39441708308906004
1975,0.24839329304190882,0.389326580214087,0.41149819957053946
1976,0.2651889675689527,0.40060687120705496,0.4280574088457656
1977,0.27219262130768146,0.403020214951488,0.4348612087018635
1978,0.2670937517706471,0.3909347690593961,0.42701716390619765
1979,0.24058255517826826,0.35598684210526316,0.39262045102879695
1980,0.21678778294152462,0.33470490642191153,0.3652178411287956
1981,0.2399280607097425,0.3685862174847568,0.40493450229595046
1982,0.22379358720822135,0.3530255396109055,0.38333521146908855
1983,0.2425026597659406,0.37690523233955414,0.4052178735322766
1984,0.26929557335469423,0.40256316241021695,0.43632598858157784
1985,0.2573821143449246,0.38930653760046385,0.4250266287284861
1986,0.2308323026075672,0.3604534601970883,0.3934179892074766
1987,0.24023855830284707,0.3688920162946807,0.4064593803840637
1988,0.2501281975425517,0.37823753580217695,0.41621791491618615
1989,0.2362362015730646,0.36449399479642053,0.40207316385657427
1990,0.22430274406718353,0.3536401797672959,0.3875671325401637
1991,0.2176748726897173,0.3556334950975824,0.3833963874920644
1992,0.20517902620490763,0.34339102123020604,0.3660970367099959
1993,0.21521434248562868,0.35582195626184765,0.37910990679208517
1994,0.2438060544309291,0.3900314882437081,0.4170998073160662
1995,0.2524902388815147,0.394561501285176,0.4225707672092303
1996,0.2634506165041611,0.4027768458482822,0.43443905179291653
1997,0.26664712698568516,0.4025046191316766,0.4386999136588406
1998,0.24058998678661284,0.37081813104266814,0.4084509555233879
1999,0.22797664634929266,0.3562664370576817,0.3949241759188661
2000,0.20185509911801203,0.32691125190697096,0.3648883298581483
2001,0.18560261775661696,0.30884927688995684,0.3401025934028149
2002,0.20648358076414558,0.3383967183841833,0.36014930503435844
2003,0.23095612894394635,0.36759446747160646,0.3864155767009717
2004,0.2628358084753464,0.4042064342614706,0.42426409563355755
2005,0.2946258169909686,0.44115170591328634,0.4675238571884603
2006,0.31443626543034153,0.4626591247343126,0.49257781124235617
2007,0.295272388550907,0.4418394182072814,0.4717511136529728
2008,0.2789116706196023,0.4249710203339988,0.44564757941867
2009,0.26521379721286437,0.41381455156860325,0.41412077425439076
2010,0.32613737301687684,0.47931153408884997,0.4770304427081094
2011,0.3302350365046967,0.48365149877936525,0.4858491335028489
2012,0.341275965434827,0.4921073497647091,0.4970159458990975
2013,0.34239182804096036,0.49461350189828285,0.5089355194185433
2014,0.3400479284677256,0.48999437105757954,0.5050462030096989
2015,0.32787447163411204,0.47328121650430355,0.48942782913822325
2016,0.3068403171049499,0.45094804601042837,0.4650058250883347
2017,0.2982981175881901,0.44249553783356693,0.45732530257594506
2018,0.3034777699355519,0.4479255622093204,0.46134525053034947
2019,0.29347175550572224,0.43990168755614323,0.45304368878429147
2020,0.30118892728202135,0.3811682157775932,0.3718914139910916
2021,0.36520081563334394,0.4655895574241795,0.4589839945460377
2022,0.36040606864175134,0.5059061847953142,0.5281770041202787
2023,0.35901575248146556,0.498207251685645,0.508685717424067
2024,0.34998512028900364,0.4879522855295254,0.497046663467912
