target,extra,h,n_fc,rmse_ratio,cw_stat,cw_p
linv,r,1,160,0.9839667619471082,2.4954360005699665,0.0062901223350187285
lprof,linv+def,1,165,0.9559920532387354,2.2600775512851223,0.011908219063208554
lnos,linv+def,1,165,1.0270636912324735,1.681646372357544,0.04631871639038918
linv,r,4,160,0.9711176514406522,3.0062049438540805,0.0013226532023737274
lprof,linv+def,4,162,0.924450881030409,2.711129768943407,0.003352718882326379
lnos,linv+def,4,162,0.952969199850894,2.246272871404261,0.012343267557728126
linv,r,8,158,0.9409288383703837,2.7421196015262046,0.003052205501948929
lprof,linv+def,8,158,0.9457492519049449,3.2776993909203935,0.0005232839296343748
lnos,linv+def,8,158,0.9992379809629763,2.7738461077222594,0.0027698938612154902
