soc18,TOT_EMP,jz,soc10,n10,isco,nisco,emp
11-1011,199240,5.0,11-1011,1,1112,3.0,66413.33333333333
11-1011,199240,5.0,11-1011,1,1113,3.0,66413.33333333333
11-1011,199240,5.0,11-1011,1,1120,3.0,66413.33333333333
11-1021,3376680,4.0,11-1021,1,1112,7.0,482382.85714285716
11-1021,3376680,4.0,11-1021,1,1114,7.0,482382.85714285716
11-1021,3376680,4.0,11-1021,1,1120,7.0,482382.85714285716
11-1021,3376680,4.0,11-1021,1,1343,7.0,482382.85714285716
11-1021,3376680,4.0,11-1021,1,1346,7.0,482382.85714285716
11-1021,3376680,4.0,11-1021,1,1420,7.0,482382.85714285716
11-1021,3376680,4.0,11-1021,1,5221,7.0,482382.85714285716
11-1031,42890,4.0,11-1031,1,1111,2.0,21445.0
11-1031,42890,4.0,11-1031,1,1113,2.0,21445.0
11-2011,22010,4.0,11-2011,1,1222,1.0,22010.0
11-2021,328570,4.0,11-2021,1,1221,1.0,328570.0
11-2022,536390,4.0,11-2022,1,1221,1.0,536390.0
11-2032,64280,4.0,11-2031,1,1114,3.0,21426.666666666668
11-2032,64280,4.0,11-2031,1,1219,3.0,21426.666666666668
11-2032,64280,4.0,11-2031,1,1222,3.0,21426.666666666668
11-2033,26240,4.0,11-2031,1,1114,3.0,8746.666666666666
11-2033,26240,4.0,11-2031,1,1219,3.0,8746.666666666666
11-2033,26240,4.0,11-2031,1,1222,3.0,8746.666666666666
11-3012,236570,3.0,11-3011,1,1219,1.0,236570.0
11-3013,116980,3.5,11-3011,1,1219,1.0,116980.0
11-3021,533220,4.0,11-3021,1,1330,1.0,533220.0
11-3031,740780,4.333333333333333,11-3031,1,1211,2.0,370390.0
11-3031,740780,4.333333333333333,11-3031,1,1346,2.0,370390.0
11-3051,211710,3.6666666666666665,11-3051,1,1321,1.0,211710.0
11-3061,75070,4.0,11-3061,1,1219,1.0,75070.0
11-3071,169910,4.0,11-3071,1,1324,1.0,169910.0
11-3111,16850,4.0,11-3111,1,1212,1.0,16850.0
11-3121,181360,4.0,11-3121,1,1212,1.0,181360.0
11-3131,39550,4.0,11-3131,1,1212,1.0,39550.0
11-9013,6250,4.0,11-9013,1,1311,2.0,3125.0
11-9013,6250,4.0,11-9013,1,1312,2.0,3125.0
11-9021,303220,4.0,11-9021,1,1323,2.0,151610.0
11-9021,303220,4.0,11-9021,1,7111,2.0,151610.0
11-9031,60010,4.0,11-9031,1,1341,1.0,60010.0
11-9032,285910,5.0,11-9032,1,1345,1.0,285910.0
11-9033,167060,5.0,11-9033,1,1345,1.0,167060.0
11-9039,50180,,11-9039,1,1345,1.0,50180.0
11-9041,197180,4.5,11-9041,1,1223,1.0,197180.0
11-9051,231100,2.0,11-9051,1,1412,1.0,231100.0
11-9071,4800,2.0,11-9071,1,1431,1.0,4800.0
11-9072,22950,4.0,11-9199,1,1114,7.0,3278.5714285714284
11-9072,22950,4.0,11-9199,1,1213,7.0,3278.5714285714284
11-9072,22950,4.0,11-9199,1,1219,7.0,3278.5714285714284
11-9072,22950,4.0,11-9199,1,1322,7.0,3278.5714285714284
11-9072,22950,4.0,11-9199,1,1349,7.0,3278.5714285714284
11-9072,22950,4.0,11-9199,1,1431,7.0,3278.5714285714284
11-9072,22950,4.0,11-9199,1,1439,7.0,3278.5714285714284
11-9081,39870,4.0,11-9081,1,1411,1.0,39870.0
11-9111,476750,4.0,11-9111,1,1342,2.0,238375.0
11-9111,476750,4.0,11-9111,1,1343,2.0,238375.0
11-9121,82570,4.333333333333333,11-9121,1,1223,1.0,82570.0
11-9131,13460,2.0,11-9131,1,1219,1.0,13460.0
11-9141,261120,4.0,11-9141,1,3334,1.0,261120.0
11-9151,162880,4.0,11-9151,1,1344,1.0,162880.0
11-9161,11290,4.0,11-9161,1,1112,1.0,11290.0
11-9171,13680,3.0,11-9061,1,1219,1.0,13680.0
11-9179,8840,3.5,11-9199,1,1114,7.0,1262.857142857143
11-9179,8840,3.5,11-9199,1,1213,7.0,1262.857142857143
11-9179,8840,3.5,11-9199,1,1219,7.0,1262.857142857143
11-9179,8840,3.5,11-9199,1,1322,7.0,1262.857142857143
11-9179,8840,3.5,11-9199,1,1349,7.0,1262.857142857143
11-9179,8840,3.5,11-9199,1,1431,7.0,1262.857142857143
11-9179,8840,3.5,11-9199,1,1439,7.0,1262.857142857143
11-9199,543290,3.8333333333333335,11-9199,1,1114,7.0,77612.85714285714
11-9199,543290,3.8333333333333335,11-9199,1,1213,7.0,77612.85714285714
11-9199,543290,3.8333333333333335,11-9199,1,1219,7.0,77612.85714285714
11-9199,543290,3.8333333333333335,11-9199,1,1322,7.0,77612.85714285714
11-9199,543290,3.8333333333333335,11-9199,1,1349,7.0,77612.85714285714
11-9199,543290,3.8333333333333335,11-9199,1,1431,7.0,77612.85714285714
11-9199,543290,3.8333333333333335,11-9199,1,1439,7.0,77612.85714285714
13-1011,13130,4.0,13-1011,1,,1.0,13130.0
13-1020,464880,,,1,,,
13-1031,285270,4.0,13-1031,1,3315,1.0,285270.0
13-1032,11430,3.0,13-1032,1,3315,1.0,11430.0
13-1041,359640,3.4285714285714284,13-1041,1,3351,3.0,119880.0
13-1041,359640,3.4285714285714284,13-1041,1,3353,3.0,119880.0
13-1041,359640,3.4285714285714284,13-1041,1,3354,3.0,119880.0
13-1051,225310,4.0,13-1051,1,3339,1.0,225310.0
13-1071,835360,4.0,13-1071,1,2423,2.0,417680.0
13-1071,835360,4.0,13-1071,1,3333,2.0,417680.0
13-1074,550,2.0,13-1074,1,,1.0,550.0
13-1075,62200,4.0,13-1075,1,,1.0,62200.0
13-1081,202970,4.0,13-1081,1,2421,1.0,202970.0
13-1082,843910,4.0,11-9199,3,1114,7.0,40186.19047619047
13-1082,843910,4.0,11-9199,3,1213,7.0,40186.19047619047
13-1082,843910,4.0,11-9199,3,1219,7.0,40186.19047619047
13-1082,843910,4.0,11-9199,3,1322,7.0,40186.19047619047
13-1082,843910,4.0,11-9199,3,1349,7.0,40186.19047619047
13-1082,843910,4.0,11-9199,3,1431,7.0,40186.19047619047
13-1082,843910,4.0,11-9199,3,1439,7.0,40186.19047619047
13-1082,843910,4.0,13-1199,3,2422,2.0,140651.66666666666
13-1082,843910,4.0,13-1199,3,3339,2.0,140651.66666666666
13-1082,843910,4.0,15-1199,3,2519,2.0,140651.66666666666
13-1082,843910,4.0,15-1199,3,2529,2.0,140651.66666666666
13-1111,808860,4.0,13-1111,1,2421,1.0,808860.0
13-1121,112070,4.0,13-1121,1,3332,1.0,112070.0
13-1131,94630,4.0,13-1131,1,,1.0,94630.0
13-1141,93550,4.0,13-1141,1,2423,1.0,93550.0
13-1151,367180,4.0,13-1151,1,,1.0,367180.0
13-1161,798620,4.0,13-1161,1,2431,1.0,798620.0
13-1199,1081230,4.0,13-1199,1,2422,2.0,540615.0
13-1199,1081230,4.0,13-1199,1,3339,2.0,540615.0
13-2011,1402420,4.0,13-2011,1,2411,1.0,1402420.0
13-2020,59970,,,1,,,
13-2031,48430,4.0,13-2031,1,2411,1.0,48430.0
13-2041,71960,4.0,13-2041,1,2413,1.0,71960.0
13-2051,291370,4.0,13-2051,1,2412,1.0,291370.0
13-2052,283060,4.0,13-2052,1,2412,1.0,283060.0
13-2053,105900,4.0,13-2053,1,3321,1.0,105900.0
13-2054,55800,4.0,13-2051,2,2412,1.0,27900.0
13-2054,55800,4.0,13-2099,2,3339,1.0,27900.0
13-2061,63370,4.0,13-2061,1,2413,1.0,63370.0
13-2071,29090,4.0,13-2071,1,,1.0,29090.0
13-2072,345550,4.0,13-2072,1,,1.0,345550.0
13-2081,50610,3.0,13-2081,1,3352,1.0,50610.0
13-2082,82370,3.0,13-2082,1,2411,1.0,82370.0
13-2099,127020,4.5,13-2099,1,3339,1.0,127020.0
15-1211,505210,4.0,15-1121,1,2511,1.0,505210.0
15-1212,163690,4.0,15-1122,1,2529,1.0,163690.0
15-1221,33780,5.0,15-1111,1,2511,1.0,33780.0
15-1231,168920,4.0,15-1152,1,,1.0,168920.0
15-1232,696830,3.0,15-1151,1,,1.0,696830.0
15-1241,173920,3.5,15-1143,1,,1.0,173920.0
15-1242,80520,4.0,15-1141,1,2521,1.0,80520.0
15-1243,62470,4.0,15-1141,2,2521,1.0,31235.0
15-1243,62470,4.0,15-1199,2,2519,2.0,15617.5
15-1243,62470,4.0,15-1199,2,2529,2.0,15617.5
15-1244,325930,4.0,15-1142,1,2522,2.0,162965.0
15-1244,325930,4.0,15-1142,1,3514,2.0,162965.0
15-1251,132740,4.0,15-1131,1,2514,1.0,132740.0
15-1252,1534790,4.0,15-1132,2,2512,1.0,767395.0
15-1252,1534790,4.0,15-1133,2,2512,1.0,767395.0
15-1253,196420,4.0,15-1132,3,2512,1.0,65473.333333333336
15-1253,196420,4.0,15-1133,3,2512,1.0,65473.333333333336
15-1253,196420,4.0,15-1199,3,2519,2.0,32736.666666666668
15-1253,196420,4.0,15-1199,3,2529,2.0,32736.666666666668
15-1254,88620,3.0,15-1134,1,,1.0,88620.0
15-1255,97350,4.0,15-1134,2,,1.0,48675.0
15-1255,97350,4.0,15-1199,2,2519,2.0,24337.5
15-1255,97350,4.0,15-1199,2,2529,2.0,24337.5
15-1299,416320,3.888888888888889,15-1199,2,2519,2.0,104080.0
15-1299,416320,3.888888888888889,15-1199,2,2529,2.0,104080.0
15-1299,416320,3.888888888888889,43-9011,2,3511,1.0,208160.0
15-2011,25010,4.0,15-2011,1,2120,1.0,25010.0
15-2021,2070,5.0,15-2021,1,2120,1.0,2070.0
15-2031,105080,5.0,15-2031,1,2120,1.0,105080.0
15-2041,30780,5.0,15-2041,1,2120,1.0,30780.0
15-2051,159630,4.0,15-2099,1,3314,1.0,159630.0
15-2099,3840,4.0,15-2091,2,3314,1.0,1920.0
15-2099,3840,4.0,15-2099,2,3314,1.0,1920.0
17-1011,107490,5.0,17-1011,1,2161,1.0,107490.0
17-1012,18120,4.0,17-1012,1,2162,1.0,18120.0
17-1021,13270,4.0,17-1021,1,2165,1.0,13270.0
17-1022,47770,4.0,17-1022,1,2165,1.0,47770.0
17-2011,61580,4.0,17-2011,1,,1.0,61580.0
17-2021,1500,4.0,17-2021,1,2144,1.0,1500.0
17-2031,19210,4.0,17-2031,1,2149,1.0,19210.0
17-2041,20380,4.0,17-2041,1,2145,1.0,20380.0
17-2051,307570,4.0,17-2051,1,,1.0,307570.0
17-2061,74640,4.0,17-2061,1,,1.0,74640.0
17-2071,182210,4.0,17-2071,1,2151,1.0,182210.0
17-2072,106640,4.0,17-2072,1,2153,1.0,106640.0
17-2081,45440,4.0,17-2081,1,2143,1.0,45440.0
17-2111,21520,4.0,17-2111,1,,1.0,21520.0
17-2112,321400,4.25,17-2112,1,2141,1.0,321400.0
17-2121,7450,4.0,17-2121,1,,1.0,7450.0
17-2131,21510,4.0,17-2131,1,2146,2.0,10755.0
17-2131,21510,4.0,17-2131,1,2149,2.0,10755.0
17-2141,277560,4.0,17-2141,1,,1.0,277560.0
17-2151,7390,4.0,17-2151,1,2146,1.0,7390.0
17-2161,12250,4.0,17-2161,1,2149,1.0,12250.0
17-2171,20540,4.0,17-2171,1,2146,1.0,20540.0
17-2199,150420,4.25,17-2199,1,2149,1.0,150420.0
17-3011,105960,3.0,17-3011,1,3118,1.0,105960.0
17-3012,20930,3.0,17-3012,1,3118,1.0,20930.0
17-3013,47540,3.0,17-3013,1,3118,1.0,47540.0
17-3019,17980,,17-3019,1,3118,1.0,17980.0
17-3021,9750,3.0,17-3021,1,3115,1.0,9750.0
17-3022,62350,3.0,17-3022,1,3112,1.0,62350.0
17-3023,99050,3.0,17-3023,1,3113,4.0,24762.5
17-3023,99050,3.0,17-3023,1,3114,4.0,24762.5
17-3023,99050,3.0,17-3023,1,3155,4.0,24762.5
17-3023,99050,3.0,17-3023,1,3522,4.0,24762.5
17-3024,14540,3.0,17-3024,1,3113,2.0,7270.0
17-3024,14540,3.0,17-3024,1,3115,2.0,7270.0
17-3025,13400,4.0,17-3025,1,3119,1.0,13400.0
17-3026,66560,3.5,17-3026,1,3119,1.0,66560.0
17-3027,39610,3.0,17-3027,1,3115,1.0,39610.0
17-3028,10790,3.0,17-3029,1,3115,4.0,2697.5
17-3028,10790,3.0,17-3029,1,3116,4.0,2697.5
17-3028,10790,3.0,17-3029,1,3117,4.0,2697.5
17-3028,10790,3.0,17-3029,1,3119,4.0,2697.5
17-3029,70250,2.5,17-3029,2,3115,4.0,8781.25
17-3029,70250,2.5,17-3029,2,3116,4.0,8781.25
17-3029,70250,2.5,17-3029,2,3117,4.0,8781.25
17-3029,70250,2.5,17-3029,2,3119,4.0,8781.25
17-3029,70250,2.5,55-3017,2,,1.0,35125.0
17-3031,56580,3.0,17-3031,1,,1.0,56580.0
19-1011,2520,5.0,19-1011,1,2131,1.0,2520.0
19-1012,14720,4.0,19-1012,1,2131,1.0,14720.0
19-1013,16010,5.0,19-1013,1,2131,2.0,8005.0
19-1013,16010,5.0,19-1013,1,2132,2.0,8005.0
19-1021,32500,5.0,19-1021,1,2131,1.0,32500.0
19-1022,19710,4.0,19-1022,1,2131,1.0,19710.0
19-1023,17410,4.0,19-1023,1,2131,1.0,17410.0
19-1029,55300,5.0,19-1029,1,2131,1.0,55300.0
19-1031,22880,4.0,19-1031,1,,1.0,22880.0
19-1032,9430,4.0,19-1032,1,2132,1.0,9430.0
19-1041,9430,5.0,19-1041,1,2131,1.0,9430.0
19-1042,110550,5.0,19-1042,1,2131,1.0,110550.0
19-1099,8320,,19-1099,1,2131,1.0,8320.0
19-2011,2160,5.0,19-2011,1,2111,1.0,2160.0
19-2012,18840,5.0,19-2012,1,2111,1.0,18840.0
19-2021,9900,4.0,19-2021,1,2112,1.0,9900.0
19-2031,83940,4.0,19-2031,1,2113,1.0,83940.0
19-2032,7620,4.0,19-2032,1,2113,2.0,3810.0
19-2032,7620,4.0,19-2032,1,2146,2.0,3810.0
19-2041,77270,4.75,19-2041,1,,1.0,77270.0
19-2042,25230,5.0,19-2042,1,2114,1.0,25230.0
19-2043,6270,5.0,19-2043,1,2114,1.0,6270.0
19-2099,19820,4.0,19-2099,1,0211,1.0,19820.0
19-3011,16370,5.0,19-3011,1,2631,1.0,16370.0
19-3022,7880,5.0,19-3022,1,2120,1.0,7880.0
19-3032,1280,5.0,19-3032,1,2634,1.0,1280.0
19-3033,62880,5.0,19-3031,1,2634,1.0,62880.0
19-3034,60250,5.0,19-3031,1,2634,1.0,60250.0
19-3039,13900,5.0,19-3039,1,2634,1.0,13900.0
19-3041,2980,5.0,19-3041,1,2632,1.0,2980.0
19-3051,39880,5.0,19-3051,1,2164,1.0,39880.0
19-3091,7350,5.0,19-3091,1,2632,1.0,7350.0
19-3092,1360,4.0,19-3092,1,2632,1.0,1360.0
19-3093,3120,5.0,19-3093,1,2633,1.0,3120.0
19-3094,5660,5.0,19-3094,1,2633,1.0,5660.0
19-3099,33210,4.0,19-3099,1,2633,1.0,33210.0
19-4012,13140,3.0,19-4011,1,3142,1.0,13140.0
19-4013,14350,3.0,19-4011,1,3142,1.0,14350.0
19-4021,73710,4.0,19-4021,1,,1.0,73710.0
19-4031,56030,3.0,19-4031,1,3111,1.0,56030.0
19-4042,33920,4.0,19-4091,1,3141,1.0,33920.0
19-4043,9170,4.0,19-4041,1,3111,2.0,4585.0
19-4043,9170,4.0,19-4041,1,3117,2.0,4585.0
19-4044,2920,3.0,19-4041,2,3111,2.0,730.0
19-4044,2920,3.0,19-4041,2,3117,2.0,730.0
19-4044,2920,3.0,19-4099,2,3111,2.0,730.0
19-4044,2920,3.0,19-4099,2,3119,2.0,730.0
19-4051,5880,3.0,19-4051,1,3119,1.0,5880.0
19-4061,28720,4.0,19-4061,1,3314,1.0,28720.0
19-4071,29120,3.0,19-4093,1,3143,1.0,29120.0
19-4092,17590,3.0,19-4092,1,,1.0,17590.0
19-4099,70770,3.5,19-4099,1,3111,2.0,35385.0
19-4099,70770,3.5,19-4099,1,3119,2.0,35385.0
19-5011,109430,4.0,29-9011,1,,1.0,109430.0
19-5012,23670,3.0,29-9012,1,3257,1.0,23670.0
21-1012,308000,5.0,21-1012,1,,1.0,308000.0
21-1013,62080,5.0,21-1013,1,,1.0,62080.0
21-1015,82420,4.0,21-1015,1,,1.0,82420.0
21-1018,344970,,,1,,,
21-1019,37270,,21-1019,1,2635,1.0,37270.0
21-1021,344770,4.0,21-1021,1,2635,1.0,344770.0
21-1022,182420,5.0,21-1022,1,2635,1.0,182420.0
21-1023,107940,5.0,21-1023,1,2635,1.0,107940.0
21-1029,54620,,21-1029,1,2635,1.0,54620.0
21-1091,56190,4.0,21-1091,1,2263,1.0,56190.0
21-1092,89920,4.0,21-1092,1,2635,1.0,89920.0
21-1093,399560,4.0,21-1093,1,3412,1.0,399560.0
21-1094,61300,4.0,21-1094,1,,1.0,61300.0
21-1099,94270,,21-1099,1,2635,1.0,94270.0
21-2011,53140,5.0,21-2011,1,2636,1.0,53140.0
21-2021,24030,4.0,21-2021,1,,1.0,24030.0
21-2099,10720,,21-2099,1,3413,1.0,10720.0
23-1011,707160,5.0,23-1011,1,2611,1.0,707160.0
23-1012,15540,5.0,23-1012,1,3411,1.0,15540.0
23-1021,12490,5.0,23-1021,1,2612,1.0,12490.0
23-1022,7780,5.0,23-1022,1,2619,1.0,7780.0
23-1023,28230,5.0,23-1023,1,2612,1.0,28230.0
23-2011,345240,3.0,23-2011,1,3411,1.0,345240.0
23-2093,53680,2.0,23-2093,1,3411,1.0,53680.0
23-2099,46480,,23-2099,1,3411,1.0,46480.0
25-1011,78410,5.0,25-1011,1,2310,1.0,78410.0
25-1021,33870,5.0,25-1021,1,2310,1.0,33870.0
25-1022,46560,5.0,25-1022,1,2310,1.0,46560.0
25-1031,6420,5.0,25-1031,1,2310,1.0,6420.0
25-1032,36010,5.0,25-1032,1,2310,1.0,36010.0
25-1041,8240,5.0,25-1041,1,2310,1.0,8240.0
25-1042,49920,5.0,25-1042,1,2310,1.0,49920.0
25-1043,1270,5.0,25-1043,1,2310,1.0,1270.0
25-1051,11150,5.0,25-1051,1,2310,1.0,11150.0
25-1052,20650,5.0,25-1052,1,2310,1.0,20650.0
25-1053,6240,5.0,25-1053,1,2310,1.0,6240.0
25-1054,12860,5.0,25-1054,1,2310,1.0,12860.0
25-1061,4930,5.0,25-1061,1,2310,1.0,4930.0
25-1062,9340,5.0,25-1062,1,2310,1.0,9340.0
25-1063,11640,5.0,25-1063,1,2310,1.0,11640.0
25-1064,3340,5.0,25-1064,1,2310,1.0,3340.0
25-1065,15190,5.0,25-1065,1,2310,1.0,15190.0
25-1066,40050,5.0,25-1066,1,2310,1.0,40050.0
25-1067,12030,5.0,25-1067,1,2310,1.0,12030.0
25-1069,16200,,25-1069,1,2310,1.0,16200.0
25-1071,207700,5.0,25-1071,1,2310,1.0,207700.0
25-1072,69190,5.0,25-1072,1,2310,1.0,69190.0
25-1081,58280,5.0,25-1081,1,2310,1.0,58280.0
25-1082,4330,5.0,25-1082,1,2310,1.0,4330.0
25-1111,13900,5.0,25-1111,1,2310,1.0,13900.0
25-1112,14830,5.0,25-1112,1,2310,1.0,14830.0
25-1113,12050,5.0,25-1113,1,2310,1.0,12050.0
25-1121,97830,5.0,25-1121,1,2310,1.0,97830.0
25-1122,27350,5.0,25-1122,1,2310,1.0,27350.0
25-1123,57680,5.0,25-1123,1,2310,1.0,57680.0
25-1124,19520,5.0,25-1124,1,2310,1.0,19520.0
25-1125,18250,5.0,25-1125,1,2310,1.0,18250.0
25-1126,21620,5.0,25-1126,1,2310,1.0,21620.0
25-1192,2420,5.0,25-1192,1,2310,1.0,2420.0
25-1193,13400,5.0,25-1193,1,2310,1.0,13400.0
25-1194,103100,3.0,25-1194,1,2320,1.0,103100.0
25-1199,214520,,25-1199,1,2310,1.0,214520.0
25-2011,415360,3.0,25-2011,1,2342,1.0,415360.0
25-2012,119250,4.0,25-2012,1,2342,1.0,119250.0
25-2021,1394200,4.0,25-2021,1,2341,1.0,1394200.0
25-2022,611120,4.0,25-2022,1,2341,1.0,611120.0
25-2023,11110,4.0,25-2023,1,,1.0,11110.0
25-2031,1042090,4.0,25-2031,1,2330,1.0,1042090.0
25-2032,88280,4.0,25-2032,1,2320,1.0,88280.0
25-2051,22970,5.0,25-2051,1,2352,1.0,22970.0
25-2052,195010,,,1,,,
25-2057,82970,4.0,25-2053,1,2352,1.0,82970.0
25-2058,152490,4.0,25-2054,1,2352,1.0,152490.0
25-2059,42780,5.0,25-2059,1,,1.0,42780.0
25-3011,36490,4.0,25-3011,1,2353,1.0,36490.0
25-3021,248150,3.0,25-3021,1,2353,3.0,82716.66666666667
25-3021,248150,3.0,25-3021,1,2354,3.0,82716.66666666667
25-3021,248150,3.0,25-3021,1,2355,3.0,82716.66666666667
25-3031,397200,4.0,25-3099,1,2359,1.0,397200.0
25-3041,174980,3.0,25-3099,1,2359,1.0,174980.0
25-3099,120480,,25-3099,1,2359,1.0,120480.0
25-4011,7230,5.0,25-4011,1,2621,1.0,7230.0
25-4012,11620,5.0,25-4012,1,2621,1.0,11620.0
25-4013,12240,4.0,25-4013,1,,1.0,12240.0
25-4022,131680,5.0,25-4021,2,2622,1.0,65840.0
25-4022,131680,5.0,25-9011,2,2622,1.0,65840.0
25-4031,73330,3.0,25-4031,1,,1.0,73330.0
25-9021,8220,5.0,25-9021,1,2132,1.0,8220.0
25-9031,198660,5.0,25-9031,1,2351,1.0,198660.0
25-9044,135160,5.0,25-1191,1,2310,1.0,135160.0
25-9045,1254240,,,1,,,
25-9099,129170,,25-9099,1,2359,1.0,129170.0
27-1011,54470,4.0,27-1011,1,2654,1.0,54470.0
27-1012,4760,3.0,27-1012,1,2651,1.0,4760.0
27-1013,12080,3.0,27-1013,1,2651,1.0,12080.0
27-1014,35990,4.0,27-1014,1,,1.0,35990.0
27-1019,7510,,27-1019,1,,1.0,7510.0
27-1021,30450,4.0,27-1021,1,2163,1.0,30450.0
27-1022,20560,3.0,27-1022,1,,1.0,20560.0
27-1023,42840,2.0,27-1023,1,,1.0,42840.0
27-1024,211890,4.0,27-1024,1,2166,1.0,211890.0
27-1025,64290,4.0,27-1025,1,3432,1.0,64290.0
27-1026,173110,3.0,27-1026,1,,1.0,173110.0
27-1027,9490,5.0,27-1027,1,3432,1.0,9490.0
27-1029,11180,,27-1029,1,2163,1.0,11180.0
27-2011,54160,2.0,27-2011,1,2655,1.0,54160.0
27-2012,153770,4.0,27-2012,1,,1.0,153770.0
27-2021,11930,2.0,27-2021,1,3421,1.0,11930.0
27-2022,218970,4.0,27-2022,1,3422,1.0,218970.0
27-2023,12720,2.0,27-2023,1,3422,1.0,12720.0
27-2031,8930,3.0,27-2031,1,2653,1.0,8930.0
27-2032,5400,3.0,27-2032,1,2653,1.0,5400.0
27-2041,11690,4.0,27-2041,1,2652,1.0,11690.0
27-2042,31750,4.0,27-2042,1,2652,1.0,31750.0
27-2091,5640,2.0,27-2099,1,2659,3.0,1880.0
27-2091,5640,2.0,27-2099,1,3435,3.0,1880.0
27-2091,5640,2.0,27-2099,1,5161,3.0,1880.0
27-2099,11640,,27-2099,1,2659,3.0,3880.0
27-2099,11640,,27-2099,1,3435,3.0,3880.0
27-2099,11640,,27-2099,1,5161,3.0,3880.0
27-3011,26820,4.0,27-3011,1,2656,1.0,26820.0
27-3023,44530,4.0,27-3021,2,2656,1.0,22265.0
27-3023,44530,4.0,27-3022,2,2642,1.0,22265.0
27-3031,264750,4.0,27-3031,1,,1.0,264750.0
27-3041,101430,4.0,27-3041,1,,1.0,101430.0
27-3042,48620,4.0,27-3042,1,2641,1.0,48620.0
27-3043,54010,4.0,27-3043,1,2641,1.0,54010.0
27-3091,52160,4.0,27-3091,1,2643,1.0,52160.0
27-3092,14240,3.0,23-2091,1,3343,1.0,14240.0
27-3099,23780,,27-3012,2,2656,1.0,11890.0
27-3099,23780,,27-3099,2,3435,1.0,11890.0
27-4011,56110,3.0,27-4011,1,3521,1.0,56110.0
27-4012,33020,3.0,27-4012,1,,1.0,33020.0
27-4014,13420,3.0,27-4014,1,,1.0,13420.0
27-4015,8540,3.0,27-4099,1,,1.0,8540.0
27-4021,47380,3.0,27-4021,1,3431,1.0,47380.0
27-4031,22970,3.0,27-4031,1,3521,1.0,22970.0
27-4032,32080,4.0,27-4032,1,,1.0,32080.0
27-4099,14300,,27-4099,1,,1.0,14300.0
29-1011,37740,5.0,29-1011,1,,1.0,37740.0
29-1021,120740,5.0,29-1021,1,2261,1.0,120740.0
29-1022,4290,5.0,29-1022,1,2261,1.0,4290.0
29-1023,6310,5.0,29-1023,1,2261,1.0,6310.0
29-1029,5250,,29-1029,1,2261,1.0,5250.0
29-1031,69880,5.0,29-1031,1,2265,1.0,69880.0
29-1041,40640,5.0,29-1041,1,2267,1.0,40640.0
29-1051,325480,5.0,29-1051,1,2262,1.0,325480.0
29-1071,140910,5.0,29-1071,1,2240,1.0,140910.0
29-1081,9320,5.0,29-1081,1,,1.0,9320.0
29-1122,134980,5.0,29-1122,1,2269,1.0,134980.0
29-1123,229740,5.0,29-1123,1,2264,1.0,229740.0
29-1124,15510,3.0,29-1124,1,3211,1.0,15510.0
29-1125,15920,4.0,29-1125,1,,1.0,15920.0
29-1126,129910,3.0,29-1126,1,,1.0,129910.0
29-1127,162760,5.0,29-1127,1,2266,1.0,162760.0
29-1128,6580,4.0,29-1128,1,2264,1.0,6580.0
29-1129,16920,4.5,29-1129,1,,1.0,16920.0
29-1131,78810,5.0,29-1131,1,2250,1.0,78810.0
29-1141,3072700,4.2,29-1141,1,2221,1.0,3072700.0
29-1151,46540,5.0,29-1151,1,2221,1.0,46540.0
29-1161,7950,5.0,29-1161,1,,1.0,7950.0
29-1171,258230,5.0,29-1171,1,,1.0,258230.0
29-1181,13940,5.0,29-1181,1,2266,1.0,13940.0
29-1211,37430,5.0,29-1061,1,2212,1.0,37430.0
29-1212,16870,5.0,29-1069,1,2211,2.0,8435.0
29-1212,16870,5.0,29-1069,1,2212,2.0,8435.0
29-1213,11640,5.0,29-1069,1,2211,2.0,5820.0
29-1213,11640,5.0,29-1069,1,2212,2.0,5820.0
29-1214,29260,5.0,29-1069,1,2211,2.0,14630.0
29-1214,29260,5.0,29-1069,1,2212,2.0,14630.0
29-1215,100940,5.0,29-1062,1,2211,1.0,100940.0
29-1216,67220,5.0,29-1063,1,,1.0,67220.0
29-1217,11340,5.0,29-1069,1,2211,2.0,5670.0
29-1217,11340,5.0,29-1069,1,2212,2.0,5670.0
29-1218,21450,5.0,29-1064,1,,1.0,21450.0
29-1221,33430,5.0,29-1065,1,2211,1.0,33430.0
29-1222,12320,5.0,29-1069,1,2211,2.0,6160.0
29-1222,12320,5.0,29-1069,1,2212,2.0,6160.0
29-1223,26500,5.0,29-1066,1,,1.0,26500.0
29-1224,29250,5.0,29-1069,1,2211,2.0,14625.0
29-1224,29250,5.0,29-1069,1,2212,2.0,14625.0
29-1229,305260,5.0,29-1069,1,2211,2.0,152630.0
29-1229,305260,5.0,29-1069,1,2212,2.0,152630.0
29-1241,12580,5.0,29-1069,1,2211,2.0,6290.0
29-1241,12580,5.0,29-1069,1,2212,2.0,6290.0
29-1242,19060,5.0,29-1067,1,,1.0,19060.0
29-1243,780,5.0,29-1067,1,,1.0,780.0
29-1249,25910,,29-1067,1,,1.0,25910.0
29-1291,7800,5.0,29-1199,1,,1.0,7800.0
29-1292,214700,3.0,29-2021,1,3251,1.0,214700.0
29-1299,30080,5.0,29-1199,1,,1.0,30080.0
29-2010,333600,,,1,,,
29-2031,55750,3.0,29-2031,1,3259,1.0,55750.0
29-2032,81080,3.0,29-2032,1,3211,1.0,81080.0
29-2033,16910,3.0,29-2033,1,3211,1.0,16910.0
29-2034,215820,3.0,29-2034,1,3211,1.0,215820.0
29-2035,38380,3.0,29-2035,1,,1.0,38380.0
29-2036,3190,4.0,29-2099,1,3259,1.0,3190.0
29-2042,167720,3.0,29-2041,1,,1.0,167720.0
29-2043,95440,3.0,29-2041,1,,1.0,95440.0
29-2051,19690,3.0,29-2051,1,3259,1.0,19690.0
29-2052,453630,3.0,29-2052,1,3213,1.0,453630.0
29-2053,100950,3.0,29-2053,1,3259,1.0,100950.0
29-2055,107400,3.0,29-2055,1,3259,1.0,107400.0
29-2056,118750,3.0,29-2056,1,3240,1.0,118750.0
29-2057,66060,3.0,29-2057,1,3256,1.0,66060.0
29-2061,632020,3.0,29-2061,1,3221,1.0,632020.0
29-2072,187720,3.0,29-2071,1,,1.0,187720.0
29-2081,73460,3.0,29-2081,1,3254,1.0,73460.0
29-2091,9150,5.0,29-2091,1,,1.0,9150.0
29-2092,10080,3.0,29-2092,1,,1.0,10080.0
29-2099,162800,3.0,29-2054,2,3259,1.0,81400.0
29-2099,162800,3.0,29-2099,2,3259,1.0,81400.0
29-9021,35500,3.0,29-2071,2,,1.0,17750.0
29-9021,35500,3.0,29-9099,2,3222,3.0,5916.666666666667
29-9021,35500,3.0,29-9099,2,3230,3.0,5916.666666666667
29-9021,35500,3.0,29-9099,2,3259,3.0,5916.666666666667
29-9091,29720,5.0,29-9091,1,3423,1.0,29720.0
29-9092,3220,5.0,29-9092,1,,1.0,3220.0
29-9093,18650,3.0,29-9099,1,3222,3.0,6216.666666666667
29-9093,18650,3.0,29-9099,1,3230,3.0,6216.666666666667
29-9093,18650,3.0,29-9099,1,3259,3.0,6216.666666666667
29-9099,41130,5.0,29-9099,1,3222,3.0,13710.0
29-9099,41130,5.0,29-9099,1,3230,3.0,13710.0
29-9099,41130,5.0,29-9099,1,3259,3.0,13710.0
31-1120,3504230,,,1,,,
31-1131,1310090,3.0,31-1014,1,,1.0,1310090.0
31-1132,44790,2.0,31-1015,1,,1.0,44790.0
31-1133,30590,2.0,31-1013,1,,1.0,30590.0
31-2011,43810,3.0,31-2011,1,3259,1.0,43810.0
31-2012,3710,3.0,31-2012,1,5329,1.0,3710.0
31-2021,97740,3.0,31-2021,1,3255,1.0,97740.0
31-2022,42800,2.0,31-2022,1,,1.0,42800.0
31-9011,86270,3.0,31-9011,1,,1.0,86270.0
31-9091,363880,3.0,31-9091,1,3251,2.0,181940.0
31-9091,363880,3.0,31-9091,1,5329,2.0,181940.0
31-9092,752460,3.0,31-9092,1,3256,1.0,752460.0
31-9093,63890,2.0,31-9093,1,,1.0,63890.0
31-9094,48680,3.0,31-9094,1,3344,1.0,48680.0
31-9095,43230,2.0,31-9095,1,,1.0,43230.0
31-9096,111880,2.0,31-9096,1,3240,2.0,55940.0
31-9096,111880,2.0,31-9096,1,5164,2.0,55940.0
31-9097,137090,3.0,31-9097,1,,1.0,137090.0
31-9099,107170,2.5,31-9099,1,3259,2.0,53585.0
31-9099,107170,2.5,31-9099,1,5329,2.0,53585.0
33-1011,55900,3.0,33-1011,1,5413,1.0,55900.0
33-1012,131860,2.0,33-1012,1,3351,3.0,43953.333333333336
33-1012,131860,2.0,33-1012,1,3355,3.0,43953.333333333336
33-1012,131860,2.0,33-1012,1,5412,3.0,43953.333333333336
33-1021,84040,3.0,33-1021,1,3112,3.0,28013.333333333332
33-1021,84040,3.0,33-1021,1,3119,3.0,28013.333333333332
33-1021,84040,3.0,33-1021,1,5411,3.0,28013.333333333332
33-1091,59520,2.0,33-1099,1,5414,2.0,29760.0
33-1091,59520,2.0,33-1099,1,5419,2.0,29760.0
33-1099,23340,,33-1099,1,5414,2.0,11670.0
33-1099,23340,,33-1099,1,5419,2.0,11670.0
33-2011,321450,3.0,33-2011,1,5411,1.0,321450.0
33-2021,14510,3.0,33-2021,1,3112,2.0,7255.0
33-2021,14510,3.0,33-2021,1,3119,2.0,7255.0
33-2022,2290,3.0,33-2022,1,3119,1.0,2290.0
33-3011,16470,3.0,33-3011,1,,1.0,16470.0
33-3012,363250,2.0,33-3012,1,5413,1.0,363250.0
33-3021,107400,3.3333333333333335,33-3021,1,3355,1.0,107400.0
33-3031,6530,4.0,33-3031,1,5419,1.0,6530.0
33-3041,8150,2.0,33-3041,1,5419,1.0,8150.0
33-3051,655890,3.0,33-3051,1,3351,2.0,327945.0
33-3051,655890,3.0,33-3051,1,5412,2.0,327945.0
33-3052,3370,3.0,33-3052,1,5412,1.0,3370.0
33-9011,11490,2.0,33-9011,1,,1.0,11490.0
33-9021,32050,3.0,33-9021,1,3411,1.0,32050.0
33-9031,10500,2.0,33-9031,1,3411,2.0,5250.0
33-9031,10500,2.0,33-9031,1,5414,2.0,5250.0
33-9032,1124890,2.0,33-9032,1,5414,1.0,1124890.0
33-9091,91270,2.0,33-9091,1,5419,1.0,91270.0
33-9092,107930,2.0,33-9092,1,5419,1.0,107930.0
33-9093,47550,2.0,33-9093,1,,1.0,47550.0
33-9094,64100,2.0,33-9099,1,5419,1.0,64100.0
33-9099,93840,2.0,33-9099,1,5419,1.0,93840.0
35-1011,160190,3.0,35-1011,1,3434,1.0,160190.0
35-1012,1169620,2.0,35-1012,1,3434,2.0,584810.0
35-1012,1169620,2.0,35-1012,1,5120,2.0,584810.0
35-2011,725590,1.0,35-2011,1,9411,1.0,725590.0
35-2012,417780,2.0,35-2012,1,5120,1.0,417780.0
35-2013,610,3.0,35-2013,1,5120,1.0,610.0
35-2014,1321480,2.0,35-2014,1,5120,1.0,1321480.0
35-2015,133290,2.0,35-2015,1,5120,2.0,66645.0
35-2015,133290,2.0,35-2015,1,9411,2.0,66645.0
35-2019,18590,,35-2019,1,5120,1.0,18590.0
35-2021,904330,2.0,35-2021,1,9412,1.0,904330.0
35-3011,613070,2.0,35-3011,1,5132,1.0,613070.0
35-3023,3325050,1.0,35-3021,2,5246,1.0,1662525.0
35-3023,3325050,1.0,35-3022,2,,1.0,1662525.0
35-3031,2122210,2.0,35-3031,1,,1.0,2122210.0
35-3041,248870,2.0,35-3041,1,5212,1.0,248870.0
35-9011,439770,1.0,35-9011,1,,1.0,439770.0
35-9021,431840,1.0,35-9021,1,9412,1.0,431840.0
35-9031,400420,2.0,35-9031,1,5169,1.0,400420.0
35-9099,81930,,35-9099,1,,1.0,81930.0
37-1011,165750,2.0,37-1011,1,,1.0,165750.0
37-1012,122910,3.0,37-1012,1,6113,2.0,61455.0
37-1012,122910,3.0,37-1012,1,7544,2.0,61455.0
37-2011,2148350,3.0,37-2011,1,5153,2.0,1074175.0
37-2011,2148350,3.0,37-2011,1,9112,2.0,1074175.0
37-2012,771390,1.0,37-2012,1,9111,2.0,385695.0
37-2012,771390,1.0,37-2012,1,9112,2.0,385695.0
37-2019,15630,,37-2019,1,7133,2.0,7815.0
37-2019,15630,,37-2019,1,9129,2.0,7815.0
37-2021,91160,2.0,37-2021,1,,1.0,91160.0
37-3011,914230,1.0,37-3011,1,9214,1.0,914230.0
37-3012,22740,2.0,37-3012,1,,1.0,22740.0
37-3013,48150,2.0,37-3013,1,,1.0,48150.0
37-3019,16050,,37-3019,1,9214,3.0,5350.0
37-3019,16050,,37-3019,1,9613,3.0,5350.0
37-3019,16050,,37-3019,1,9622,3.0,5350.0
39-1013,21900,2.0,39-1011,2,4212,1.0,10950.0
39-1013,21900,2.0,39-1012,2,4212,1.0,10950.0
39-1014,79060,2.0,39-1021,1,,1.0,79060.0
39-1022,104480,3.0,39-1021,1,,1.0,104480.0
39-2011,17710,2.0,39-2011,1,,1.0,17710.0
39-2021,256670,2.0,39-2021,1,,1.0,256670.0
39-3011,71290,2.0,39-3011,1,4212,1.0,71290.0
39-3012,7910,2.0,39-3012,1,4212,1.0,7910.0
39-3019,12260,,39-3019,1,4212,1.0,12260.0
39-3021,1900,2.0,39-3021,1,9629,1.0,1900.0
39-3031,98350,2.0,39-3031,1,9629,1.0,98350.0
39-3091,324580,1.0,39-3091,1,,1.0,324580.0
39-3092,5730,2.0,39-3092,1,3435,1.0,5730.0
39-3093,12130,2.0,39-3093,1,,1.0,12130.0
39-3099,4930,,39-3099,1,,1.0,4930.0
39-4011,3950,3.0,39-4011,1,5163,1.0,3950.0
39-4012,2930,2.0,39-9099,1,5162,3.0,976.6666666666666
39-4012,2930,2.0,39-9099,1,5169,3.0,976.6666666666666
39-4012,2930,2.0,39-9099,1,9510,3.0,976.6666666666666
39-4021,32950,2.0,39-4021,1,5163,1.0,32950.0
39-4031,23940,3.0,39-4031,1,5163,1.0,23940.0
39-5011,12690,3.0,39-5011,1,5141,1.0,12690.0
39-5012,298050,3.0,39-5012,1,5141,2.0,149025.0
39-5012,298050,3.0,39-5012,1,5142,2.0,149025.0
39-5091,2970,3.0,39-5091,1,5142,1.0,2970.0
39-5092,138020,2.0,39-5092,1,5142,1.0,138020.0
39-5093,7480,2.0,39-5093,1,5142,1.0,7480.0
39-5094,61990,3.0,39-5094,1,5142,1.0,61990.0
39-6011,26520,2.0,39-6011,1,9621,1.0,26520.0
39-6012,37600,3.0,39-6012,1,,1.0,37600.0
39-7010,41180,,,1,,,
39-9011,459460,2.0,39-9011,1,5311,1.0,459460.0
39-9031,250540,3.0,39-9031,1,3423,1.0,250540.0
39-9032,270380,4.0,39-9032,1,5169,1.0,270380.0
39-9041,86770,3.0,39-9041,1,5169,1.0,86770.0
39-9099,59310,,39-9099,1,5162,3.0,19770.0
39-9099,59310,,39-9099,1,5169,3.0,19770.0
39-9099,59310,,39-9099,1,9510,3.0,19770.0
41-1011,1097160,2.0,41-1011,1,5222,1.0,1097160.0
41-1012,237520,4.0,41-1012,1,2433,9.0,26391.11111111111
41-1012,237520,4.0,41-1012,1,2434,9.0,26391.11111111111
41-1012,237520,4.0,41-1012,1,3311,9.0,26391.11111111111
41-1012,237520,4.0,41-1012,1,3321,9.0,26391.11111111111
41-1012,237520,4.0,41-1012,1,3322,9.0,26391.11111111111
41-1012,237520,4.0,41-1012,1,3324,9.0,26391.11111111111
41-1012,237520,4.0,41-1012,1,3334,9.0,26391.11111111111
41-1012,237520,4.0,41-1012,1,3339,9.0,26391.11111111111
41-1012,237520,4.0,41-1012,1,4221,9.0,26391.11111111111
41-2011,3296040,2.0,41-2011,1,,1.0,3296040.0
41-2012,18800,2.0,41-2012,1,5230,1.0,18800.0
41-2021,370770,2.0,41-2021,1,5249,1.0,370770.0
41-2022,259280,2.0,41-2022,1,5223,1.0,259280.0
41-2031,3640040,2.0,41-2031,1,5223,1.0,3640040.0
41-3011,106560,4.0,41-3011,1,3339,1.0,106560.0
41-3021,445540,4.0,41-3021,1,3321,1.0,445540.0
41-3031,443220,4.0,41-3031,1,3311,2.0,221610.0
41-3031,443220,4.0,41-3031,1,3324,2.0,221610.0
41-3041,53180,3.0,41-3041,1,3339,2.0,26590.0
41-3041,53180,3.0,41-3041,1,4221,2.0,26590.0
41-3091,1075750,2.0,41-3099,1,,1.0,1075750.0
41-4011,290830,3.5,41-4011,1,2433,2.0,145415.0
41-4011,290830,3.5,41-4011,1,2434,2.0,145415.0
41-4012,1273400,4.0,41-4012,1,,1.0,1273400.0
41-9011,43410,2.0,41-9011,1,,1.0,43410.0
41-9012,2070,2.0,41-9012,1,5241,1.0,2070.0
41-9021,52310,4.0,41-9021,1,3334,1.0,52310.0
41-9022,193010,3.0,41-9022,1,3334,1.0,193010.0
41-9031,59700,4.0,41-9031,1,2434,1.0,59700.0
41-9041,96520,2.0,41-9041,1,5244,1.0,96520.0
41-9091,8640,1.0,41-9091,1,5211,4.0,2160.0
41-9091,8640,1.0,41-9091,1,5212,4.0,2160.0
41-9091,8640,1.0,41-9091,1,5243,4.0,2160.0
41-9091,8640,1.0,41-9091,1,9520,4.0,2160.0
41-9099,119490,,41-9099,1,,1.0,119490.0
43-1011,1495440,3.0,43-1011,1,,1.0,1495440.0
43-2011,47430,2.0,43-2011,1,,1.0,47430.0
43-2021,4030,2.0,43-2021,1,4223,1.0,4030.0
43-2099,1240,,27-4013,2,,1.0,620.0
43-2099,1240,,43-2099,2,4229,1.0,620.0
43-3011,202840,2.0,43-3011,1,4214,1.0,202840.0
43-3021,441980,3.0,43-3021,1,,1.0,441980.0
43-3031,1550750,3.0,43-3031,1,3313,2.0,775375.0
43-3031,1550750,3.0,43-3031,1,4311,2.0,775375.0
43-3041,11730,2.0,43-3041,1,4212,1.0,11730.0
43-3051,159190,3.0,43-3051,1,4313,1.0,159190.0
43-3061,63340,2.0,43-3061,1,4110,1.0,63340.0
43-3071,352440,2.0,43-3071,1,4211,1.0,352440.0
43-3099,41850,,43-3099,1,,1.0,41850.0
43-4011,42700,3.0,43-4011,1,4312,1.0,42700.0
43-4021,4970,2.0,43-4021,1,,1.0,4970.0
43-4031,159760,2.0,43-4031,1,3354,1.0,159760.0
43-4041,16290,2.0,43-4041,1,4312,1.0,16290.0
43-4051,2879840,2.0,43-4051,1,4222,1.0,2879840.0
43-4061,149760,3.0,43-4061,1,3353,1.0,149760.0
43-4071,87250,2.0,43-4071,1,4415,1.0,87250.0
43-4081,243180,2.0,43-4081,1,4224,1.0,243180.0
43-4111,168680,3.0,43-4111,1,,1.0,168680.0
43-4121,77660,2.0,43-4121,1,4411,1.0,77660.0
43-4131,242630,3.0,43-4131,1,,1.0,242630.0
43-4141,45170,3.0,43-4141,1,4312,1.0,45170.0
43-4151,113500,2.0,43-4151,1,4419,1.0,113500.0
43-4161,103680,3.0,43-4161,1,,1.0,103680.0
43-4171,1011170,2.0,43-4171,1,4225,2.0,505585.0
43-4171,1011170,2.0,43-4171,1,4226,2.0,505585.0
43-4181,119130,2.0,43-4181,1,4221,1.0,119130.0
43-4199,150590,,43-4199,1,,1.0,150590.0
43-5011,93480,2.0,43-5011,1,,1.0,93480.0
43-5021,75800,2.0,43-5021,1,4412,4.0,18950.0
43-5021,75800,2.0,43-5021,1,8321,4.0,18950.0
43-5021,75800,2.0,43-5021,1,9331,4.0,18950.0
43-5021,75800,2.0,43-5021,1,9621,4.0,18950.0
43-5031,95730,2.0,43-5031,1,5419,1.0,95730.0
43-5032,206370,2.0,43-5032,1,4323,1.0,206370.0
43-5041,20460,2.0,43-5041,1,9623,1.0,20460.0
43-5051,77690,2.0,43-5051,1,4412,1.0,77690.0
43-5052,326760,2.0,43-5052,1,4412,1.0,326760.0
43-5053,119530,2.0,43-5053,1,4412,1.0,119530.0
43-5061,389920,2.0,43-5061,1,,1.0,389920.0
43-5071,848240,2.0,43-5071,1,,1.0,848240.0
43-5111,52610,2.0,43-5111,1,4321,1.0,52610.0
43-6011,475240,3.0,43-6011,1,3343,1.0,475240.0
43-6012,159940,3.0,43-6012,1,3342,1.0,159940.0
43-6013,682630,2.0,43-6013,1,3344,1.0,682630.0
43-6014,1826710,2.0,43-6014,1,4120,1.0,1826710.0
43-9021,157380,2.0,43-9021,1,4132,1.0,157380.0
43-9022,41990,2.0,43-9022,1,4131,1.0,41990.0
43-9031,6560,3.0,43-9031,1,,1.0,6560.0
43-9041,227580,2.0,43-9041,1,,1.0,227580.0
43-9051,67750,2.0,43-9051,1,4412,1.0,67750.0
43-9061,2517350,2.0,43-9061,1,,1.0,2517350.0
43-9071,30410,2.0,43-9071,1,,1.0,30410.0
43-9081,5120,4.0,43-9081,1,4413,1.0,5120.0
43-9111,6710,4.0,43-9111,1,3314,1.0,6710.0
43-9199,174590,,43-9199,1,,1.0,174590.0
45-1011,27670,3.0,45-1011,1,6111,13.0,2128.4615384615386
45-1011,27670,3.0,45-1011,1,6112,13.0,2128.4615384615386
45-1011,27670,3.0,45-1011,1,6114,13.0,2128.4615384615386
45-1011,27670,3.0,45-1011,1,6121,13.0,2128.4615384615386
45-1011,27670,3.0,45-1011,1,6122,13.0,2128.4615384615386
45-1011,27670,3.0,45-1011,1,6123,13.0,2128.4615384615386
45-1011,27670,3.0,45-1011,1,6129,13.0,2128.4615384615386
45-1011,27670,3.0,45-1011,1,6130,13.0,2128.4615384615386
45-1011,27670,3.0,45-1011,1,6210,13.0,2128.4615384615386
45-1011,27670,3.0,45-1011,1,6221,13.0,2128.4615384615386
45-1011,27670,3.0,45-1011,1,6222,13.0,2128.4615384615386
45-1011,27670,3.0,45-1011,1,6223,13.0,2128.4615384615386
45-1011,27670,3.0,45-1011,1,6224,13.0,2128.4615384615386
45-2011,14000,2.0,45-2011,1,7515,1.0,14000.0
45-2021,1270,2.0,45-2021,1,6121,6.0,211.66666666666666
45-2021,1270,2.0,45-2021,1,6122,6.0,211.66666666666666
45-2021,1270,2.0,45-2021,1,6123,6.0,211.66666666666666
45-2021,1270,2.0,45-2021,1,6129,6.0,211.66666666666666
45-2021,1270,2.0,45-2021,1,6130,6.0,211.66666666666666
45-2021,1270,2.0,45-2021,1,6221,6.0,211.66666666666666
45-2041,23280,1.0,45-2041,1,7515,3.0,7760.0
45-2041,23280,1.0,45-2041,1,7516,3.0,7760.0
45-2041,23280,1.0,45-2041,1,7535,3.0,7760.0
45-2091,28830,1.0,45-2091,1,6111,6.0,4805.0
45-2091,28830,1.0,45-2091,1,6112,6.0,4805.0
45-2091,28830,1.0,45-2091,1,6113,6.0,4805.0
45-2091,28830,1.0,45-2091,1,6114,6.0,4805.0
45-2091,28830,1.0,45-2091,1,6130,6.0,4805.0
45-2091,28830,1.0,45-2091,1,8341,6.0,4805.0
45-2092,284000,1.0,45-2092,1,6310,5.0,56800.0
45-2092,284000,1.0,45-2092,1,6330,5.0,56800.0
45-2092,284000,1.0,45-2092,1,9211,5.0,56800.0
45-2092,284000,1.0,45-2092,1,9213,5.0,56800.0
45-2092,284000,1.0,45-2092,1,9214,5.0,56800.0
45-2093,33020,2.0,45-2093,1,6320,5.0,6604.0
45-2093,33020,2.0,45-2093,1,6330,5.0,6604.0
45-2093,33020,2.0,45-2093,1,9212,5.0,6604.0
45-2093,33020,2.0,45-2093,1,9213,5.0,6604.0
45-2093,33020,2.0,45-2093,1,9216,5.0,6604.0
45-2099,6100,,45-2099,1,9211,3.0,2033.3333333333333
45-2099,6100,,45-2099,1,9212,3.0,2033.3333333333333
45-2099,6100,,45-2099,1,9213,3.0,2033.3333333333333
45-4011,6080,2.0,45-4011,1,6210,1.0,6080.0
45-4021,4530,1.0,45-4021,1,6210,1.0,4530.0
45-4022,24780,1.0,45-4022,1,6210,2.0,12390.0
45-4022,24780,1.0,45-4022,1,8341,2.0,12390.0
45-4023,3950,2.0,45-4023,1,6210,1.0,3950.0
45-4029,3490,,45-4029,1,6210,1.0,3490.0
47-1011,720900,3.0,47-1011,1,3123,1.0,720900.0
47-2011,13570,3.0,47-2011,1,7213,1.0,13570.0
47-2021,55530,2.0,47-2021,1,7112,1.0,55530.0
47-2022,10220,3.0,47-2022,1,7113,1.0,10220.0
47-2031,689770,2.0,47-2031,1,7115,1.0,689770.0
47-2041,17400,2.0,47-2041,1,7122,1.0,17400.0
47-2042,20710,2.0,47-2042,1,7122,1.0,20710.0
47-2043,4270,1.0,47-2043,1,7122,1.0,4270.0
47-2044,40760,2.0,47-2044,1,7122,1.0,40760.0
47-2051,196730,1.0,47-2051,1,7114,1.0,196730.0
47-2053,1460,2.0,47-2053,1,7114,1.0,1460.0
47-2061,1012780,2.0,47-2061,1,9313,1.0,1012780.0
47-2071,41470,2.0,47-2071,1,8342,1.0,41470.0
47-2072,3290,2.0,47-2072,1,8342,1.0,3290.0
47-2073,423040,2.0,47-2073,1,8342,1.0,423040.0
47-2081,91590,2.0,47-2081,1,7123,1.0,91590.0
47-2082,14290,2.0,47-2082,1,7123,1.0,14290.0
47-2111,690050,3.0,47-2111,1,7411,1.0,690050.0
47-2121,51630,2.0,47-2121,1,7125,1.0,51630.0
47-2131,33130,2.0,47-2131,1,7124,1.0,33130.0
47-2132,25660,2.0,47-2132,1,7124,1.0,25660.0
47-2141,215680,2.0,47-2141,1,7131,1.0,215680.0
47-2142,2220,2.0,47-2142,1,7131,1.0,2220.0
47-2151,36070,2.0,47-2151,1,7126,1.0,36070.0
47-2152,427920,3.0,47-2152,1,7126,1.0,427920.0
47-2161,25950,1.0,47-2161,1,7123,1.0,25950.0
47-2171,17270,2.0,47-2171,1,7214,1.0,17270.0
47-2181,131980,2.0,47-2181,1,,1.0,131980.0
47-2211,120810,2.0,47-2211,1,7213,1.0,120810.0
47-2221,66810,2.0,47-2221,1,7214,1.0,66810.0
47-2231,27760,2.0,47-2231,1,7119,2.0,13880.0
47-2231,27760,2.0,47-2231,1,7411,2.0,13880.0
47-3011,17730,2.0,47-3011,1,9313,1.0,17730.0
47-3012,24580,2.0,47-3012,1,9313,1.0,24580.0
47-3013,71000,2.0,47-3013,1,9313,1.0,71000.0
47-3014,8630,1.0,47-3014,1,9313,1.0,8630.0
47-3015,46760,2.0,47-3015,1,9313,1.0,46760.0
47-3016,5790,2.0,47-3016,1,9313,1.0,5790.0
47-3019,27920,,47-3019,1,9312,2.0,13960.0
47-3019,27920,,47-3019,1,9313,2.0,13960.0
47-4011,128950,3.0,47-4011,1,3112,1.0,128950.0
47-4021,24380,3.0,47-4021,1,7412,1.0,24380.0
47-4031,27060,2.0,47-4031,1,7119,1.0,27060.0
47-4041,46780,3.0,47-4041,1,7119,1.0,46780.0
47-4051,143330,2.0,47-4051,1,9312,1.0,143330.0
47-4061,18600,2.0,47-4061,1,9312,1.0,18600.0
47-4071,27660,1.0,47-4071,1,9129,1.0,27660.0
47-4090,29880,,,1,,,
47-5011,10950,1.0,47-5011,1,8113,1.0,10950.0
47-5012,12190,2.0,47-5012,1,8113,1.0,12190.0
47-5013,36320,2.0,47-5013,1,8113,1.0,36320.0
47-5022,33670,2.0,53-7032,1,8111,2.0,16835.0
47-5022,33670,2.0,53-7032,1,8342,2.0,16835.0
47-5023,19010,2.0,47-5021,1,8111,2.0,9505.0
47-5023,19010,2.0,47-5021,1,8113,2.0,9505.0
47-5032,4710,2.0,47-5021,2,8111,2.0,1177.5
47-5032,4710,2.0,47-5021,2,8113,2.0,1177.5
47-5032,4710,2.0,47-5031,2,7542,1.0,2355.0
47-5041,13500,2.0,47-5041,1,8111,1.0,13500.0
47-5043,1700,2.0,47-5061,1,8111,1.0,1700.0
47-5044,5210,2.0,53-7033,2,8111,1.0,2605.0
47-5044,5210,2.0,53-7111,2,8311,1.0,2605.0
47-5049,2270,,47-5042,2,8111,1.0,1135.0
47-5049,2270,,47-5049,2,8111,1.0,1135.0
47-5051,3910,1.0,47-5051,1,8111,1.0,3910.0
47-5071,39100,1.0,47-5071,1,8113,1.0,39100.0
47-5081,6910,2.0,47-5081,1,9311,1.0,6910.0
47-5099,6290,,47-5049,2,8111,1.0,3145.0
47-5099,6290,,47-5099,2,9311,1.0,3145.0
49-1011,559050,3.0,49-1011,1,7127,11.0,50822.72727272727
49-1011,559050,3.0,49-1011,1,7231,11.0,50822.72727272727
49-1011,559050,3.0,49-1011,1,7232,11.0,50822.72727272727
49-1011,559050,3.0,49-1011,1,7233,11.0,50822.72727272727
49-1011,559050,3.0,49-1011,1,7234,11.0,50822.72727272727
49-1011,559050,3.0,49-1011,1,7311,11.0,50822.72727272727
49-1011,559050,3.0,49-1011,1,7312,11.0,50822.72727272727
49-1011,559050,3.0,49-1011,1,7412,11.0,50822.72727272727
49-1011,559050,3.0,49-1011,1,7413,11.0,50822.72727272727
49-1011,559050,3.0,49-1011,1,7421,11.0,50822.72727272727
49-1011,559050,3.0,49-1011,1,7422,11.0,50822.72727272727
49-2011,81440,3.0,49-2011,1,7421,2.0,40720.0
49-2011,81440,3.0,49-2011,1,7422,2.0,40720.0
49-2021,13020,3.0,49-2021,1,7422,1.0,13020.0
49-2022,168180,3.0,49-2022,1,7422,1.0,168180.0
49-2091,20200,3.0,49-2091,1,7421,1.0,20200.0
49-2092,15390,3.0,49-2092,1,7412,1.0,15390.0
49-2093,8530,3.0,49-2093,1,7412,3.0,2843.3333333333335
49-2093,8530,3.0,49-2093,1,7421,3.0,2843.3333333333335
49-2093,8530,3.0,49-2093,1,7422,3.0,2843.3333333333335
49-2094,51650,3.0,49-2094,1,7412,2.0,25825.0
49-2094,51650,3.0,49-2094,1,7421,2.0,25825.0
49-2095,25440,3.0,49-2095,1,7412,2.0,12720.0
49-2095,25440,3.0,49-2095,1,7421,2.0,12720.0
49-2096,9450,3.0,49-2096,1,7412,2.0,4725.0
49-2096,9450,3.0,49-2096,1,7421,2.0,4725.0
49-2097,22200,3.0,49-2097,1,7422,1.0,22200.0
49-2098,80720,3.0,49-2098,1,7412,1.0,80720.0
49-3011,134070,3.0,49-3011,1,7232,1.0,134070.0
49-3021,138760,2.0,49-3021,1,7231,1.0,138760.0
49-3022,17370,2.0,49-3022,1,7231,1.0,17370.0
49-3023,664070,3.0,49-3023,1,,1.0,664070.0
49-3031,271720,3.0,49-3031,1,7231,1.0,271720.0
49-3041,35280,3.0,49-3041,1,,1.0,35280.0
49-3042,158350,3.0,49-3042,1,7233,1.0,158350.0
49-3043,19830,2.0,49-3043,1,,1.0,19830.0
49-3051,24920,3.0,49-3051,1,7231,1.0,24920.0
49-3052,14700,3.0,49-3052,1,7231,1.0,14700.0
49-3053,35570,2.0,49-3053,1,7412,1.0,35570.0
49-3091,13760,2.0,49-3091,1,,1.0,13760.0
49-3092,17190,2.0,49-3092,1,7231,1.0,17190.0
49-3093,99980,2.0,49-3093,1,7231,1.0,99980.0
49-9011,27330,2.0,49-9011,1,7412,1.0,27330.0
49-9012,46410,3.0,49-9012,1,7412,1.0,46410.0
49-9021,374770,3.0,49-9021,1,,1.0,374770.0
49-9031,29370,2.0,49-9031,1,7412,1.0,29370.0
49-9041,386120,3.0,49-9041,1,,1.0,386120.0
49-9043,62770,3.0,49-9043,1,7233,1.0,62770.0
49-9044,40930,2.0,49-9044,1,7233,1.0,40930.0
49-9045,580,2.0,49-9045,1,7112,2.0,290.0
49-9045,580,2.0,49-9045,1,7233,2.0,290.0
49-9051,119510,2.0,49-9051,1,7413,1.0,119510.0
49-9052,107670,2.0,49-9052,1,7422,1.0,107670.0
49-9061,2120,3.0,49-9061,1,,1.0,2120.0
49-9062,58830,3.0,49-9062,1,7311,1.0,58830.0
49-9063,6330,3.0,49-9063,1,7312,1.0,6330.0
49-9064,1880,3.0,49-9064,1,7311,1.0,1880.0
49-9069,10810,,49-9069,1,,1.0,10810.0
49-9071,1485990,3.0,49-9071,1,,1.0,1485990.0
49-9081,9830,3.0,49-9081,1,7233,1.0,9830.0
49-9091,35790,2.0,49-9091,1,9623,1.0,35790.0
49-9092,3860,3.0,49-9092,1,7541,1.0,3860.0
49-9094,15240,2.0,49-9094,1,7222,1.0,15240.0
49-9095,3630,2.0,49-9095,1,7119,1.0,3630.0
49-9096,19260,2.0,49-9096,1,7215,1.0,19260.0
49-9097,6880,3.0,49-9097,1,7412,1.0,6880.0
49-9098,93650,2.0,49-9098,1,9622,1.0,93650.0
49-9099,172980,2.0,49-9093,2,7533,1.0,86490.0
49-9099,172980,2.0,49-9099,2,,1.0,86490.0
51-1011,659930,3.0,51-1011,1,,1.0,659930.0
51-2011,32140,2.0,51-2011,1,8211,1.0,32140.0
51-2021,10860,2.0,51-2021,1,,1.0,10860.0
51-2028,275510,,,1,,,
51-2031,50120,2.0,51-2031,1,8211,1.0,50120.0
51-2041,58870,2.0,51-2041,1,7214,1.0,58870.0
51-2051,21910,2.0,51-2091,1,8142,1.0,21910.0
51-2061,370,2.0,51-2093,1,8212,1.0,370.0
51-2090,1454130,,,1,,,
51-3011,205300,2.0,51-3011,1,7512,1.0,205300.0
51-3021,129400,2.0,51-3021,1,7511,1.0,129400.0
51-3022,133460,1.0,51-3022,1,7511,1.0,133460.0
51-3023,78660,2.0,51-3023,1,7511,1.0,78660.0
51-3091,20010,2.0,51-3091,1,8160,1.0,20010.0
51-3092,166520,2.0,51-3092,1,8160,1.0,166520.0
51-3093,26740,2.0,51-3093,1,7514,2.0,13370.0
51-3093,26740,2.0,51-3093,1,8160,2.0,13370.0
51-3099,47790,,51-3099,1,7514,2.0,23895.0
51-3099,47790,,51-3099,1,8160,2.0,23895.0
51-4021,63490,2.0,51-4021,1,7223,3.0,21163.333333333332
51-4021,63490,2.0,51-4021,1,8121,3.0,21163.333333333332
51-4021,63490,2.0,51-4021,1,8142,3.0,21163.333333333332
51-4022,10650,2.0,51-4022,1,7223,2.0,5325.0
51-4022,10650,2.0,51-4022,1,8142,2.0,5325.0
51-4023,27900,2.0,51-4023,1,7223,3.0,9300.0
51-4023,27900,2.0,51-4023,1,8121,3.0,9300.0
51-4023,27900,2.0,51-4023,1,8142,3.0,9300.0
51-4031,182460,2.0,51-4031,1,7223,1.0,182460.0
51-4032,6470,2.0,51-4032,1,7223,1.0,6470.0
51-4033,73800,2.0,51-4033,1,7223,2.0,36900.0
51-4033,73800,2.0,51-4033,1,8142,2.0,36900.0
51-4034,19410,2.0,51-4034,1,7223,1.0,19410.0
51-4035,15480,2.0,51-4035,1,7223,1.0,15480.0
51-4041,316860,3.0,51-4041,1,7223,1.0,316860.0
51-4051,19320,2.0,51-4051,1,3135,2.0,9660.0
51-4051,19320,2.0,51-4051,1,8121,2.0,9660.0
51-4052,6070,2.0,51-4052,1,,1.0,6070.0
51-4061,3350,3.0,51-4061,1,,1.0,3350.0
51-4062,2230,3.0,51-4062,1,,1.0,2230.0
51-4071,11330,2.0,51-4071,1,7211,1.0,11330.0
51-4072,165820,2.0,51-4072,1,,1.0,165820.0
51-4081,137060,2.0,51-4081,1,7223,1.0,137060.0
51-4111,61730,3.0,51-4111,1,7222,1.0,61730.0
51-4121,408990,2.0,51-4121,1,7212,1.0,408990.0
51-4122,30940,2.0,51-4122,1,,1.0,30940.0
51-4191,15600,2.0,51-4191,1,8121,2.0,7800.0
51-4191,15600,2.0,51-4191,1,8142,2.0,7800.0
51-4192,6890,2.0,51-4192,1,7213,2.0,3445.0
51-4192,6890,2.0,51-4192,1,7222,2.0,3445.0
51-4193,32050,2.0,51-4193,1,8122,2.0,16025.0
51-4193,32050,2.0,51-4193,1,8142,2.0,16025.0
51-4194,5320,2.0,51-4194,1,7224,1.0,5320.0
51-4199,21030,,51-4199,1,7223,1.0,21030.0
51-5111,25250,3.0,51-5111,1,7321,1.0,25250.0
51-5112,150010,2.0,51-5112,1,7322,1.0,150010.0
51-5113,39030,2.0,51-5113,1,7323,1.0,39030.0
51-6011,175730,1.0,51-6011,1,8157,1.0,175730.0
51-6021,28570,1.0,51-6021,1,9121,1.0,28570.0
51-6031,116750,1.0,51-6031,1,,1.0,116750.0
51-6041,8860,2.0,51-6041,1,7318,3.0,2953.3333333333335
51-6041,8860,2.0,51-6041,1,7533,3.0,2953.3333333333335
51-6041,8860,2.0,51-6041,1,7536,3.0,2953.3333333333335
51-6042,2960,2.0,51-6042,1,8156,1.0,2960.0
51-6051,3440,1.0,51-6051,1,7533,1.0,3440.0
51-6052,16870,2.0,51-6052,1,7531,1.0,16870.0
51-6061,6640,2.0,51-6061,1,8154,1.0,6640.0
51-6062,10700,2.0,51-6062,1,7532,1.0,10700.0
51-6063,16900,2.0,51-6063,1,8152,1.0,16900.0
51-6064,23830,2.0,51-6064,1,8151,1.0,23830.0
51-6091,14460,2.0,51-6091,1,,1.0,14460.0
51-6092,3070,3.0,51-6092,1,7532,1.0,3070.0
51-6093,26990,2.0,51-6093,1,7534,1.0,26990.0
51-6099,12810,,51-6099,1,7535,3.0,4270.0
51-6099,12810,,51-6099,1,8155,3.0,4270.0
51-6099,12810,,51-6099,1,8159,3.0,4270.0
51-7011,95980,2.0,51-7011,1,7522,1.0,95980.0
51-7021,14990,2.0,51-7021,1,7522,1.0,14990.0
51-7031,720,3.0,51-7031,1,7522,1.0,720.0
51-7032,330,3.0,51-7032,1,,1.0,330.0
51-7041,46400,2.0,51-7041,1,8172,1.0,46400.0
51-7042,63680,2.0,51-7042,1,7523,1.0,63680.0
51-7099,9120,,51-7099,1,7317,1.0,9120.0
51-8011,5450,3.0,51-8011,1,3131,1.0,5450.0
51-8012,9380,3.0,51-8012,1,3131,1.0,9380.0
51-8013,31590,2.3333333333333335,51-8013,1,3131,1.0,31590.0
51-8021,31470,3.0,51-8021,1,8182,1.0,31470.0
51-8031,119350,3.0,51-8031,1,3132,1.0,119350.0
51-8091,18710,2.0,51-8091,1,3133,1.0,18710.0
51-8092,14290,2.0,51-8092,1,,1.0,14290.0
51-8093,31360,2.0,51-8093,1,3134,1.0,31360.0
51-8099,15370,2.0,51-8099,1,3132,2.0,7685.0
51-8099,15370,2.0,51-8099,1,8114,2.0,7685.0
51-9011,115370,2.0,51-9011,1,8131,1.0,115370.0
51-9012,52470,2.0,51-9012,1,7513,2.0,26235.0
51-9012,52470,2.0,51-9012,1,8131,2.0,26235.0
51-9021,27320,2.0,51-9021,1,8112,1.0,27320.0
51-9022,14190,2.0,51-9022,1,7224,2.0,7095.0
51-9022,14190,2.0,51-9022,1,7315,2.0,7095.0
51-9023,108900,2.0,51-9023,1,8114,1.0,108900.0
51-9031,8250,1.0,51-9031,1,7315,2.0,4125.0
51-9031,8250,1.0,51-9031,1,7532,2.0,4125.0
51-9032,54110,2.0,51-9032,1,,1.0,54110.0
51-9041,58740,2.0,51-9041,1,8141,3.0,19580.0
51-9041,58740,2.0,51-9041,1,8160,3.0,19580.0
51-9041,58740,2.0,51-9041,1,8181,3.0,19580.0
51-9051,15030,2.0,51-9051,1,8141,1.0,15030.0
51-9061,579740,2.0,51-9061,1,,1.0,579740.0
51-9071,26280,3.0,51-9071,1,7313,1.0,26280.0
51-9081,33330,2.0,51-9081,1,,1.0,33330.0
51-9082,15680,3.0,51-9082,1,,1.0,15680.0
51-9083,20200,2.0,51-9083,1,,1.0,20200.0
51-9111,369330,2.0,51-9111,1,8183,1.0,369330.0
51-9123,11990,1.0,51-9123,1,7316,1.0,11990.0
51-9124,152120,2.0,51-9121,2,8122,1.0,76060.0
51-9124,152120,2.0,51-9122,2,7132,1.0,76060.0
51-9141,23860,2.0,51-9141,1,8189,1.0,23860.0
51-9151,5380,2.0,51-9151,1,8132,1.0,5380.0
51-9161,179360,2.0,51-4011,2,7223,1.0,89680.0
51-9161,179360,2.0,51-9199,2,9329,1.0,89680.0
51-9162,28120,3.0,51-4012,2,3139,2.0,7030.0
51-9162,28120,3.0,51-4012,2,7222,2.0,7030.0
51-9162,28120,3.0,51-9199,2,9329,1.0,14060.0
51-9191,11320,2.0,51-9191,1,7521,3.0,3773.3333333333335
51-9191,11320,2.0,51-9191,1,8143,3.0,3773.3333333333335
51-9191,11320,2.0,51-9191,1,8189,3.0,3773.3333333333335
51-9192,13200,2.0,51-9192,1,8171,1.0,13200.0
51-9193,6420,2.0,51-9193,1,8160,2.0,3210.0
51-9193,6420,2.0,51-9193,1,8189,2.0,3210.0
51-9194,8400,2.0,51-9194,1,7316,2.0,4200.0
51-9194,8400,2.0,51-9194,1,8212,2.0,4200.0
51-9195,39060,2.25,51-9195,1,7314,4.0,9765.0
51-9195,39060,2.25,51-9195,1,7315,4.0,9765.0
51-9195,39060,2.25,51-9195,1,7516,4.0,9765.0
51-9195,39060,2.25,51-9195,1,8181,4.0,9765.0
51-9196,92050,2.0,51-9196,1,8171,1.0,92050.0
51-9197,18360,2.0,51-9197,1,8141,1.0,18360.0
51-9198,190680,2.0,51-9198,1,9329,1.0,190680.0
51-9199,252660,,51-9199,1,9329,1.0,252660.0
53-1041,7950,2.0,53-1011,1,9333,1.0,7950.0
53-1047,591760,,,1,,,
53-2011,89580,4.0,53-2011,1,3153,1.0,89580.0
53-2012,48750,3.0,53-2012,1,3153,1.0,48750.0
53-2021,21250,3.0,53-2021,1,3154,1.0,21250.0
53-2022,14760,3.0,53-2022,1,0315,1.0,14760.0
53-2031,108480,2.0,53-2031,1,5111,1.0,108480.0
53-3011,9910,2.0,53-3011,1,8322,1.0,9910.0
53-3031,489510,2.0,53-3031,1,,1.0,489510.0
53-3032,1984180,2.0,53-3032,1,8332,1.0,1984180.0
53-3033,1059840,2.0,53-3033,1,8322,1.0,1059840.0
53-3051,366550,2.0,53-3022,1,8331,1.0,366550.0
53-3052,141530,2.0,53-3021,1,8331,1.0,141530.0
53-3053,201070,2.0,53-3022,2,8331,1.0,100535.0
53-3053,201070,2.0,53-3041,2,8322,1.0,100535.0
53-3054,13820,2.0,53-3041,1,8322,1.0,13820.0
53-3099,49340,,53-3099,1,8321,1.0,49340.0
53-4011,36440,2.0,53-4011,1,8311,1.0,36440.0
53-4013,2680,2.0,53-4013,1,8311,1.0,2680.0
53-4022,14210,2.0,53-4012,2,8311,1.0,7105.0
53-4022,14210,2.0,53-4021,2,8312,1.0,7105.0
53-4031,40940,2.0,53-4031,1,8312,1.0,40940.0
53-4041,9120,2.0,53-4041,1,8311,2.0,4560.0
53-4041,9120,2.0,53-4041,1,8331,2.0,4560.0
53-4099,2240,,53-4099,1,8312,1.0,2240.0
53-5011,28500,2.0,53-5011,1,8350,1.0,28500.0
53-5021,34940,3.0,53-5021,1,3152,1.0,34940.0
53-5022,3110,2.0,53-5022,1,8350,1.0,3110.0
53-5031,8650,3.0,53-5031,1,3151,1.0,8650.0
53-6011,3690,2.0,53-6011,1,8343,1.0,3690.0
53-6021,105290,2.0,53-6021,1,9629,1.0,105290.0
53-6031,99600,2.0,53-6031,1,,1.0,99600.0
53-6032,19720,2.0,53-6099,1,9331,2.0,9860.0
53-6032,19720,2.0,53-6099,1,9332,2.0,9860.0
53-6041,7310,3.0,53-6041,1,3119,1.0,7310.0
53-6051,24420,3.0,53-6051,1,3257,1.0,24420.0
53-6061,13200,2.0,53-6061,1,5111,2.0,6600.0
53-6061,13200,2.0,53-6061,1,5112,2.0,6600.0
53-6099,11590,,53-6099,1,9331,2.0,5795.0
53-6099,11590,,53-6099,1,9332,2.0,5795.0
53-7011,27780,1.0,53-7011,1,8189,1.0,27780.0
53-7021,45210,3.0,53-7021,1,8343,1.0,45210.0
53-7031,940,2.0,53-7031,1,8342,1.0,940.0
53-7041,2440,2.0,53-7041,1,8343,1.0,2440.0
53-7051,780890,2.0,53-7051,1,,1.0,780890.0
53-7061,359530,2.0,53-7061,1,9112,2.0,179765.0
53-7061,359530,2.0,53-7061,1,9122,2.0,179765.0
53-7062,2934050,2.0,53-7062,1,9329,3.0,978016.6666666666
53-7062,2934050,2.0,53-7062,1,9333,3.0,978016.6666666666
53-7062,2934050,2.0,53-7062,1,9624,3.0,978016.6666666666
53-7063,51010,2.0,53-7063,1,9329,1.0,51010.0
53-7064,653870,2.0,53-7064,1,9321,1.0,653870.0
53-7065,2842060,2.0,43-5081,1,,1.0,2842060.0
53-7071,3740,2.0,53-7071,1,3134,1.0,3740.0
53-7072,10870,2.0,53-7072,1,3132,2.0,5435.0
53-7072,10870,2.0,53-7072,1,3134,2.0,5435.0
53-7073,14550,2.0,53-7073,1,8113,1.0,14550.0
53-7081,132240,2.0,53-7081,1,9611,2.0,66120.0
53-7081,132240,2.0,53-7081,1,9612,2.0,66120.0
53-7121,12470,2.0,53-7121,1,9333,1.0,12470.0
53-7199,24880,,53-7032,2,8111,2.0,6220.0
53-7199,24880,,53-7032,2,8342,2.0,6220.0
53-7199,24880,,53-7199,2,9331,2.0,6220.0
53-7199,24880,,53-7199,2,9332,2.0,6220.0
