n,outcome,it,theta0,delta,direction,est,lo,hi,old,label,src,note
1,"Итерации 1–2, асимметричная постановка: доля товарных базисов лучше труда (MAWD)",1–2,0.5,0.1,<,0.0381538461538461,0.0139230769230769,0.0664846153846153,установлено (как вычислительный факт),подтверждено,"`results/report_tables.md` (уровни, all, капитал)","10 (этап 4, проверка данных R1–R4): без помеченных отраслей-лет — 0,027 «подтверждено»; с исправлениями — 0,038 «подтверждено»; метка не изменилась."
2,"Итерация 2, симметричная постановка: то же (корзина по единой ставке)",2,0.5,0.1,<,0.5274615384615384,0.4759192307692307,0.5805423076923077,неразличимо (предрег. «смешанный»),опровергнуто,"`results/report_tables.md` (уровни, all, капитал)",
3,"Итерация 3, стадия П: доля стран, где часы в верхних 5% плацебо (а) и (б)",3,0.05,0.15,>,0.7692307692307693,0.5419132128393064,0.9037756231328764,«провал v2 объясняется равномерностью плацебо» (10 из 13); в итоговом отчёте — частично,подтверждено,`results/v3/placebo_disp.csv`,"10 (этап 4, проверка данных R1–R4): без помеченных отраслей-лет — 0,923 «подтверждено»; с исправлениями — 0,769 «подтверждено»; метка не изменилась."
4,Итерации 3–4: плоский вектор лучше часов по MAWD,3–4,0.5,0.15,<,0.9230769230769232,0.717718509692703,0.9826496611207272,не предрегистрирован (проверка рецензента v3: 12 из 13),опровергнуто,`results/final/benchmarks_flat_power.csv`,
5,"Итерация 3: цены производства (факт. зарплаты) ближе к ценам, чем стоимости",1–3,0.5,0.15,<,1.0,0.8277078382340536,1.0,частично (не отделено от сжатия разброса),опровергнуто,"`results/report_tables.md` (уровни, all, капитал)",
6 = 16 = 19,"Межотраслевой наклон: β r на ln(K/W) (KLEMS, WIOD) и b < 1 (KLEMS) — один факт",4,0.0,0.01,<,-0.0283812700550955,-0.0486807636039958,-0.0080817765061951,"знак есть (p_Holm = 0,043); итог — не подтверждено (требовалась устойчивость)",подтверждено,`results/v4/b31.csv`,"WIOD: −0,0867 (−0,1072; −0,0661); b KLEMS (лог, Π > 0): 0,54. Панель Б3 без перекрытий: β = −0,0276 (SE 0,0122), b = 0,552. Исход 19 не говорит «за» ни одну версию теории; его порог задан при известной оценке (рецензия итерации 8, Р6). Какое b правильное — исход 21"
7,"Итерация 4, Б0: труд информативен против физически плоского эталона, h = 5",4,0.5,0.15,>,0.75,0.4601283988084887,0.9134929966207204,информативен (6 из 8); в итоговом отчёте — частично,неинформативно,`results/v4/b0_summary.csv`,
8,"Итерация 4, Б3.2: R² выпуска − R² затрат на труд (медианы по странам-годам)",4,0.0,0.05,<,0.194559819973012,,,И (масса прибыли ближе к выпуску); итог части Б — неразличимо,неинформативно (нет оценки неопределённости),`results/v4/b32.csv`,
9,"Итерация 5: Δ ln r_M на Δ ln(1 + k), годовая панель",5,0.0,0.25,<,1.1352653152464005,0.264294488690088,2.006236141802713,не подтверждено,опровергнуто,"`results/v5/s1_t2.csv` (T2_annual, main, gap)",
10,"Итерация 5: автоматизация (A1) → r_M, уровни",5,0.0,0.3282997785462869,<,-0.0113892191799124,-0.1013621384969043,0.0785837001370795,"не подтверждено (и для М, и для И)",опровергнуто,"`results/v5/s2_tests.csv` (T2.1a_levels, A1)",
11,"Итерация 6, T3: Δ ln r_M на Δ ln(1 + k), десятилетия",6,0.0,0.25,<,0.982,0.6728344497607655,1.2911655502392343,против М,опровергнуто,"`results/v6/tests.log` (main8, decades, country+period, без цикла)",
12,"Итерация 6, T1: средний по 8 странам тренд r_M",6,0.0,0.0002,<,0.0002553018365299,0.0001004543153444,0.0004253442859324,не подтверждено (0 из 8 устойчиво отрицательных),опровергнуто,"`results/v6/trends.csv` (main, лаг 4, полный период)",
13,Итерация 6: тренд r США НФК 1951–2024,6,0.0,0.0002,<,-0.0003214482315815,-0.0005790467805224,-6.384968264052548e-05,"отрицателен при лагах 2–4, неустойчив к ИС и концам; итог — не подтверждено",подтверждено,"`results/v6/trends.csv` (USA_NFC, main, лаг 4)",
14,"Итерация 6, 5.1: R²(K_adv) − R²(GO)",6,0.0,0.05,>,-0.3857384786039372,,,не подтверждено,неинформативно (нет оценки неопределённости),`results/v6/s5_1.csv`,
15,"Пересмотр R1: доля стран WIOD, где часы в верхних 5%",пересмотр,0.05,0.15,>,0.5853658536585366,0.4573804359974371,0.7027805486722967,промежуточно (24 из 41),подтверждено,`results/revisit/r1_summary.csv`,"10 (этап 4, проверка данных R1–R4): без помеченных отраслей-лет — 0,659 «подтверждено»; с исправлениями — 0,585 «подтверждено»; метка не изменилась."
17,"Итерация 7, ч. 1: β при наблюдаемом нематериальном капитале (m = 1)",7,0.0,0.01,<,-0.0161273210217491,-0.0358778674412439,0.0036232253977457,"устойчив (по знаку, m*₀ = 3,5)",неинформативно,`results/v7/p1_extra.csv`,
18,"Итерация 7, ч. 2, тест 3: выигрыш MAWD ψ Шейха против c2 (среднее по BEA и FIGARO)",7,0.0,0.005,>,0.0022823193684019,,,смешанно,неинформативно (нет оценки неопределённости),`results/v7/p2_power.csv`,
20,"Относительная цена капитала НФК в кризис, кризис − прочие годы (США НФК; прежнее название — «реальная переоценка», рецензия итерации 9, Р9)",9,0.0,0.01,<,0.0008703153233085,-0.0093095573951197,0.0110501880417369,— (новый исход),неинформативно,`results/v9/s1_real_reval*.csv`,"9б, разведочно: рыночная реальная переоценка нефинансовых активов НФК (Z.1) в кризис ниже на 0,029 (−0,049; −0,010)."
21,"Степень трансформации b: основная оценка (сгруппированная) и правило «интервал при расхождении > 0,15»",9,1.0,0.1,<,0.395858503138919,0.2197224846795369,1.999995356800856,— (новый исход),неинформативно,"`results/v9/s1_b_estimators.csv`, `s1_b_choice.csv`","(д) = 0,40 (0,22; 0,65) — «подтверждено» отдельно; (в) НМНК = 1,19; |в − д| = 0,80 > 0,15 → вывод — интервал 0,40–1,19, он содержит 1. ДИ в строке — от нижней границы (д) до верхней (в)"
22,"Перенос ИПЦ в почасовую оплату, h = 8 кварталов (средний по 33 странам)",9,1.0,0.1,"[0,9; 1,1] = H_tech",1.4905337654141395,1.137182357770344,1.8388871172003591,— (новый исход),неинформативно,`results/v9/s2_pt_outcomes.csv`,"9б (Р11): без дубля США (32 страны) — 1,52 (1,16; 1,87), «неинформативно»."
23,"Относительный перенос: товары − рабочая сила, h = 4",9,0.0,0.1,>,8.175789655229035,3.5436328573302807,13.917508178334636,— (новый исход),подтверждено,`results/v9/s2_pt_outcomes.csv`,"доли затрат в парах «нефтехимия ← нефть» занижены (журнал 4); с парами s ≥ 0,1 — `s2_pt_s01.csv`"
24,"Реальная почасовая оплата 2021 → 2023, страны без индексации",9,0.0,0.02,"[−0,02; 0,02] = H_tech",-0.0409547630387256,-0.0567328109713356,-0.0256234573565417,— (новый исход),опровергнуто H_tech,`results/v9/s2_2021_outcomes.csv`,
25,"Индексация (BE, LU, CY, MT) − контроль, 2021 → 2023",9,0.0,0.02,>,0.0381853241171719,0.0111160591914647,0.0626320927518859,— (новый исход),подтверждено,`results/v9/s2_2021_outcomes.csv`,"перестановочный p = 0,063; к 2024 г. разность исчезает"
26,"Δ ln реальной оплаты часа на безработицу t−1 (AMECO, 18 стран)",9,0.0,0.002,<,-0.0220703228543277,-0.0624500371222023,0.0183093914135468,"итерация 9 (с прогнозными годами AMECO): −0,0233, «неинформативно»",неинформативно,`results/v9b/s4_anchor_v9_corrected.csv`,"9б, журнал 2: годы AMECO ≤ 2024; p дикого бутстрепа 0,378; вариант с центрированным разрывом (журнал итерации 9, п. 3): −0,0021 (−0,0028; −0,0015) — «подтверждено»."
27,"Уровень ln(w/y) на охват договорами, на 10 п. п.",9,0.0,0.01,>,0.0008117927767885,-0.0252222031604609,0.026827427751965,итерация 9 (t(G − 1)): «неинформативно»,неинформативно,`results/v9b/s4_outcomes.csv`,"9б: ДИ — более широкий из t(G − 1) и дикого бутстрепа-t; p дикого бутстрепа 0,93."
28,"Среднемировой труд лучше национального (доля стран, большинство лет)",9,0.5,0.15,>,0.813953488372093,0.6988718231614376,0.8918599239112951,— (новый исход),подтверждено,`results/v9/s3_national_vs_world.csv`,"10 (этап 4, проверка данных R1–R4): без помеченных отраслей-лет — 0,929 «подтверждено»; с исправлениями — 0,814 «подтверждено»; метка не изменилась."
29,"MAWD мирового труда − min(капитал, энергия), равный разброс, 2014",9,0.0,0.01,<,-0.006484575731472,-0.5982073262536844,0.5979777076742033,— (новый исход),неинформативно,`results/v9/s3_outcome29_by_year.csv`,
30,"MAWD(часы с поправкой на производительность) − MAWD(фонд оплаты), ячейки, 2005",9,0.0,0.01,<,0.7036366339267108,-0.096559933625428,1.440139115349884,— (новый исход),неинформативно,`results/v9/s4_outcomes_by_year.csv`,"поправка (б) сокращает собственные часы ячейки: на прямом уровне это 1 / (PL · π̄), обратный уровень цен (рецензия, Р6); исход проверяет уровни цен PLD, а не время труда **Снят как тест трудовой теории в 9б** (этап 2.1): межстрановое сравнение внутри отрасли проверяет закон единой цены."
31,"MAWD(поправленные часы) − min(капитал, энергия), 2005",9,0.0,0.01,<,0.6549540770961362,-0.3087592959885445,1.6490456649468124,— (новый исход),неинформативно,`results/v9/s4_outcomes_by_year.csv`,"поправка (б) сокращает собственные часы ячейки: на прямом уровне это 1 / (PL · π̄), обратный уровень цен (рецензия, Р6); исход проверяет уровни цен PLD, а не время труда **Снят как тест трудовой теории в 9б** (этап 2.1): межстрановое сравнение внутри отрасли проверяет закон единой цены."
32,"MAWD(сырые часы) − MAWD(поправленные часы), 2005",9,0.0,0.01,>,-0.1118682694277655,-0.8411292543247436,0.8975177763565685,— (новый исход),неинформативно,`results/v9/s4_outcomes_by_year.csv`,"поправка (б) сокращает собственные часы ячейки: на прямом уровне это 1 / (PL · π̄), обратный уровень цен (рецензия, Р6); исход проверяет уровни цен PLD, а не время труда **Снят как тест трудовой теории в 9б** (этап 2.1): межстрановое сравнение внутри отрасли проверяет закон единой цены."
33,"R²(поправленные часы) − R²(фонд оплаты), изменения за 5 лет",9,0.0,0.05,>,-0.5276719368503667,-0.7245845080136882,-0.3798986271580441,— (новый исход),опровергнуто,`results/v9/s34_outcomes.csv`,"поправка (б) сокращает собственные часы ячейки: на прямом уровне это 1 / (PL · π̄), обратный уровень цен (рецензия, Р6); исход проверяет уровни цен PLD, а не время труда **Снят как тест трудовой теории в 9б** (этап 2.1): межстрановое сравнение внутри отрасли проверяет закон единой цены."
34,"b между странами − b между отраслями (сгруппированная, WIOD)",9,0.0,0.1,<,-0.3358883639004454,-0.5516464576382236,-0.1201302701626673,— (новый исход),подтверждено,`results/v9/s5_b_between*.csv`,"ДИ — нормальное приближение (журнал 6); перцентильный ДИ парного бутстрепа рецензента −0,385; 0,073 — неинформативно (Р5); логарифм −0,02, НМНК +0,26 9б: перцентильный ДИ парного кластерного бутстрепа по отраслям (499) — −0,449; −0,211, «подтверждено». Вывод о мобильности капитала снят."
35,"Доля стран, где реальный курс коинтегрирован с относительной реальной стоимостью труда (STAN, лаг ADF = 1)",9,0.05,0.15,>,0.0769230769230769,0.017350338879273,0.2822814903072971,"итерация 9 (подбор лагов): 0,00, «опровергнуто»",неинформативно,`results/v9b/s5_outcome35.csv`,"9б (Р3, Р4): основной — лаг 1. WIOD с дефлятором ДС всей экономики: 4 из 42, «опровергнуто»."
36,"RMSE ECM / AR(1), прогноз реального курса на 3 года",9,1.0,0.05,<,1.2315288428098254,1.0660715848823257,1.3933404174325232,— (новый исход),опровергнуто,`results/v9/s6_oos.csv`,
37,"Тренд марксовой нормы прибыли r_m (США, 1997–2024)",9,0.0,0.0002,<,-0.0014969589177405,-0.0018897861206675,-0.0011041317148136,— (новый исход),подтверждено,`results/v9/s7_outcomes.csv`,"варианты классификации: V2 −0,00199 «подтверждено»; V3 −0,00139 «подтверждено»; V4 −6,67e−04 «подтверждено»; V5 −0,00107 «подтверждено»"
38,Тренд r_m − тренд обычной r,9,0.0,0.0002,<,-0.0012013161506564,-0.0016975432767105,-0.0007050890246024,— (новый исход),подтверждено,`results/v9/s7_outcomes.csv`,"варианты классификации: V2 −0,00170 «подтверждено»; V3 −0,00110 «подтверждено»; V4 −3,72e−04 «неинформативно»; V5 −7,69e−04 «подтверждено»"
39,"Тренд марксовой нормы прибыли r_m, США 1947–2024 (стык по отношению)",9б,0,0.0002,<,0.0012109665941348,0.0008795046523041,0.0015424285359655,— (новый исход),опровергнуто,`results/v9b/s1_long_outcomes.csv`,"варианты: V2 −1,11e−04 «неинформативно»; V3 0,00194 «опровергнуто»; V4 0,00196 «опровергнуто»; V5 0,00183 «опровергнуто»; сырой стык 5,71e−04 «опровергнуто». Обобщение падения 1997–2024 гг. на длинный ряд опровергнуто."
40,"Тренд (r_m − r), США 1947–2024",9б,0,0.0002,<,0.0017537689053991,0.0014389113170646,0.0020686264937336,— (новый исход),опровергнуто,`results/v9b/s1_long_outcomes.csv`,"варианты: V2 4,32e−04 «опровергнуто»; V3 0,00248 «опровергнуто»; V4 0,00251 «опровергнуто»; V5 0,00237 «опровергнуто»; сырой стык 0,00116 «опровергнуто». Обобщение падения 1997–2024 гг. на длинный ряд опровергнуто."
41,"Доля стран (Eurostat, ≥ 20 лет), где r_m падает («подтверждено»)",9б,0.5,0.15,>,0.2222222222222222,0.1039091798220658,0.413139601873117,— (новый исход),опровергнуто,`results/v9b/s1_eu_outcomes.csv`,"4 из 18; расширенная выборка (журнал 1): 8 из 29, «опровергнуто»."
42,"Доля стран, где r_m падает быстрее обычной r",9б,0.5,0.15,>,0.2777777777777778,0.1423152414200932,0.4713237839360531,— (новый исход),опровергнуто,`results/v9b/s1_eu_outcomes.csv`,"5 из 18; расширенная выборка (журнал 1): 7 из 29, «опровергнуто»."
43,"Тренд доли непроизводительной оплаты, США 1947–2024 (Мозли)",9б,0,0.0005,>,0.0022277298498776,0.0018156190097795,0.0026398406899757,— (новый исход),подтверждено,`results/v9b/s1_moseley_outcome.csv`,
44,«Мировое среднее лучше национального»: доля стран для часов − для фонда оплаты (эталон Р18),9б,0,0.1,>,0.1627906976744185,0.0232558139534883,0.3023255813953488,— (новый исход),подтверждено,`results/v9b/s2_outcomes.csv`,"часы 0,81, фонд оплаты 0,65, капитал 0,58; часы − капитал 0,23 (0,07; 0,40). Хрупко: расходятся 11 против 4 стран, Мак-Немар p = 0,059; плацебо не посчитаны. 10 (этап 4, проверка данных R1–R4): без помеченных отраслей-лет — 0,143 «подтверждено»; с исправлениями — 0,163 «подтверждено»; метка не изменилась. 10 (этап 3.1): случайный вектор с межстрановым разбросом часов даёт долю 0,79 (часы — 0,81), с разбросом фонда оплаты — 0,63; исход 54 «неинформативно». Описательно: разность плацебо с разбросом часов и фонда оплаты (0,16) почти равна исходу 44 — перевес часов может объясняться их разбросом; по правилу не установлено (рецензия итерации 10, Р3)."
45,"R²(мировые часы) − max(R² капитала, энергии), изменения за 5 лет",9б,0,0.05,>,-0.7738662105995759,-1.34420757031993,-0.4897105375154699,— (новый исход),опровергнуто,`results/v9b/s2_outcomes.csv`,
46,"MAWD(мировые часы) − min(капитал, энергия), веса по ППС, 2005",9б,0,0.01,<,0.1376284769745236,-0.5854543279229218,0.904813328564577,— (новый исход),неинформативно,`results/v9b/s2_outcomes.csv`,
22б,"Перенос ИПЦ в LCI D11 (ЕС), h = 8",9б,,"[0,9; 1,1]",H_tech,0.6441578913669974,0.3923793851890979,0.9046407268155487,— (новый исход),неинформативно,`results/v9b/s4_outcomes.csv`,
25б,"Индексация − контроль внутри импортёров энергии, 2021 → 2023",9б,0,0.02,>,0.0375824363976828,0.0101975910320323,0.0617599290818069,— (новый исход),подтверждено,`results/v9b/s4_outcomes.csv`,"перестановочный p = 0,039; импортёры и прочие в контроле не различаются."
26б,"Δ ln реальной оплаты на slack t−1 (ЕС, 2008–2024)",9б,0,0.002,<,-0.0018604963853781,-0.0029320416507978,-0.0008040095661602,— (новый исход),неинформативно,`results/v9b/s4_outcomes.csv`,"p дикого бутстрепа 0,002; та же выборка с официальной безработицей: −0,0026 (−0,0043; −9,41e−04), «подтверждено»."
47,"Q_нефть: отклик доли прибыли всех частных отраслей / потребителей нефти, нормированный на долю затрат (шок BH, h = 2)",10,1,0.25,<,29.27403851897496,-14.329674628120692,16.898837911568375,— (новый исход),неинформативно,`results/v10/s1_outcomes.csv`,"знаменатель около нуля: отклик потребителей нефти −0,005 (SE 0,064); точка вне бутстреп-ДИ — отношение не определено."
48,"Q_труд (−Δ безработицы, h = 2), эквивалентность ≈ 1",10,1,0.25,≈,1.991579468657957,-9.036432982508488,11.072582610457742,— (новый исход),неинформативно,`results/v10/s1_outcomes.csv`,
49,Q_нефть − Q_труд (главный исход этапа 1),10,0,0.25,<,27.282459050317,-25.541787858230123,25.19259347410453,— (новый исход),неинформативно,`results/v10/s1_outcomes.csv`,"плацебо-перестановки: p (одност.) = 0,976; Känzig 73,21, Kilian 0,69 — тоже неинформативно."
50,"Законы «права на работу»: эффект на долю ВОИ частных отраслей штата, годы 0…+5 (п. п.)",10,0,0.5,>,1.57254920249469,0.4675807171960946,2.7145026712262736,— (новый исход),подтверждено,`results/v10/s1_outcomes.csv`,"**оговорка (журнал 4, после результата):** доля ВОИ росла у штатов лечения до закона; с линейным предтрендом эффект −0,02 (−1,67; 1,65), «неинформативно»."
51,"Хартц IV: разрыв доли прибыли Германии с синтетическим контролем, 2005–2012 (п. п.)",10,0,0.5,>,0.1002255074498226,,,— (новый исход),опровергнуто,`results/v10/s1_sc.csv`,"особое правило (|разрыв| ≤ 0,5) точности не требовало: SD разрывов доноров-плацебо 3,2 п. п. (1,7 при хорошей подгонке); в 2005–2007 гг. разрыв +0,7…+1,4, после кризиса отрицателен (рецензия Р4). Ранговый p = 0,43; минимальная зарплата Германии 2015: −1,80 п. п. (p = 0,10); NMW Великобритании 1999: −4,40 (p = 0,11) — описательно."
53,Выборы профсоюзов (NLRB × SEC): скачок Δ ROA (t − 1 → t + 2) на пороге 50%,10,0,0.005,<,-0.0237892951837848,-0.0468615239634039,-0.0007170664041658,— (новый исход),подтверждено,`results/v10/s2_outcomes.csv`,"284 выборов в окне, из них 122 — Starbucks (43%); **не устойчиво** (журналы 13, 16б): t + 3 — 0,041 (0,002; 0,080); один выбор на фирма-год — −0,042 (−0,100; 0,017); без Starbucks — −0,027 (−0,063; 0,009); окна 0,10 и 0,25 — ДИ включает 0."
54,Плацебо исхода 44: доля(часы) − доля(случайный вектор с разбросом часов),10,0,0.1,>,0.0256976744186046,-0.0516511627906977,0.1015232558139535,— (новый исход),неинформативно,`results/v10/s3_outcomes.csv`,
55,"Число меток исходов 1, 3, 15, 28, 44, изменившихся при проверке данных (R1–R4)",10,,,,0.0,,,— (новый исход),описательно,`results/v10/s4_outcomes.csv`,0 из 5; помечено 1795 из 11116 ячеек FIGARO и 5734 из 34830 WIOD (в основном R2 — малые отрасли); исправлено 1 и 9.
56,"Доля лет, где Лаплас/Субботин лучше гаммы со сдвигом по BIC (норма прибыли фирм на активы, SEC)",10,0.5,0.15,>,1.0,0.8471692545334145,1.0,— (новый исход),подтверждено,`results/v10/s5_outcomes.csv`,15 из 15 лет; лучшая форма — асимметричный Субботин; на исправленной выписке SEC (журнал 7).
57,"QCD(операционная прибыль / трудовые затраты) − QCD(операционная прибыль / активы), медиана по годам",10,0,0.05,<,0.2079664780360009,0.1713346419668288,0.2876982660785121,— (новый исход),опровергнуто,`results/v10/s5_outcomes.csv`,"1405 фирма-лет с тегом LaborAndRelatedExpense (выборка смещена); прибыль на трудовые затраты разбросана **сильнее**, чем на активы."
58,"Доля стран с «подтверждённым» падением нормы прибыли бизнес-сектора (BSDB → KLEMS 2009 → 2025, ≥ 30 лет)",10,0.5,0.15,>,0.3529411764705882,0.1948994375550591,0.5513710558600258,— (новый исход),неинформативно,`results/v10/s9_outcomes.csv`,"6 из 17; устойчивы к концам 4; стык по среднему 1995–2000: 5 из 17 «опровергнуто». С поправкой на смешанный доход самозанятых (описательно, рецензия Р8) — 2 из 17 (CHE, ITA). Ряды CHE и CAN кончаются в 1993 и 1996 гг."
59,"Доля стран с «подтверждённым» падением марксовой нормы r_m (KLEMS 2009 + 2025, ≥ 30 лет)",10,0.5,0.15,>,0.0,0.0,0.2129717988119809,— (новый исход),опровергнуто,`results/v10/s9_outcomes.csv`,0 из 10; r_m растёт в 9 странах из 10. Обобщение закона тенденции на длинный период — «нет».
60,"Среднее отклонение цены от цены производства рентных отраслей (A01, B, L), FIGARO",10,0,0.05,>,0.1331993400935638,0.0964062408487621,0.1742145652556914,— (новый исход),подтверждено,`results/v10/s10_outcomes.csv`,"**ренту не измеряет** (рецензия Р1): цены производства в коде — наценка на поток затрат, а не на запас; держится на L: A01 −0,053, B 0,034, L 0,419; превышение того же порядка у финансов (K64 +0,25) и опта (G46 +0,13); перцентиль плацебо 0,997; при единой зарплате — 0,042 «неинформативно»."
61,"Эластичность отклонения добычи (B) по реальному индексу цен энергии и металлов, FIGARO",10,0,0.05,>,0.3236068092546504,0.1270872358396707,0.5201263826696301,— (новый исход),подтверждено,`results/v10/s10_outcomes.csv`,"BEA (211, 212): 0,137 (0,079; 0,196) «подтверждено»."
62,"Доля окон (страна × 5 лет, PWT, ОЭСР) с марксовым техническим прогрессом",10,0.5,0.1,>,0.6009280742459396,0.5616115758692715,0.6389851301598872,— (новый исход),подтверждено,`results/v10/s11_outcomes.csv`,"259 из 431; на пороге (θ₀ + Δ = 0,60); без окна 2015–2020 (COVID) — 0,583 «неинформативно»; кластерный бутстреп по странам (0,552; 0,648) метку не меняет (рецензия Р6)."
63,"Окна с падающей r: доля, где Y/K даёт больше половины падения и ω не растёт",10,0.5,0.15,>,0.5217391304347826,0.4647139657686909,0.5782032560898607,— (новый исход),опровергнуто,`results/v10/s11_outcomes.csv`,"108 из 207; **не тест Окисио** (рецензия Р7, журнал 16д): теорема исходит из постоянной реальной зарплаты, а при Δω ≤ 0 Y/K даёт всё падение по тождеству; реальная зарплата не росла лишь в 16 из 187 окон с падающей r."
64,"Закон стоимости: DD = (b_v − b_pp) в отраслях самозанятых − то же в корпоративных, Δ ln часов за 3 года (WIOD, 42 страны, 2001–2010)",11,0.0,0.02,>,-0.0276683982065312,-0.0759021453419826,0.0204701528350741,— (новый исход),неинформативно,`results/v11/s1_outcomes.csv`,"ниже всех 200 плацебо-перестановок (95-й перцентиль 0,030); FIGARO 2011–2018: 0,062 (0,030; 0,095), выше всех 50 плацебо; WIOD на тех же 13 странах — −0,001 (журнал 3, после результата)."
65,"Корпоративные отрасли: b_pp − b_v, часы",11,0.0,0.02,>,-0.0159665211088105,-0.0687193194265136,0.0369100491641129,— (новый исход),неинформативно,`results/v11/s1_outcomes.csv`,
66,"Число самозанятых (σ ≥ 0,10): b_v − b_pp",11,0.0,0.05,>,-0.0208316968366321,-0.048824758320005,0.0071613646467408,— (новый исход),опровергнуто,`results/v11/s1_outcomes.csv`,"опровергнуто через эквивалентность; при σ ≥ 0,25 — −0,060 (−0,101; −0,018)."
67,"Инвестиции (EU KLEMS), корпоративные отрасли: b_pp − b_v",11,0.0,0.05,>,0.0105780768488103,-0.0300331720704295,0.0531937846170167,— (новый исход),неинформативно,`results/v11/s1_outcomes.csv`,"b_pp = 0,024 (0,002; 0,045), b_v = 0,013 (−0,012; 0,037)."
68,"Доля лет с i_real (долгосрочная) < r (PWT), среднее по 18 странам JST, 1950–2020",11,0.5,0.15,>,0.8411580594679187,0.7902973395931143,0.8897104851330203,— (новый исход),подтверждено,`results/v11/s2_outcomes.csv`,условие М; его предсказывает и теория с премией за риск.
69,"Доля стран, где i_real и r коинтегрированы (Энгл–Грейнджер, p < 0,10)",11,0.5,0.15,<,0.7222222222222222,0.5286762160639469,0.8576847585799068,— (новый исход),опровергнуто,`results/v11/s2_outcomes.csv`,"оговорка из предрегистрации: i_real стационарна (ADF) в 13 из 18 странах; где оба ряда нестационарны (5), коинтеграция в 2; номинальная ставка — 0 из 18."
70,Изменение r − i (краткосрочная номинальная) в первый год рецессии против прочих лет,11,0.0,0.005,<,-0.0010914258540084,-0.0050589941763301,0.0028761424683133,— (новый исход),неинформативно,`results/v11/s2_outcomes.csv`,"долгосрочная номинальная: −0,0052 (−0,0069; −0,0036); годы кризисов JST: −0,0096 (−0,0148; −0,0044)."
71,США НФК: аномальный рост q = (акции + долг) / основной капитал за 3 года до пиков NBER,11,0.0,0.05,>,0.0311133190465863,-0.0299946325678482,0.0922212706610208,— (новый исход),неинформативно,`results/v11/s2_outcomes.csv`,
72,США НФК: аномальный рост рыночной стоимости прав / капитализированной прибыли (NOS / Aaa) до пиков,11,0.0,0.05,>,0.1798611084794347,0.0446440670183379,0.3156311743519698,— (новый исход),подтверждено,`results/v11/s2_outcomes.csv`,"разложение (после результата): ln MV 0,071, ln Aaa 0,099, −ln NOS 0,015 — больше половины от роста ставки."
73,JST: аномальный рост ln(P/D) за 3 года до финансовых кризисов,11,0.0,0.05,>,-0.0590888376546359,-0.1282737939474006,0.0100961186381287,— (новый исход),неинформативно,`results/v11/s2_outcomes.csv`,
74,JST: аномальный рост кредит/ВВП за 3 года до финансовых кризисов,11,0.0,0.02,>,0.0569636488085519,0.0350876702977249,0.0788396273193788,— (новый исход),подтверждено,`results/v11/s2_outcomes.csv`,"повтор Schularick & Taylor (2012); после 1945 г. — 0,121."
