est,ci90_lo,ci90_hi,k,n,theta0,delta,direction,label,item,se,p_wild,G,mde,est2,est3
0.7222222222222222,0.5286762160639469,0.8576847585799068,13.0,18.0,0.5,0.15,<,опровергнуто,"69 [EG, i on r: as used]",,,,,,
0.05555555555555555,0.012491777445097274,0.2147862732671954,1.0,18.0,0.5,0.15,<,подтверждено,"69 [EG, r on i: reverse normalisation]",,,,,,
0.4444444444444444,0.27192359930117294,0.6314861570378636,8.0,18.0,0.5,0.15,<,неинформативно,"69 [Johansen trace 90%, k_ar_diff = 1: rank exactly 1]",,,,,,
0.2777777777777778,0.14231524142009322,0.4713237839360531,5.0,18.0,0.5,0.15,<,подтверждено,"69 [Johansen trace 90%, k_ar_diff = 2: rank exactly 1]",,,,,,
0.5,0.31924615699014225,0.6807538430098578,9.0,18.0,0.5,0.15,<,неинформативно,69 [EG i on r significant AND slope > 0],,,,,,
-0.005363399903152311,-0.006006998990234711,-0.004716311458547663,,1260.0,,,,,R9 70 split: d r_pwt in rec years minus other years,0.0003667489599654314,0.0,18.0,0.0010268970879032079,,
-0.004242948089357302,-0.008373296546549214,-0.00023775047187894402,,1251.0,,,,,R9 70 split: d i_st in rec years minus other years,0.0022437991622008165,0.09054527263631816,18.0,0.006282637654162286,,
-0.00012985762475414549,-0.0019198316352800262,0.001568133940433408,,1260.0,,,,,R9 70 split: d i_lt in rec years minus other years,0.0009760778339933119,0.897448724362181,18.0,0.002733017935181273,,
0.0010920695051536765,-0.005237767390833776,0.0074188366512756825,,1260.0,,,,,R9 70 split: d pi in rec years minus other years,0.003636895081681223,0.7818909454727364,18.0,0.010183306228707424,,
-0.006796239441862218,-0.0088717918849487,-0.004673829629866674,,1260.0,,,,,R9 70 split: d r_pwt in crisis years minus other years,0.0011794860059785668,0.0,18.0,0.003302560816739987,,
0.0028376783006310645,-0.0022942992781230637,0.008291035790962341,,1251.0,,,,,R9 70 split: d i_st in crisis years minus other years,0.002950079176994777,0.35117558779389696,18.0,0.008260221695585374,,
0.0018769604546854288,-0.0024551993048968143,0.006451024135108648,,1260.0,,,,,R9 70 split: d i_lt in crisis years minus other years,0.0022365932067734246,0.4622311155577789,18.0,0.006262460978965588,,
0.009991955369219655,0.0024403334815060957,0.017197997119270503,,1260.0,,,,,R9 70 split: d pi in crisis years minus other years,0.00410856513092067,0.030015007503751877,18.0,0.011503982366577875,,
0.008195454545454547,0.0018302574683203123,0.014560651622588783,,11.0,0.0,0.005,>,подтверждено,R10 change of Aaa from P-4 to P-1 (mean over 11 peaks),0.003511908198758983,0.016508254127063533,11.0,0.009833342956525153,,
0.021587334919798078,0.006133705515608812,0.036405747839217684,,11.0,0.0,0.005,>,подтверждено,R10 change of CPI inflation from P-4 to P-1 (mean over 11 peaks),0.007866999804050877,0.022011005502751375,11.0,0.022027599451342455,,
-0.013391880374343534,-0.025007986577222197,-0.0018039165189746558,,11.0,0.0,0.005,>,опровергнуто,R10 change of real Aaa (ex post) from P-4 to P-1 (mean over 11 peaks),0.006083010848180555,0.064032016008004,11.0,0.017032430374905552,,
7.0,,,,79.0,,,,,R10 years 1946-2024 with Aaa minus trailing 5-year inflation <= 0,,,,,,
0.4281641957172596,-0.05810354515631566,0.9144319365908349,,10.0,0.0,0.05,>,неинформативно,R10/R18 72 variant: F real (MV x (Aaa - trailing 5y CPI inflation) / NOS),0.2652688398029893,0.11805902951475739,10.0,0.74275275144837,,
0.14317060987578226,-0.04418654889256779,0.330192505347663,,11.0,0.0,0.05,>,неинформативно,R10/R18 72 variant: F with MV - FA (Aaa),0.1031867073549987,0.19009504752376188,11.0,0.28892278059399634,,
-0.05640690109346993,-0.12719707158042362,0.01438326939348377,,67.0,0.0,0.05,>,неинформативно,R16 73 on events with complete windows of both series,0.04038113922802112,0.18509254627313657,16.0,0.11306718983845912,,
0.04765283593176556,0.027460932430747813,0.06867686536974815,,67.0,0.0,0.02,>,подтверждено,R16 74 on events with complete windows of both series,0.011498726356472427,0.0015007503751875938,16.0,0.032196433798122794,,
-0.12803696119875524,-0.16222781945689363,-0.09305591218613268,,77.0,0.0,0.02,<,подтверждено,R20 crisis t-1 -> t+1 abnormal dlnL,0.01965436080790533,0.0,18.0,0.055032210262134916,,
-0.13149780878708764,-0.18444287027779765,-0.07785087156742854,,84.0,0.0,0.02,<,подтверждено,R20 crisis t-1 -> t+1 abnormal dlnY,0.030435075179414538,0.0,18.0,0.0852182105023607,,
0.7687997486545041,,,,,,,,,R11 2.3 [1946-2025] with annual flows for missing years: transactions / revaluation / other,,,,,0.24720132589818786,-0.016001074552691955
0.9230534428814896,,,,,,,,,R11 2.3 [1946-1959] with annual flows for missing years: transactions / revaluation / other,,,,,0.07694655711851042,0.0
1.0,,,,,,,,,"R11 max |quarterly sum - annual| for transactions / revaluation, 1952-2025",,,,,1.0,
0.020691298988957944,,,,63.0,,,,,"R11 revaluation / FA(t-1), other years: mean and years with data",,,,,,
