cand,n,hours_sig_better_both,not_worse,cand_sig_better_any,hours_point_better_both,mask,method
capital,10,7,1,0,10,all,a_quantile
cfc,13,6,2,0,13,all,a_quantile
gos,13,2,9,0,11,all,a_quantile
gos_mi,13,3,3,0,12,all,a_quantile
hours,13,0,13,0,0,all,a_quantile
nonlabour,13,1,9,0,10,all,a_quantile
wagebill,13,0,13,4,1,all,a_quantile
capital,10,8,0,0,10,all,b_power
cfc,13,7,1,0,13,all,b_power
gos,13,3,10,0,9,all,b_power
gos_mi,13,4,4,0,11,all,b_power
hours,13,0,13,0,0,all,b_power
nonlabour,13,1,9,0,9,all,b_power
wagebill,13,0,13,7,2,all,b_power
capital,10,8,0,0,10,all,c_common
cfc,13,8,1,0,13,all,c_common
gos,13,3,10,0,10,all,c_common
gos_mi,13,4,4,0,12,all,c_common
hours,13,0,13,0,0,all,c_common
nonlabour,13,2,9,0,9,all,c_common
wagebill,13,0,13,8,2,all,c_common
capital,10,8,1,0,9,no_rent,a_quantile
cfc,13,11,2,0,13,no_rent,a_quantile
gos,13,3,7,0,11,no_rent,a_quantile
gos_mi,13,8,3,0,12,no_rent,a_quantile
hours,13,0,13,0,0,no_rent,a_quantile
nonlabour,13,3,6,0,11,no_rent,a_quantile
wagebill,13,0,13,4,2,no_rent,a_quantile
capital,10,9,1,0,9,no_rent,b_power
cfc,13,11,2,0,13,no_rent,b_power
gos,13,4,6,0,10,no_rent,b_power
gos_mi,13,8,3,0,11,no_rent,b_power
hours,13,0,13,0,0,no_rent,b_power
nonlabour,13,1,6,0,10,no_rent,b_power
wagebill,13,0,12,7,2,no_rent,b_power
capital,10,9,1,0,10,no_rent,c_common
cfc,13,11,1,0,13,no_rent,c_common
gos,13,5,6,0,13,no_rent,c_common
gos_mi,13,8,2,0,12,no_rent,c_common
hours,13,0,13,0,0,no_rent,c_common
nonlabour,13,3,6,0,13,no_rent,c_common
wagebill,13,0,12,6,2,no_rent,c_common
