source,lam,r2,window,ci_lo,ci_hi,lam_p05,share_lam_below_labour,variant,with_rent,n_obs,n_cy
labour_W,-1.1483734685992055,0.2520010256524064,2000-2021,-3.9336998361808586,1.3766924051789342,,,primary,False,12595,592
hours,-0.7901681247931976,0.20852113998733673,2000-2021,,,,,primary,False,12595,592
GO,0.011078277080076778,0.4465608456254185,2000-2021,,,,,primary,False,12595,592
VA (reference),0.1065368600316678,0.5097517207915134,2000-2021,,,,,primary,False,12595,592
flat,-0.030568186964813834,0.0,2000-2021,,,,,primary,False,12595,592
materials,0.14109388508866333,0.298276843848429,2000-2021,,,,,primary,False,12595,592
labour_W,-0.5473232856303232,0.2646345903079312,2010-2021,,,,,primary,False,12595,592
energy,1.4430614993843345,-0.002730753926927565,2010-2021,,,,,primary,False,12595,592
GO,0.47623077438715006,0.29856108711817,2010-2021,,,,,primary,False,12595,592
flat,-0.18924646777851084,0.0,2010-2021,,,,,primary,False,12595,592
placebo a_perm,0.41501472305946513,0.18865857386324283,2000-2021,,,-0.20885739929885805,0.0,primary,False,12595,592
placebo b_lnorm_H,0.5166436620413619,0.1320128710559934,2000-2021,,,-0.020421262828564966,0.0,primary,False,12595,592
placebo c_mix,0.5841005623316218,0.21800048409858522,2010-2021,,,0.4187090579344859,0.0,primary,False,12595,592
placebo d_lnorm_W,0.37148349962100446,0.21061886784706343,2000-2021,,,-0.2681908558453887,0.0,primary,False,12595,592
labour_W,0.5132537439161308,0.6093346883265531,2000-2021,-0.5833107638147278,0.6574334780613573,,,primary,True,15446,592
hours,0.5460123796360843,0.5538931139329862,2000-2021,,,,,primary,True,15446,592
GO,0.4315099437641928,0.668552998108528,2000-2021,,,,,primary,True,15446,592
VA (reference),0.33662818773788783,0.7133898809387179,2000-2021,,,,,primary,True,15446,592
flat,0.5779346347328437,0.4277126407031878,2000-2021,,,,,primary,True,15446,592
materials,0.509759075651524,0.5855563559579313,2000-2021,,,,,primary,True,15446,592
labour_W,0.666848137138747,0.5829631346852067,2010-2021,,,,,primary,True,15446,592
energy,0.7737747517978577,0.35230884097478377,2010-2021,,,,,primary,True,15446,592
GO,0.5314104993726909,0.6979823911277145,2010-2021,,,,,primary,True,15446,592
flat,0.6611840534255453,0.54396671989758,2010-2021,,,,,primary,True,15446,592
placebo a_perm,0.5066400843264498,0.5734137692298161,2000-2021,,,0.44846992265824126,0.58,primary,True,15446,592
placebo b_lnorm_H,0.5379122126613671,0.5232836045699008,2000-2021,,,0.45540362310316723,0.35,primary,True,15446,592
placebo c_mix,0.6075685972377306,0.6391052610594301,2010-2021,,,0.6015847696563928,1.0,primary,True,15446,592
placebo d_lnorm_W,0.5027159260831637,0.5723002073086281,2000-2021,,,0.4254625094548159,0.615,primary,True,15446,592
labour_W,0.09683442638839772,0.590880361613435,2000-2021,-0.16402061254011202,0.4062599058365526,,,no_mi,False,12580,592
hours,0.1309553898592085,0.6689026822534394,2000-2021,,,,,no_mi,False,12580,592
GO,-0.11350606493622291,0.6590242173799313,2000-2021,,,,,no_mi,False,12580,592
VA (reference),-0.1958457394257949,0.7909017249958721,2000-2021,,,,,no_mi,False,12580,592
flat,0.5290331880667932,0.20140561968302684,2000-2021,,,,,no_mi,False,12580,592
materials,0.15075336234655903,0.45516648278657246,2000-2021,,,,,no_mi,False,12580,592
labour_W,0.10210243157914776,0.5626597117056706,2010-2021,,,,,no_mi,False,12580,592
energy,0.9137884481594098,0.05981417131975475,2010-2021,,,,,no_mi,False,12580,592
GO,-0.10487688062546519,0.6453817821490598,2010-2021,,,,,no_mi,False,12580,592
flat,0.5244507658887755,0.18864349661889906,2010-2021,,,,,no_mi,False,12580,592
placebo a_perm,0.37721357511655673,0.395298061043855,2000-2021,,,0.30773271990621,0.0,no_mi,False,12580,592
placebo b_lnorm_H,0.49855884298410136,0.32431951330621067,2000-2021,,,0.414295743796007,0.0,no_mi,False,12580,592
placebo c_mix,0.25657409405230763,0.41854191352190545,2010-2021,,,0.17882739659918984,0.0,no_mi,False,12580,592
placebo d_lnorm_W,0.2998078392609596,0.4386130890042321,2000-2021,,,0.22964518187559135,0.0,no_mi,False,12580,592
labour_W,-1.0497844774508764,0.2520010256524064,2000-2021,-3.5766266127027864,1.2146981372570924,,,tangible,False,12584,592
hours,-0.7740036610296938,0.20852113998733673,2000-2021,,,,,tangible,False,12584,592
GO,-0.0004750075186865891,0.44954525792415706,2000-2021,,,,,tangible,False,12584,592
VA (reference),0.08972194559369556,0.515842764631677,2000-2021,,,,,tangible,False,12584,592
flat,-0.029337492560289835,0.0,2000-2021,,,,,tangible,False,12584,592
materials,0.11411404748560591,0.30141507870064044,2000-2021,,,,,tangible,False,12584,592
labour_W,-0.3650745370858127,0.2646345903079312,2010-2021,,,,,tangible,False,12584,592
energy,1.466474620787365,-0.008775278339998471,2010-2021,,,,,tangible,False,12584,592
GO,0.5648243880731731,0.2189689483445918,2010-2021,,,,,tangible,False,12584,592
flat,-0.04892226114132524,0.0,2010-2021,,,,,tangible,False,12584,592
placebo a_perm,0.36761792811296523,0.1875278790362416,2000-2021,,,-0.2417227363272844,0.0,tangible,False,12584,592
placebo b_lnorm_H,0.46713353125125295,0.12178038268715,2000-2021,,,0.008787871192684524,0.0,tangible,False,12584,592
placebo c_mix,0.648671812842261,0.15598020805566962,2010-2021,,,0.48990634447692827,0.0,tangible,False,12584,592
placebo d_lnorm_W,0.33453756203650575,0.20148681441586092,2000-2021,,,-0.21766240517691576,0.0,tangible,False,12584,592
labour_W,0.41822068575285026,0.3073389319209031,2000-2021,-0.10176409516494016,1.0851313228923039,,,intangibles,False,11774,545
hours,0.4437361582913864,0.29005714731860266,2000-2021,,,,,intangibles,False,11774,545
GO,-0.08844826081983595,0.4951459983655825,2000-2021,,,,,intangibles,False,11774,545
VA (reference),-0.2566596623031265,0.5756076882345844,2000-2021,,,,,intangibles,False,11774,545
flat,0.6910951486555326,0.1317708517400603,2000-2021,,,,,intangibles,False,11774,545
materials,0.2665445250810675,0.33505833834276966,2000-2021,,,,,intangibles,False,11774,545
labour_W,0.18217061282602023,0.32444193647050745,2010-2021,,,,,intangibles,False,11774,545
energy,0.9477545234105847,0.0738574570668501,2010-2021,,,,,intangibles,False,11774,545
GO,-0.2994768604828995,0.48275265807426615,2010-2021,,,,,intangibles,False,11774,545
flat,0.8177129695269255,0.11290527108725912,2010-2021,,,,,intangibles,False,11774,545
placebo a_perm,0.44750326227946957,0.2722796309607,2000-2021,,,0.25527659969950495,0.385,intangibles,False,11774,545
placebo b_lnorm_H,0.5721350883247619,0.22821466099380522,2000-2021,,,0.44006825502456853,0.025,intangibles,False,11774,545
placebo c_mix,0.16465195812645456,0.3207445375996757,2010-2021,,,0.08871703131748114,0.625,intangibles,False,11774,545
placebo d_lnorm_W,0.40341793390770614,0.28886554978078083,2000-2021,,,0.25186200625947136,0.575,intangibles,False,11774,545
labour_W,-1.991651804081512,0.17412320584367347,2000-2021,-5.739436330790721,1.9872648087567395,,,cfc_as_capital,False,9155,461
hours,-1.4053589425749204,0.06634385458166847,2000-2021,,,,,cfc_as_capital,False,9155,461
GO,-2.2495071551675334,0.3474452007237505,2000-2021,,,,,cfc_as_capital,False,9155,461
VA (reference),-2.087077569831218,0.39361151829214314,2000-2021,,,,,cfc_as_capital,False,9155,461
flat,1.070241946722791,0.1946657941041573,2000-2021,,,,,cfc_as_capital,False,9155,461
materials,-1.418775159570576,0.2329141980086863,2000-2021,,,,,cfc_as_capital,False,9155,461
labour_W,-2.940018173976457,0.17190980952154522,2010-2021,,,,,cfc_as_capital,False,9155,461
energy,0.33315637651673063,-0.1737888110609882,2010-2021,,,,,cfc_as_capital,False,9155,461
GO,-3.4912626848520287,0.3417821975354711,2010-2021,,,,,cfc_as_capital,False,9155,461
flat,1.5586401756595036,0.2289710340654656,2010-2021,,,,,cfc_as_capital,False,9155,461
placebo a_perm,-0.721536682979161,0.1415589013608619,2000-2021,,,-1.6861821254054556,0.025,cfc_as_capital,False,9155,461
placebo b_lnorm_H,0.15487990054115527,0.11669101453400166,2000-2021,,,-1.7771044633244744,0.04,cfc_as_capital,False,9155,461
placebo c_mix,-1.8392966470727026,0.21665861068664283,2010-2021,,,-2.917471386976267,0.045,cfc_as_capital,False,9155,461
placebo d_lnorm_W,-0.4880248721942585,0.17882795785034927,2000-2021,,,-2.1851945860537327,0.095,cfc_as_capital,False,9155,461
