geo,lam,r2,n
AT,0.023710936176531666,0.17874070271513265,682
BE,1.7234367936610804,-0.0032290597036409574,550
CZ,0.2780259651840894,0.37077224229113137,682
DE,0.12339564532822792,0.33707949839813595,550
DK,-0.04663623113761904,0.1736557035548988,678
EE,0.2527070762364711,0.5919284381032994,220
EL,0.634016953402915,0.14859773477880595,681
ES,0.35618010506898534,0.3377899981446098,505
FI,0.865249426873121,0.12695715974741856,680
FR,-1.6285667049265864,0.12003118321868822,550
HU,-0.08778911695124376,0.4932618747595581,220
IE,0.48162992187784154,0.24086488056268218,220
IT,-0.027042078975267104,0.5857091750539254,533
JP,2.443490464118298,-0.00042432133855552223,252
LT,0.240395621480336,0.7215549521251619,220
LU,0.5065735548740977,0.37335977901986317,352
LV,-0.052487040312364605,0.760211222058785,561
MT,-0.08634050169129523,0.11582782294288319,220
NL,0.36656834323455545,0.4553346652987203,549
PL,0.1265104913633216,0.22900588310359504,218
PT,-0.13621617160099794,0.5338834416269769,549
RO,-10.350665762217137,-0.7186458983058063,220
SE,-0.00943194967497094,0.06682915163624786,616
SI,-10.584874058143875,-0.0006667133886436583,220
SK,-0.07887163140190581,0.46094367719737767,682
UK,-0.8659095984403938,0.4219108377995562,525
US,0.48611390962296436,0.6481783690949321,660
