geo,variant,n,years,est,ci90_lo,ci90_hi,label,labels_ends,robust_ends
AUS,self-employed adjusted,44,1964-2007,0.00659023788540962,0.002101580959326982,0.011078894811492258,опровергнуто,full:опро;start+5:опро;end-5:опро;both:опро,False
AUT,self-employed adjusted,62,1960-2021,0.0005664371750646543,0.00020851123670866638,0.0009243631134206423,опровергнуто,full:опро;start+5:опро;end-5:опро;both:опро,False
BEL,self-employed adjusted,52,1970-2021,0.0006576514534771393,0.000255892259359787,0.0010594106475944917,опровергнуто,full:опро;start+5:опро;end-5:опро;both:опро,False
CAN,self-employed adjusted,31,1966-1996,0.0013900144225391323,0.0007256647406799604,0.002054364104398304,опровергнуто,full:опро;start+5:опро;end-5:опро;both:опро,False
CHE,self-employed adjusted,33,1961-1993,-0.0039265768429503035,-0.004360687826893793,-0.0034924658590068133,подтверждено,full:подт;start+5:подт;end-5:подт;both:подт,True
DEU,self-employed adjusted,62,1960-2021,0.0005435165004496032,0.00016469114111524738,0.000922341859783959,опровергнуто,full:опро;start+5:опро;end-5:опро;both:опро,False
DNK,self-employed adjusted,62,1960-2021,0.0010704886391860904,0.000543027309105719,0.0015979499692664618,опровергнуто,full:опро;start+5:опро;end-5:опро;both:опро,False
ESP,self-employed adjusted,58,1964-2021,0.0003037086562635523,-5.6605088036554274e-05,0.0006640224005636589,неинформативно,full:неин;start+5:неин;end-5:опро;both:опро,False
FIN,self-employed adjusted,62,1960-2021,0.0015590573807007712,0.00104628245488977,0.0020718323065117726,опровергнуто,full:опро;start+5:опро;end-5:опро;both:опро,False
FRA,self-employed adjusted,57,1965-2021,0.0002424637657655605,-0.0005967991385361536,0.0010817266700672745,неинформативно,full:неин;start+5:неин;end-5:неин;both:неин,False
GBR,self-employed adjusted,59,1963-2021,0.0004236037746375579,-9.758081506152174e-05,0.0009447883643366376,неинформативно,full:неин;start+5:опро;end-5:неин;both:опро,False
IRL,self-employed adjusted,61,1961-2021,0.005828985633270694,0.0040987391500084455,0.007559232116532942,опровергнуто,full:опро;start+5:опро;end-5:опро;both:опро,False
ITA,self-employed adjusted,62,1960-2021,-0.0010520364149628552,-0.001625152851875927,-0.0004789199780497834,подтверждено,full:подт;start+5:подт;end-5:подт;both:неин,False
JPN,self-employed adjusted,56,1965-2020,-4.146480175274108e-05,-0.0007947273926812787,0.0007117977891757966,неинформативно,full:неин;start+5:неин;end-5:неин;both:неин,False
NLD,self-employed adjusted,53,1969-2021,0.0035059563723287657,0.0030260154406883052,0.003985897303969226,опровергнуто,full:опро;start+5:опро;end-5:опро;both:опро,False
SWE,self-employed adjusted,57,1965-2021,0.0006257801567978652,0.00016233370078832545,0.001089226612807405,опровергнуто,full:опро;start+5:опро;end-5:опро;both:опро,False
USA,self-employed adjusted,62,1960-2021,0.0011089227379223964,0.0007062617472564438,0.0015115837285883489,опровергнуто,full:опро;start+5:опро;end-5:опро;both:опро,False
