country,start,end,dln_yl,dln_yk_real,marx_bias,dln_r,dln_1mw,dln_yk_nom,d_omega,dln_pk_rel,marx,yk_dominant
AUS,1970,1975,0.0734143103749183,-0.05282224278169023,True,-0.2109084433157006,-0.1395320008366329,-0.07137644247906784,0.042944967746734064,-0.7297596322629226,False,False
AUS,1990,1995,0.11317793757978967,0.04555072112598135,False,-0.08941043002974182,0.048519703993997534,-0.13793013402373935,-0.01866620779037509,-0.13645636889908694,True,True
AUS,2010,2015,0.07762459114737119,-0.005813790370514216,True,-0.3640848969730224,-0.07374156038439472,-0.29034333658862765,0.03026103973388694,-0.38964451685257445,False,True
AUT,1970,1975,0.14793944151346805,-0.11409870038891712,True,-0.4136848250670155,-0.2837445652098654,-0.12994025985715002,0.10628497600555398,-0.7619352446771028,False,False
AUT,1975,1980,0.13989257160375645,-0.06347593952916553,True,-0.08213238239584615,0.00783501264912294,-0.08996739504496912,-0.0025480985641480602,-0.43623131309936247,True,True
AUT,1980,1985,0.12672325377548388,-0.07299639475861852,True,-0.35705938234902285,0.028345307057381607,-0.3854046894064042,-0.009387016296385942,-0.6899921391297208,True,True
AUT,1990,1995,0.1308894258982911,-0.04855028164298014,True,-0.07041145818822901,-0.005019462283080356,-0.0653919959051486,0.0017485618591310814,-0.23808352669826133,False,True
AUT,2005,2010,0.05986071010565208,-0.02543758880746405,True,-0.35927883395071175,-0.04017686857906393,-0.3191019653716478,0.01649641990661599,-0.4865116289916883,False,True
AUT,2010,2015,0.044728880344790056,-0.019538948725353,True,-0.18444820449644692,-0.011378803741312022,-0.17306940075513486,0.00455290079116899,-0.22870968393523272,False,True
BEL,1955,1960,0.14810230952687808,0.004897078381615794,False,-0.05276347792880504,0.0,-0.052763477928804925,0.0,-0.11127580833370672,True,True
BEL,1970,1975,0.2210627932543754,-0.02078211772980798,True,-0.11420121782840031,0.0,-0.11420121782840044,0.0,-0.4663635227527239,True,True
BEL,1990,1995,0.1341180229742429,-0.05328310644397383,True,-0.056633395245188616,0.0028262250194596326,-0.05945962026464833,-0.0010381340980530895,-0.1796589652773883,True,True
BEL,2005,2010,0.018208112546172828,-0.04500539628023348,True,-0.41940148765697094,-0.015293566598392552,-0.4041079210585784,0.005838632583618941,-0.5140877224889845,False,True
BEL,2010,2015,0.03332581417876668,-0.04560092938246907,True,-0.07852367828939176,0.02681315119832201,-0.10533682948771382,-0.010295808315277988,-0.1222705994181849,True,True
CAN,1955,1960,0.1937779606898431,-0.05807564260440223,True,-0.0734480563048201,0.0,-0.0734480563048201,0.0,-0.09931051670674647,True,True
CAN,1965,1970,0.1878010107101824,-0.02832126500361376,True,-0.12925766412268225,-0.10794952671634139,-0.021308137406340858,0.028371632099151944,-0.20285239264509955,False,False
CAN,1980,1985,0.08338736723859919,-0.051099326452760385,True,-0.10483320282399225,0.02832019769227661,-0.13315340051626887,-0.009539186954497958,-0.4012086373253998,True,True
CAN,1985,1990,0.006695876703132431,-0.06349099610833275,True,-0.26870649140479846,-0.16509632996877546,-0.10361016143602295,0.05199128389358498,-0.38814990631341295,False,False
CAN,2005,2010,0.020274583930130596,-0.1037665158718406,True,-0.30092074177897143,-0.05981754003763534,-0.24110320174133618,0.021516323089599942,-0.4052487900753266,False,True
CAN,2010,2015,0.05335971177145549,-0.044888199192611555,True,-0.2614260751673967,-0.05690393858000063,-0.20452213658739596,0.019307672977447066,-0.23325392067563763,False,True
CHE,1970,1975,0.09876714215951621,-0.17734658582591445,True,-0.19020143401562384,0.0,-0.19020143401562384,0.0,-0.47572105701531,True,True
CHE,1980,1985,0.06041633125740464,-0.05126808156991003,True,-0.09047321231033163,0.0,-0.09047321231033163,0.0,-0.6303511084003269,True,True
CHE,1990,1995,-0.018908047421574814,-0.10499795100921028,False,-0.0930121964691233,-0.03642141190737079,-0.05659078456175246,0.012792229652405007,-0.1814790759554145,False,True
CHE,2005,2010,0.07842721067782676,0.00789461870125252,False,-0.16735462187261238,0.022520575270956723,-0.1898751971435692,-0.007715761661529985,-0.28206176397185,True,True
CHE,2010,2015,0.01865846323202902,-0.009245048253454957,True,-0.09318643968620768,-0.03398703555497989,-0.05919940413122772,0.01157802343368608,-0.12697608958351514,False,True
CHE,2015,2020,0.06679864185557705,-0.04762983768784368,True,-0.15520058596997113,-0.02027588695539985,-0.13492469901457113,0.006722092628479004,-0.19125000796556768,False,True
CHL,1965,1970,0.22167944987013,-0.11639739422269113,True,-0.08220763899677046,0.0,-0.08220763899677046,0.0,-0.11063201575620182,True,True
CHL,1970,1975,-0.18377613983985253,-0.31644091869865154,False,-0.38547395411852114,-0.0317754615673522,-0.35369849255116886,0.01741057634353599,-0.7331671576701305,False,True
CHL,1980,1985,-0.16883877539732328,-0.13913271380156877,False,-0.15079546321995815,0.07162754161683751,-0.22242300483679575,-0.040497601032257025,-0.5650465966404954,True,True
CHL,1985,1990,0.13584877281324204,0.17795964410815546,False,-0.12145754350141055,-0.015466205962775424,-0.10599133753863504,0.008991658687591997,-0.16747067570266402,False,True
CHL,1995,2000,0.14411148086704806,-0.06608168057905406,True,-0.1645999913680425,-0.08723386245686905,-0.07736612891117345,0.046334654092788974,-0.12747781021239038,False,False
CHL,2005,2010,0.1327067264520565,-0.12582129891593785,True,-0.12047991420688665,-0.009354776188559951,-0.11112513801832667,0.0052611529827119585,-0.22004993726825003,False,True
CHL,2010,2015,0.11009674203178976,-0.1009834027986547,True,-0.18057733500145023,0.0,-0.18057733500145023,0.0,-0.109225101788637,True,True
COL,1955,1960,0.08016131279733707,-0.0767083995161808,True,-0.09757110110267427,0.0,-0.09757110110267427,0.0,-0.10463814740838992,True,True
COL,1980,1985,0.04223108038806789,-0.11930697539205748,True,-0.14608176666880787,0.022284892098966717,-0.16836665876777443,-0.011389851570130005,-0.5652762327345422,True,True
COL,1990,1995,-0.005087204403426249,0.016109221345238067,False,-0.09386552265444206,-0.0884381749813384,-0.0054273476731037,0.04668700695037897,-0.23182166783775365,False,False
COL,1995,2000,-0.030695514314547534,-0.06785080086318507,False,-0.09481760342129161,0.035795717760433936,-0.13061332118172553,-0.018400847911834994,-0.10405404292442211,True,True
COL,2015,2020,0.22379988937068074,-0.14953099628043898,True,-0.2983289572042503,-0.09298166872193955,-0.20534728848231062,0.04498803615570102,-0.2319434782751902,False,True
CRI,1970,1975,,,,-0.07699891442089571,0.027443507947494714,-0.10444242236839034,-0.012657105922698975,-0.45638990084689374,True,True
CRI,1975,1980,,,,-0.1758660740900857,-0.0847723937264225,-0.0910936803636633,0.03800290822982799,-0.5260857955853695,False,True
CRI,1985,1990,,,,-0.08956242020256315,-0.08780511462582533,-0.0017573055767376776,0.03852850198745694,-0.22101432419655484,False,False
CRI,1995,2000,0.04211610223252915,-0.0986871154227964,True,-0.15848618969736583,0.0027842799732320533,-0.16127046967059794,-0.001203000545501931,-0.1221223102570308,True,True
CRI,2000,2005,0.06633382295757695,-0.07462819477700333,True,-0.08204781712802789,0.04508170172211869,-0.12712951885014673,-0.019951879978180043,-0.2282786767222813,True,True
CRI,2005,2010,0.15548363115355057,-0.05830093665984348,True,-0.16406000110027202,-0.04071420876317707,-0.12334579233709494,0.018058061599732,-0.2874686276764355,False,True
CRI,2015,2020,0.24175275842625332,-0.11393340533272256,True,-0.2568210091900988,0.06126339179853329,-0.31808440098863205,-0.02597343921661399,-0.2080768623144565,True,True
CZE,1990,1995,,,,-0.3724460461701744,-0.03678512267369137,-0.33566092349648324,0.01803088188171409,,False,True
CZE,2005,2010,0.10570195754295098,0.05494256844601986,False,-0.10202926268450574,0.00962175725295574,-0.11165101993746142,-0.004702866077423096,-0.2683655575311002,True,True
CZE,2015,2020,0.1163103282676512,0.038462938360890764,False,-0.11077917357862009,-0.07363079436972673,-0.03714837920889332,0.03526932001113903,-0.158986957621408,False,False
DEU,1955,1960,0.31949725988599464,-0.06973464617708547,True,-0.083068251934245,0.0,-0.08306825193424487,0.0,-0.1073859496225262,True,True
DEU,1960,1965,0.2654130767521572,-0.12287728298459011,True,-0.13350637492548173,0.0,-0.13350637492548187,0.0,-0.2658904042449046,True,True
DEU,1965,1970,0.24970326688332545,-0.07903542217693449,True,-0.059739071923503424,0.0,-0.059739071923503424,0.0,-0.12222723603675292,True,True
DEU,1990,1995,0.17320913991977793,-0.03143072338941977,True,-0.12630856195345175,-0.05754088742615577,-0.06876767452729596,0.01952219009399403,-0.2361209162246623,False,True
DEU,2005,2010,0.021232087426384716,-0.002678349920492984,True,-0.20503635012921873,-0.005633539287972446,-0.19940281084124623,0.0021538138389589623,-0.3411062833874371,False,True
DNK,1970,1975,0.21364675730300453,-0.15341043449451242,True,-0.22559009944984088,-0.04113862761351948,-0.18445147183632132,0.014803349971771018,-0.5168084417328657,False,True
DNK,1985,1990,0.11622407965771053,-0.063461294469628,True,-0.12669867806452317,-0.05315233014981835,-0.07354634791470475,0.018225610256194957,-0.31932587566150994,False,True
DNK,2000,2005,0.06903443867442505,-0.032911419545906595,True,-0.06870293364894411,-0.017985863363581926,-0.050717070285362195,0.006694853305815984,-0.3304373398705846,False,True
DNK,2005,2010,0.025699712796187768,-0.08933002186174233,True,-0.3364879716613833,-0.022810746461081544,-0.3136772252003019,0.00831943750381503,-0.44097552545189883,False,True
DNK,2015,2020,0.07640359975046085,-0.010447113375097405,True,-0.06334379624362418,0.01639071266740853,-0.07973450891103255,-0.006200551986694003,-0.048064748907935516,True,True
ESP,1965,1970,0.27536611689890256,-0.09497168783713095,True,-0.05956077295001198,0.0,-0.059560772950012095,0.0,-0.09222797616673749,True,True
ESP,1970,1975,0.22092100387538816,-0.07977513882848752,True,-0.11742520248419627,0.0,-0.1174252024841964,0.0,-0.3578476805239435,True,True
ESP,1975,1980,0.23290285547994083,-0.11002178382133088,True,-0.32150313866735647,0.0,-0.32150313866735636,0.0,-0.6027138029709666,True,True
ESP,1985,1990,0.06859254883014776,0.03458581418169748,False,-0.09025514931784005,-0.08604253660838462,-0.004212612709455284,0.03226345777511608,-0.26406295308838396,False,False
ESP,1990,1995,0.09332941711873577,-0.07806504851956997,True,-0.12983084962946742,0.02629492002885667,-0.15612576965832406,-0.009566962718964067,-0.2770884844561847,True,True
ESP,2005,2010,0.06425120373941784,-0.11115818137668354,True,-0.35291990911070914,0.07241137754393748,-0.4253312866546466,-0.027564048767089955,-0.4865060513718306,True,True
ESP,2015,2020,0.012320337491077638,-0.0786706420370129,True,-0.14314527197783658,-0.08187869858325313,-0.06126657339458351,0.03276002407073908,-0.13228320818190561,False,False
EST,1990,1995,,,,-0.5433359812484208,-0.3242404113682109,-0.21909556988020978,0.12522548437118497,,False,False
EST,2005,2010,0.15758780449351306,-0.2202303264835641,True,-0.5491035246283492,-0.06960658353957722,-0.479496941088772,0.030076503753662,-0.645180374255859,False,True
EST,2015,2020,0.17975511913484343,-0.04811981996604153,True,-0.1214579651324128,-0.03641378762085688,-0.0850441775115559,0.014695763587951993,-0.11455305683290497,False,True
FIN,1955,1960,0.18490892738763742,-0.12270716060059361,True,-0.12795131462271211,0.0,-0.12795131462271211,0.0,-0.19148540343951728,True,True
FIN,1960,1965,0.20149626558085743,-0.048950008848371196,True,-0.055217712070436305,0.0,-0.05521771207043642,0.0,-0.1887393056531507,True,True
FIN,1970,1975,0.27053480179434164,-0.08114343567136828,True,-0.2678855544865181,-0.12877133040789351,-0.13911422407862464,0.043478369712830034,-0.6418334316992454,False,True
FIN,1985,1990,0.16921072586229302,-0.014043392996498483,True,-0.1051437999522701,-0.021817065407095396,-0.08332673454517439,0.007372856140135942,-0.29874931517016934,False,True
FIN,2005,2010,0.03389524211601547,-0.06708140635373527,True,-0.35823049415281544,-0.06751093202429813,-0.29071956212851735,0.028331577777861994,-0.4942887967995777,False,True
FRA,1970,1975,0.23719858990232945,-0.058540956754866924,True,-0.16702524693252946,-0.10150016962764738,-0.06552507730488208,0.03118187189102195,-0.45525285951492356,False,False
FRA,1975,1980,0.18193528903631684,-0.0022756184512935373,True,-0.05674059028655288,-0.02525005005931304,-0.031490540227239704,0.007277786731720082,-0.4237208544576394,False,True
FRA,1990,1995,0.09223084267175352,-0.0291386569022396,True,-0.05472166254664038,-0.004505535462787457,-0.05021612708385295,0.001607656478881947,-0.20026373020216942,False,True
FRA,2000,2005,0.07416109433532991,-0.011279752254633069,True,-0.13757415910114532,-0.0004574490082544999,-0.1371167100928907,0.00016456842422507556,-0.3504349068716466,False,True
FRA,2005,2010,0.01909287051002284,-0.04818211536448369,True,-0.3057557582855078,0.007785314815132591,-0.31354107310064044,-0.0028110742568970837,-0.4185965217918469,True,True
FRA,2010,2015,0.049034751171985747,-0.013917244725045075,True,-0.07015823036339781,-0.005363596334254072,-0.06479463402914369,0.0019389986991880104,-0.10789536258323335,False,True
FRA,2015,2020,0.031139766293414084,-0.07953219669621348,True,-0.15230901765783178,0.001583332542204388,-0.15389235020003603,-0.0005713105201720081,-0.17889458862098045,True,True
GBR,1950,1955,0.11648773888000896,-0.09249961875063006,True,-0.08523213027202488,0.0,-0.085232130272025,0.0,,True,True
GBR,1955,1960,0.13204723778920613,-0.12794456195244863,True,-0.10817629415438045,0.0,-0.10817629415438045,0.0,-0.1853085951606217,True,True
GBR,1960,1965,0.16279351344477355,-0.09427106037626598,True,-0.07101420983231164,0.0,-0.07101420983231164,0.0,-0.20215859108353437,True,True
GBR,1965,1970,0.20340261851800534,-0.12414685209325826,True,-0.09222451874269608,0.0,-0.0922245187426962,0.0,-0.14963494141614347,True,True
GBR,2000,2005,0.09065667754880113,0.006082882356652997,False,-0.07880801569173726,-0.007122928208988052,-0.07168508748274922,0.0028516650199890137,-0.19235345655930605,False,True
GBR,2005,2010,0.023785612539881207,-0.0744506696375129,True,-0.5354903325549853,-0.03185464724186385,-0.5036356853131214,0.012507379055022971,-0.5925281914431919,False,True
GBR,2010,2015,0.014487012344029715,0.019056022771611225,False,-0.0777290311065697,0.04466551529986835,-0.12239454640643815,-0.017650842666625977,-0.1433304282124298,True,True
GRC,1970,1975,0.2202658616581008,-0.10936643024059323,True,-0.12493083638181869,0.0,-0.12493083638181869,0.0,-0.4078869143706944,True,True
GRC,1975,1980,0.1481343241580717,-0.06577143354261006,True,-0.14691457145554865,0.0,-0.14691457145554865,0.0,-0.40505999577792356,True,True
GRC,1985,1990,0.04694094216256861,-0.048007782601653615,True,-0.14565899608043828,0.0,-0.14565899608043828,0.0,-0.2443636598652758,True,True
GRC,1990,1995,0.02703442086346408,-0.029927894337153038,True,-0.1765977701614684,0.0,-0.1765977701614684,0.0,-0.31369132390787297,True,True
GRC,2005,2010,0.04514809880624915,-0.09802326119180904,True,-0.20984053029885252,-0.003966244076782785,-0.20587428622206982,0.0017721056938170276,-0.38565124911832516,False,True
GRC,2010,2015,-0.125002456332719,-0.16475010659399203,False,-0.3426326019926544,0.005058993477268302,-0.3476915954699226,-0.0022615790367119804,-0.33791083328020616,True,True
HUN,1980,1985,0.21877120057251354,-0.08436281808408652,True,-0.0997291629521793,0.0,-0.0997291629521793,0.0,-0.5119223241932334,True,True
HUN,1990,1995,0.1127256088330153,-0.19390214982253706,True,-0.05023383842228091,0.0,-0.05023383842228091,0.0,-0.16317157418163045,True,True
HUN,2005,2010,0.07412708288695269,-0.10541447969830786,True,-0.3374091781975317,0.07280557734692407,-0.41021475554445574,-0.029594063758849987,-0.424108126912383,True,True
HUN,2010,2015,0.018568697797731293,0.04659309876689388,False,-0.10786315149540124,0.03474149969776719,-0.1426046511931683,-0.014899373054504061,-0.1609682831812266,True,True
HUN,2015,2020,0.10123435581359175,0.01810961252360288,False,-0.05298278164880599,-0.0010580870496270402,-0.05192469459917887,0.0004614591598509632,-0.06244346009775897,False,True
IRL,1950,1955,0.1904119958076227,-0.19791065686539966,True,-0.20122866719975346,0.0,-0.20122866719975346,0.0,,True,True
IRL,1955,1960,0.13171335626153935,-0.10266500727294181,True,-0.09017647178022947,0.0,-0.0901764717802296,0.0,-0.1455495564559398,True,True
IRL,1960,1965,0.18171357442277003,-0.060227407504350294,True,-0.06537196700978169,0.0,-0.06537196700978169,0.0,-0.2593518228419959,True,True
IRL,1970,1975,0.2654349358487944,-0.05959032108743556,True,-0.18091651102693926,-0.06700211595484952,-0.11391439507208971,0.023905694484710027,-0.5229917440865347,False,True
IRL,1975,1980,0.19858399346266697,-0.07053966898580466,True,-0.24002281136305312,-0.028768895335609286,-0.21125391602744398,0.00978302955627497,-0.6252911535878751,False,True
IRL,2005,2010,0.1499425135314958,-0.20863535878387363,True,-0.6728821400036973,-0.027408610170275058,-0.6454735298334222,0.014068901538848988,-0.7975208404851405,False,True
IRL,2015,2020,0.24555950185340958,-0.12907111502925717,True,-0.07492443553617836,0.05359224106018654,-0.12851667659636493,-0.036394000053404985,-0.4385910994865751,True,True
ISL,1955,1960,,,,-0.16435040277935636,0.0,-0.16435040277935636,0.0,-0.1757536398610609,True,True
ISL,1965,1970,0.10510902021670976,-0.15832906964635374,True,-0.18202703821762775,0.0,-0.18202703821762764,0.0,-0.21871175620741462,True,True
ISL,1980,1985,-0.013718119892641933,-0.05429287489514989,False,-0.06619909067516465,0.0,-0.06619909067516465,0.0,-0.486285734949289,True,True
ISL,1990,1995,-0.008090469975875259,-0.07175034292992288,False,-0.06404969547717197,0.0,-0.06404969547717186,0.0,-0.18841787206757407,True,True
ISL,2000,2005,0.20472428226107509,0.06735800792717628,False,-0.1284661319142078,-0.032536744471000315,-0.09592938744320742,0.01040244102477994,-0.3528404922536114,False,True
ISL,2010,2015,0.030548152835924824,0.12957772289300729,False,-0.17516120439216387,-0.13968016663081279,-0.03548103776135101,0.05735135078430198,-0.25374301264766824,False,False
ISL,2015,2020,0.053006260988288645,0.0029612181769198553,False,-0.1919509739945471,0.0,-0.19195097399454725,0.0,-0.14892983405109408,True,True
ISR,1975,1980,,,,-0.1021223003947493,0.0,-0.1021223003947493,0.0,-0.3645620693629408,True,True
ISR,1990,1995,0.056179012759426605,0.018765491626125952,False,-0.07775446164423823,0.0,-0.0777544616442381,0.0,-0.25277793830730955,True,True
ISR,2010,2015,0.047604826548667045,-0.00372878615915595,True,-0.06255370605518666,0.004671195228361903,-0.06722490128354863,-0.0022416114807130016,-0.12254437679219606,True,True
ITA,1960,1965,0.36358706518636597,-0.05165766982810727,True,-0.0537743905468909,0.0,-0.0537743905468909,0.0,-0.15354056649711925,True,True
ITA,1970,1975,0.19750701642140278,-0.17405907768448503,True,-0.1913852100082664,-0.11761143678471994,-0.0737737732235464,0.04668879508972201,-0.506994347012491,False,False
ITA,1985,1990,0.10521572226524745,-0.003865283440698475,True,-0.06480857966819915,0.014843370385730796,-0.07965195005392997,-0.006254315376280961,-0.2602093257936283,True,True
ITA,1990,1995,0.09512596528538797,-0.05332728887654392,True,-0.07868503938425891,0.10692507330063371,-0.18561011268489272,-0.04790395498275801,-0.21214730628685288,True,True
ITA,2000,2005,0.008071365130590813,-0.07150202580416809,True,-0.0869003002003744,-0.013277492876933151,-0.07362280732344134,0.00635421276092496,-0.2818987883819193,False,True
ITA,2005,2010,-0.007946522640844833,-0.10256985912544936,False,-0.2860238092114888,-0.03375655190618192,-0.25226725730530697,0.015780031681061013,-0.3998305306523759,False,True
ITA,2010,2015,0.00972002540802297,-0.057986245518710566,True,-0.2438346282465855,0.008818698398171898,-0.25265332664475754,-0.004071176052094061,-0.25378999155381365,True,True
JPN,1960,1965,0.35536956570427747,-0.08706769508080936,True,-0.07171480705513138,0.0,-0.07171480705513138,0.0,-0.22644821353574163,True,True
JPN,1965,1970,0.4462214218234628,-0.07891941338664188,True,-0.0578874351412593,0.0,-0.057887435141259415,0.0,-0.14761284361918323,True,True
JPN,1970,1975,0.2384210390247894,-0.2723711686415984,True,-0.49157204993437537,-0.24828198560022868,-0.24329006433414657,0.10814422369003296,-0.8904987376047309,False,False
JPN,1975,1980,0.15225052444669362,-0.09822179873940562,True,-0.19491944766967456,0.01650827893326767,-0.21142772660294235,-0.006387352943420965,-0.4295552077359738,True,True
JPN,1990,1995,0.11215274035334488,-0.1268652818894236,True,-0.3336121281562511,-0.05822533814630915,-0.2753867900099419,0.024627625942230003,-0.47182070055029474,False,True
JPN,2005,2010,0.03741141449403029,-0.03657004053620305,True,-0.12590444783992183,-0.010735569819069955,-0.11516887802085184,0.00484448671340898,-0.29014451661742263,False,True
JPN,2015,2020,0.006398992632304701,-0.050364856328835694,True,-0.17580254157117434,-0.09751007007271016,-0.07829247149846419,0.04222118854522694,-0.20247481862640068,False,False
KOR,1975,1980,0.28338523727757536,-0.21826046841481683,True,-0.17451027448122983,-0.16541238213915857,-0.009097892342071217,0.09077948331832802,-0.6347444371219134,False,False
KOR,1985,1990,0.39746087136520014,-0.053124363531114493,True,-0.24247433014481928,-0.11330223655046734,-0.129172093594352,0.05301135778427102,-0.46719595408233566,False,True
KOR,1990,1995,0.30618550471066497,-0.16211131449644456,True,-0.37480670489685014,-0.043781875726044486,-0.3310248291708055,0.018928527832030917,-0.5388066743775907,False,True
KOR,2000,2005,0.23908034343598672,-0.05431859042877152,True,-0.18631567462425017,-0.01918711197187352,-0.1671285626523764,0.008934974670410933,-0.3763043728572875,False,True
KOR,2005,2010,0.24858027791547554,-0.028823537996215842,True,-0.05226569306723168,0.05339942754594999,-0.1056651206131818,-0.025298476219178023,-0.19888658293501915,True,True
KOR,2010,2015,0.10202122878243136,-0.03332050533294706,True,-0.17833715626798902,-0.0331796255886864,-0.14515753067930268,0.0158777236938481,-0.22774464507742928,False,True
KOR,2015,2020,0.1736813561341637,-0.07636171576178996,True,-0.1382168594046659,-0.04138856958600997,-0.09682828981865611,0.019081652164458895,-0.15787488414324993,False,True
LTU,1990,1995,,,,-0.49328821202736517,0.0,-0.49328821202736534,0.0,,True,True
LTU,2005,2010,0.16843289028445385,-0.10338870347123952,True,-0.4696257491004232,0.00629444649611777,-0.4759201955965409,-0.0031049251556389823,-0.591740338017202,True,True
LTU,2015,2020,0.19806407993038366,0.03343683325776148,False,-0.1578255779864861,-0.10727524572908174,-0.0505503322574043,0.050036370754242054,-0.17616998933767183,False,False
LUX,1950,1955,,,,-0.22199450508224705,0.0,-0.2219945050822472,0.0,,True,True
LUX,1955,1960,,,,-0.15752533306823213,0.0,-0.15752533306823213,0.0,-0.16259459847610816,True,True
LUX,1960,1965,,,,-0.07840495064508093,0.0,-0.07840495064508081,0.0,-0.21145006880743086,True,True
LUX,1970,1975,0.07666481912954781,-0.07192246388660495,True,-0.5123636125077322,-0.29328641229771946,-0.21907720021001273,0.13269549608230596,-0.8108357565637866,False,False
LUX,1975,1980,0.09539860340561868,-0.036584974769919176,True,-0.12322568716917087,-0.07028299374077437,-0.0529426934283964,0.026424109935760054,-0.4741257064229102,False,False
LUX,2000,2005,0.024083051465046523,-0.0407172318894502,True,-0.2634087931902915,0.00019031216199955387,-0.2635991053522909,-9.915232658397333e-05,-0.45581633164667507,True,True
LUX,2010,2015,-0.01424622651267704,-0.05979312589760255,False,-0.07724068014373622,0.0204918725283455,-0.09773255267208161,-0.011749148368836004,-0.1369514849042066,True,True
LUX,2015,2020,0.0189102833404311,-0.03315016786358527,True,-0.06798026666185177,-0.09621059026404416,0.028230323602192187,0.05313313007354803,-0.055737627372575024,False,False
LVA,1990,1995,,,,-0.6467951608453757,-0.09466350564576669,-0.5521316551996089,0.04437363147735607,,False,True
LVA,2000,2005,0.37486779812365034,0.3199683554187547,False,-0.12080875362367312,-0.004001242324901492,-0.11680751129877161,0.0018921494483949974,-0.011614419418699416,False,True
LVA,2005,2010,0.19697146259315979,-0.10979809185138256,True,-0.4936274969427791,-0.02221999784405189,-0.47140749909872726,0.01037096977233909,-0.9685191012002438,False,True
LVA,2010,2015,0.14388808746303638,0.15136940314815428,False,-0.12151740510294146,-0.06546313060351336,-0.056054274499428,0.029248297214507946,-0.09749083760607402,False,False
LVA,2015,2020,0.09976983393985295,0.04544531839030164,False,-0.20018451523350783,-0.14463724532520497,-0.05554726990830293,0.05821865797042802,-0.1573844338988606,False,False
MEX,1955,1960,0.2335062725918653,-0.055320271404699195,True,-0.07764797048144585,0.0,-0.07764797048144598,0.0,-0.07956264923753789,True,True
MEX,1965,1970,0.16619053074210033,-0.075358482670975,True,-0.08442132729006382,0.0,-0.08442132729006382,0.0,-0.14677754259414202,True,True
MEX,1980,1985,-0.069193844745715,-0.1367118783199781,False,-0.14835446973821037,0.0,-0.1483544697382105,0.0,-0.5643560269430143,True,True
MEX,1985,1990,-0.130554644686252,-0.03832691893217288,False,-0.1818500002650158,0.0,-0.18185000026501566,0.0,-0.21276595393790607,True,True
MEX,1990,1995,0.0552653693455154,-0.057486272502695446,True,-0.10630800231273772,0.07533017262538345,-0.18163817493812118,-0.04731822013855003,-0.25218966986566077,True,True
MEX,2005,2010,-0.014670974041646634,-0.07629529543526004,False,-0.23659449512790096,-0.011164887624821504,-0.22542960750307936,0.007290750741959007,-0.399501451369949,False,True
MEX,2010,2015,0.033553717000039285,0.0022738780917881396,False,-0.1275772791660797,-0.006156681562868825,-0.12142059760321093,0.003985673189162986,-0.15619566934185125,False,True
NLD,1955,1960,0.13835378820660882,-0.06697757119341907,True,-0.0779516949154776,0.0,-0.07795169491547747,0.0,-0.18349770604030766,True,True
NLD,2005,2010,0.028373295140980304,-0.02889549393568358,True,-0.4289488255841073,0.009790628355367698,-0.4387394539394749,-0.004010617733000932,-0.5363435530482143,True,True
NOR,1955,1960,0.1822881336847293,-0.0014132920937652838,True,-0.0661881921722396,0.0,-0.0661881921722396,0.0,-0.1105380391424032,True,True
NOR,1965,1970,0.21831365840707573,0.0049770130431989745,False,-0.17118151244104896,0.0,-0.17118151244104896,0.0,-0.2167526646971841,True,True
NOR,2005,2010,-0.05051530053191211,-0.11161365013720626,False,-0.3879119825760231,-0.06831466929734918,-0.31959731327867397,0.03601798415184099,-0.5220776310084903,False,True
NOR,2010,2015,0.02890994010296577,-0.04956172360865163,True,-0.39508470778439025,-0.07779883648142703,-0.3172858713029632,0.03813076019287098,-0.40437803575970116,False,True
NOR,2015,2020,0.024448659054318256,-0.0906878399530835,True,-0.11809370362102005,-0.07262452210761759,-0.04546918151340249,0.03301471471786499,-0.1072227332852475,False,False
NZL,1950,1955,,,,-0.13711077896728138,0.0,-0.13711077896728138,0.0,,True,True
NZL,1965,1970,,,,-0.08954479653814161,0.0,-0.08954479653814174,0.0,-0.1533322129177224,True,True
NZL,1970,1975,0.09229222512175372,-0.03567829185938065,True,-0.0982926382853524,0.0,-0.0982926382853524,0.0,-0.4625620482152003,True,True
NZL,1975,1980,-0.06252638036233238,-0.10944566594569605,False,-0.148782510063049,0.0,-0.14878251006304888,0.0,-0.4666617917314581,True,True
NZL,2005,2010,0.06598399314363768,-0.07305824736012978,True,-0.12684322135415613,-0.07373022581947146,-0.05311299553468464,0.03298592567443803,-0.2634273104261982,False,False
NZL,2010,2015,0.05623617956955851,0.010385660124631935,False,-0.06055197530290915,0.05480387659526202,-0.11535585189817128,-0.024285137653349942,-0.10928221913926546,True,True
POL,1970,1975,,,,-0.16749631853532793,0.0,-0.16749631853532793,0.0,,True,True
POL,1975,1980,,,,-0.24129594529699508,0.0,-0.24129594529699494,0.0,-0.5832721259268074,True,True
POL,1980,1985,,,,-0.3359256063518147,0.0,-0.3359256063518147,0.0,-0.7332974395915884,True,True
POL,2015,2020,0.1208150026433783,-0.023455376754301205,True,-0.07734022294078985,-0.054761981905119404,-0.02257824103567045,0.023265063762665017,-0.04768996359087766,False,False
PRT,1955,1960,0.2303772580358583,-0.05148978833172202,True,-0.07426765005550635,0.0,-0.07426765005550635,0.0,-0.0980045428053685,True,True
PRT,1960,1965,0.34448971891893265,-0.06785080275705013,True,-0.07361382023814046,0.0,-0.07361382023814046,0.0,-0.22341847742922274,True,True
PRT,1970,1975,0.07752469065730283,-0.15826164611436555,True,-0.17796098117667394,0.0,-0.17796098117667394,0.0,-0.48080486942360856,True,True
PRT,1980,1985,-0.010389431871907995,-0.1413449692063713,False,-0.2606900275779097,0.11602514353403483,-0.3767151711119445,-0.04213070869445801,-0.5723315558590637,True,True
PRT,1985,1990,0.14439171584957933,0.08445327644152689,False,-0.10591227884207306,-0.03394578143489947,-0.07196649740717367,0.012836098670959029,-0.23237858079947496,False,True
PRT,1990,1995,0.07501945857419479,-0.09076459390817493,True,-0.21053666984150698,-0.028294451532930413,-0.1822422183085767,0.01037114858627397,-0.37726281557265107,False,True
PRT,2000,2005,0.054394764449194444,-0.1102568077779651,True,-0.09771446888702585,-0.0015499214839595529,-0.09616454740306637,0.000541687011718972,-0.28286583182708475,False,True
PRT,2005,2010,0.06562331333650695,-0.06454698314324547,True,-0.24906233684175463,0.09007888869212864,-0.339141225533883,-0.03291791677474998,-0.3730322194538098,True,True
PRT,2015,2020,0.021288587973766315,-0.010802857916253572,True,-0.10631160442834266,-0.10347805469267994,-0.0028335497356629085,0.04113292694091797,-0.10085555026619801,False,False
SVK,1990,1995,0.03858101002382597,-0.18362318159603297,True,-0.21047197909261334,0.0918887047962723,-0.3023606838888855,-0.04514014720916698,,True,True
SVK,2005,2010,0.1966958618993946,0.11079838271380904,False,-0.054288835220207915,0.025069508406873765,-0.0793583436270814,-0.012748479843138982,-0.19037419892870036,True,True
SVK,2010,2015,0.10324419838368204,0.014510668049792397,False,-0.2067745960862718,-0.016263325532462188,-0.1905112705538097,0.008306682109831987,-0.24729813522907054,False,True
SVK,2015,2020,0.13741884475460964,-0.005129285694352781,True,-0.2509478163563895,-0.14470622194047275,-0.10624159441591678,0.06825357675552401,-0.24089344055841014,False,False
SVN,2005,2010,0.06589810508282401,-0.045016243994203675,True,-0.141200439210656,-0.005572703959070954,-0.13562773525158495,0.0018996596336370297,-0.30550186171589144,False,True
SVN,2010,2015,0.03524530534477499,0.0011992067746708912,False,-0.13864506872017315,0.07801715338005386,-0.21666222210022681,-0.027582943439483976,-0.131436507710791,True,True
SWE,1950,1955,0.16111997886095608,-0.011236134650082441,True,-0.12464265654758346,-0.09876587602283214,-0.025876780524751383,0.035292565822601984,,False,False
SWE,1975,1980,0.07295160121247068,-0.06282534723477595,True,-0.12130426500098954,-0.029580558243455686,-0.09172370675753368,0.009799063205718994,-0.4994819172365635,False,True
SWE,1985,1990,0.05243641906795515,-0.02070864133628625,True,-0.1630746075510679,-0.08107103936982848,-0.08200356818123948,0.029876112937927024,-0.43785763138730216,False,True
SWE,2005,2010,0.02503051250096444,0.003193265943977952,False,-0.3606938287632154,-0.012415661009330732,-0.34827816775388476,0.004924297332764005,-0.44158144033129076,False,True
SWE,2010,2015,0.04674204044775898,0.03588643515044554,False,-0.09626892966968678,-0.02971124951989996,-0.06655768014978677,0.011538803577422985,-0.1241197295392055,False,True
SWE,2015,2020,0.041112186362829206,-0.026025532111834337,True,-0.09315034636584037,-0.0028774731180809285,-0.09027287324775943,0.001099407672881969,-0.11902317569837714,False,True
TUR,1955,1960,,,,-0.11388353424634694,0.0,-0.11388353424634694,0.0,-0.14479328538518593,True,True
TUR,1960,1965,,,,-0.07749688855422565,0.0,-0.07749688855422565,0.0,-0.15571919244020052,True,True
TUR,1965,1970,,,,-0.0503131153440906,0.0,-0.0503131153440906,0.0,-0.10953890230280994,True,True
TUR,1970,1975,0.22126399548937759,-0.16160770452326706,True,-0.08565882460787301,0.0,-0.08565882460787301,0.0,-0.4419632174542536,True,True
TUR,1975,1980,0.07269605518397348,-0.18779686091214953,True,-0.27421215939173155,0.0,-0.27421215939173166,0.0,-0.5616996518222915,True,True
TUR,1995,2000,0.10255856836777744,-0.08475080944270008,True,-0.08881122075225677,0.0,-0.08881122075225677,0.0,-0.07353509792806462,True,True
TUR,2005,2010,0.06886235260392937,-0.17740646834746243,True,-0.5116897275181488,-0.01950985023656982,-0.4921798772815789,0.011511474847793024,-0.6062101065489304,False,True
TUR,2010,2015,0.2130899207668291,-0.02427540304281961,True,-0.22839006668572837,-0.02020020597237975,-0.20818986071334875,0.011684507131576982,-0.24917004547063265,False,True
USA,1955,1960,0.11296039825562287,-0.02956631771680507,True,-0.05620853243202689,-0.02688243932816571,-0.029326093103861212,0.009897708892821933,-0.11596298825437404,False,True
USA,1965,1970,0.1001532510689973,-0.012361049755504672,True,-0.09319795847529518,-0.08102724609096715,-0.012170712384328078,0.02962577342987105,-0.19730997736360517,False,False
