variant,outcome,est,se,ci90_lo,ci90_hi,wild_lo,wild_hi,p_wild,G,n,label
first full year (main),gos_share,1.5725492024946899,0.5513570640527018,0.4675807171960946,2.7145026712262736,0.4675807171960946,2.7145026712262736,0.032803280328032806,30,1650,подтверждено
first full year (main),comp_share,-1.0170522826434634,0.550913599366067,-2.108706169196262,0.03639705158127793,-2.108706169196262,0.03639705158127793,0.11661166116611661,30,1650,описательно
enactment year,gos_share,1.3979839280578639,0.4842385159408896,0.4509823010546814,2.3528519287895566,0.4509823010546814,2.3528519287895566,0.0241024102410241,30,1625,подтверждено
enactment year,comp_share,-0.8761047057885663,0.4847602588098259,-1.7533010525119854,-0.005280300843125363,-1.7533010525119854,-0.005280300843125363,0.1002100210021002,30,1625,описательно
single state OK 2002,gos_share,3.672552471684528,0.26518096422616033,3.218859112056887,4.126245831312168,3.4449959401219763,3.9012954879494295,0.0,25,275,описательно (один кластер лечения)
single state IN 2013,gos_share,0.5585468218476095,0.2569463327560092,0.11894194563690852,0.9981516980583105,0.3352630488092787,0.780350111167839,0.0,25,275,описательно (один кластер лечения)
single state MI 2013,gos_share,2.132213583971055,0.2569463327560092,1.6926087077603542,2.571818460181756,1.9113077340140843,2.352442398325883,0.0,25,275,описательно (один кластер лечения)
single state WI 2016,gos_share,0.7739242636947641,0.2340411557061344,0.37350744443584655,1.1743410829536816,0.5722359012387437,0.9768347642288033,0.0,25,275,описательно (один кластер лечения)
single state WV 2017,gos_share,2.529773665903094,0.19332703127251977,2.1990139125368504,2.8605334192693377,2.3638584266436466,2.696825853126143,0.0,25,275,описательно (один кластер лечения)
single state KY 2018,gos_share,-0.23171559213290943,0.17678484688347262,-0.5341736186653748,0.07074243439955596,-0.38352337876267784,-0.07864971291007672,0.0,25,275,описательно (один кластер лечения)
"SIC 1963-1997: LA 1976, ID 1985 (descriptive)",gos_share,-1.0221532041227102,0.7054203345637957,-2.8802277652394235,0.8083129239175595,-2.8802277652394235,0.8083129239175595,0.34463446344634463,26,550,описательно
"SIC 1963-1997: LA 1976, ID 1985 (descriptive)",comp_share,-0.08437873802704908,0.7883512846205366,-2.9997939326114453,2.874939180256322,-2.9997939326114453,2.874939180256322,0.8935893589358936,26,550,описательно
