year,gap,case
1991,0.3953865938303238,Hartz IV 2005 (outcome 51)
1992,0.19789915595069374,Hartz IV 2005 (outcome 51)
1993,0.037035727134693275,Hartz IV 2005 (outcome 51)
1994,-0.21108686581823832,Hartz IV 2005 (outcome 51)
1995,-0.41518479869466773,Hartz IV 2005 (outcome 51)
1996,-0.18251179320006372,Hartz IV 2005 (outcome 51)
1997,0.10193494178675877,Hartz IV 2005 (outcome 51)
1998,0.5878024908912991,Hartz IV 2005 (outcome 51)
1999,0.1320873989067124,Hartz IV 2005 (outcome 51)
2000,-0.7031758800350474,Hartz IV 2005 (outcome 51)
2001,-0.1962922484595282,Hartz IV 2005 (outcome 51)
2002,0.30211785156310356,Hartz IV 2005 (outcome 51)
2003,-0.17337142327596666,Hartz IV 2005 (outcome 51)
2004,0.3059110426209415,Hartz IV 2005 (outcome 51)
2005,0.6564243482373868,Hartz IV 2005 (outcome 51)
2006,0.9865462118071946,Hartz IV 2005 (outcome 51)
2007,1.4180870856047534,Hartz IV 2005 (outcome 51)
2008,0.37269752803369727,Hartz IV 2005 (outcome 51)
2009,-0.9722124250989879,Hartz IV 2005 (outcome 51)
2010,-0.6241171706197477,Hartz IV 2005 (outcome 51)
2011,-0.022542941760605117,Hartz IV 2005 (outcome 51)
2012,-1.0130785766051105,Hartz IV 2005 (outcome 51)
1991,0.40342967264398055,Hartz I-II 2003 (variant)
1992,0.21343475060781003,Hartz I-II 2003 (variant)
1993,0.044424848931683414,Hartz I-II 2003 (variant)
1994,-0.21374688003311348,Hartz I-II 2003 (variant)
1995,-0.42194869525962986,Hartz I-II 2003 (variant)
1996,-0.15561507955546716,Hartz I-II 2003 (variant)
1997,0.09089065949932262,Hartz I-II 2003 (variant)
1998,0.5944008959204083,Hartz I-II 2003 (variant)
1999,0.10399770389933849,Hartz I-II 2003 (variant)
2000,-0.6859026949713822,Hartz I-II 2003 (variant)
2001,-0.15181146905662501,Hartz I-II 2003 (variant)
2002,0.3389321373066636,Hartz I-II 2003 (variant)
2003,-0.1507759502286632,Hartz I-II 2003 (variant)
2004,0.33742705110834237,Hartz I-II 2003 (variant)
2005,0.6413514900966888,Hartz I-II 2003 (variant)
2006,0.976355056149302,Hartz I-II 2003 (variant)
2007,1.4123736719594078,Hartz I-II 2003 (variant)
2008,0.3067029082057928,Hartz I-II 2003 (variant)
2009,-1.085594852820897,Hartz I-II 2003 (variant)
2010,-0.73278448551428,Hartz I-II 2003 (variant)
2011,-0.15640631472967215,Hartz I-II 2003 (variant)
2012,-1.161630178624307,Hartz I-II 2003 (variant)
2005,-0.24571082827765878,Germany minimum wage 2015
2006,-0.019322534004217573,Germany minimum wage 2015
2007,0.29370924799042797,Germany minimum wage 2015
2008,0.05924223866543343,Germany minimum wage 2015
2009,-0.2257256119286879,Germany minimum wage 2015
2010,-0.12057523126611613,Germany minimum wage 2015
2011,0.432943037083092,Germany minimum wage 2015
2012,-0.013626370760746909,Germany minimum wage 2015
2013,-0.14333355054392882,Germany minimum wage 2015
2014,-0.017880769707140587,Germany minimum wage 2015
2015,-1.4811767955900734,Germany minimum wage 2015
2016,-1.3316922992966553,Germany minimum wage 2015
2017,-1.5501038062637846,Germany minimum wage 2015
2018,-2.065479761463294,Germany minimum wage 2015
2019,-2.560900080039076,Germany minimum wage 2015
1989,0.708889737743263,UK NMW 1999
1990,0.45817879534042305,UK NMW 1999
1991,-0.9034065674524641,UK NMW 1999
1992,-0.48667250171887133,UK NMW 1999
1993,-0.42647536284958676,UK NMW 1999
1994,0.7847344266971064,UK NMW 1999
1995,-0.21319228328919593,UK NMW 1999
1996,1.351174677820957,UK NMW 1999
1997,-0.3537707654297293,UK NMW 1999
1998,0.26771449535566916,UK NMW 1999
1999,-2.4265747138278115,UK NMW 1999
2000,-5.075541781878677,UK NMW 1999
2001,-5.9553794666691005,UK NMW 1999
2002,-4.042386564961255,UK NMW 1999
2003,-4.481452299527248,UK NMW 1999
2006,0.44855001338487455,UK NLW 2016
2007,-1.1613717506688062,UK NLW 2016
2008,0.2621947893048926,UK NLW 2016
2009,0.9297212562009776,UK NLW 2016
2010,-0.6062258251273107,UK NLW 2016
2011,-0.46429577687543144,UK NLW 2016
2012,-0.11155113988561283,UK NLW 2016
2013,-0.28120998398132,UK NLW 2016
2014,0.3974851401522983,UK NLW 2016
2015,0.05548817204528689,UK NLW 2016
2016,-0.2895630992594107,UK NLW 2016
2017,0.3706159161492337,UK NLW 2016
2018,0.84079493429347,UK NLW 2016
2019,0.05806054698295782,UK NLW 2016
2009,0.2680617184241001,Spain minimum wage +22% 2019
2010,-0.7532016440394855,Spain minimum wage +22% 2019
2011,0.001752111508494636,Spain minimum wage +22% 2019
2012,0.2677490234232849,Spain minimum wage +22% 2019
2013,0.3123617440269655,Spain minimum wage +22% 2019
2014,-0.12659452698602536,Spain minimum wage +22% 2019
2015,-0.22505450647671665,Spain minimum wage +22% 2019
2016,-0.2419697780642025,Spain minimum wage +22% 2019
2017,0.26148314048113264,Spain minimum wage +22% 2019
2018,0.21679560776560436,Spain minimum wage +22% 2019
2019,-0.7784395390493728,Spain minimum wage +22% 2019
