source,country,cells,flagged,R1,R2,R3,R4,corrected,артефакт заполнения,не проверяемо,ошибка: выброс,ошибка: пропуск,подтверждено вторым источником,разрыв ряда,расхождение источников,следствие выброса
FIGARO,AUT,978,129,14,115,0,0,0,0,74,1,0,33,1,22,1
FIGARO,CZE,978,108,1,108,0,0,0,0,58,0,0,20,0,30,0
FIGARO,DEU,978,130,1,126,0,3,0,0,77,0,0,34,3,16,0
FIGARO,ESP,978,106,17,94,0,1,0,0,70,0,0,26,1,9,0
FIGARO,FRA,978,134,25,132,0,1,0,0,82,0,0,35,1,16,0
FIGARO,GBR,978,91,21,90,0,1,0,0,60,0,0,30,1,0,0
FIGARO,ITA,978,123,2,123,0,2,1,0,71,1,0,34,0,16,1
FIGARO,JPN,978,240,157,151,0,0,0,198,27,0,0,10,0,5,0
FIGARO,KOR,964,210,105,111,0,14,0,192,4,0,0,0,14,0,0
FIGARO,MEX,978,342,78,302,0,2,0,0,179,0,0,79,2,82,0
FIGARO,NLD,978,118,0,118,0,1,0,0,71,0,0,31,1,15,0
FIGARO,POL,978,140,56,129,0,0,0,0,72,0,0,21,1,47,0
FIGARO,USA,814,92,61,53,0,5,0,0,57,0,0,14,5,16,0
WIOD,AUS,810,97,38,81,0,5,0,0,92,0,0,0,5,0,0
WIOD,AUT,810,90,8,90,0,0,0,0,57,0,0,33,0,0,0
WIOD,BEL,810,117,0,117,0,0,0,0,117,0,0,0,0,0,0
WIOD,BGR,810,104,34,91,0,0,0,0,104,0,0,0,0,0,0
WIOD,BRA,810,234,159,153,0,0,0,0,234,0,0,0,0,0,0
WIOD,CAN,810,60,0,60,0,0,0,0,60,0,0,0,0,0,0
WIOD,CHE,810,129,58,98,0,0,0,0,129,0,0,0,0,0,0
WIOD,CHN,810,705,0,0,705,0,0,0,0,0,705,0,0,0,0
WIOD,CYP,810,174,16,160,0,6,0,0,168,0,0,0,6,0,0
WIOD,CZE,810,67,7,67,0,0,0,0,47,0,0,20,0,0,0
WIOD,DEU,810,94,0,94,0,0,0,0,60,0,0,34,0,0,0
WIOD,DNK,810,96,0,96,0,7,1,0,89,1,0,0,5,0,1
WIOD,ESP,810,83,21,62,0,0,0,0,57,0,0,26,0,0,0
WIOD,EST,810,120,41,103,2,20,2,0,98,2,2,0,16,0,2
WIOD,FIN,810,66,0,66,0,0,0,0,66,0,0,0,0,0,0
WIOD,FRA,810,98,1,98,0,0,0,0,63,0,0,35,0,0,0
WIOD,GBR,810,84,37,84,0,0,0,0,54,0,0,30,0,0,0
WIOD,GRC,810,156,33,144,0,0,0,0,156,0,0,0,0,0,0
WIOD,HRV,810,86,70,43,0,0,0,0,86,0,0,0,0,0,0
WIOD,HUN,810,74,16,67,0,0,0,0,74,0,0,0,0,0,0
WIOD,IDN,810,266,199,196,0,7,0,0,259,0,0,0,7,0,0
WIOD,IND,810,257,104,206,0,0,0,0,257,0,0,0,0,0,0
WIOD,IRL,810,139,65,101,0,4,1,0,135,1,0,0,2,0,1
WIOD,ITA,810,118,0,118,0,0,0,0,78,0,0,34,0,6,0
WIOD,JPN,810,95,13,82,0,0,0,0,66,0,0,18,0,11,0
WIOD,KOR,810,134,15,126,0,0,0,0,90,0,0,23,0,21,0
WIOD,LTU,810,146,44,121,0,5,0,0,141,0,0,0,5,0,0
WIOD,LUX,810,160,12,147,0,2,0,0,158,0,0,0,2,0,0
WIOD,LVA,810,144,34,140,1,2,1,0,141,0,1,0,2,0,0
WIOD,MEX,810,276,166,211,0,0,0,0,182,0,0,79,0,15,0
WIOD,MLT,810,101,7,96,0,5,1,0,96,1,0,0,3,0,1
WIOD,NLD,810,82,2,82,0,1,0,0,49,0,0,31,1,1,0
WIOD,NOR,810,54,0,54,0,9,3,0,45,3,0,0,5,0,1
WIOD,POL,810,72,9,69,0,1,0,0,49,0,0,20,1,2,0
WIOD,PRT,810,147,51,126,0,0,0,0,147,0,0,0,0,0,0
WIOD,ROU,810,158,46,131,0,1,0,0,157,0,0,0,1,0,0
WIOD,RUS,810,72,54,24,0,0,0,0,72,0,0,0,0,0,0
WIOD,SVK,810,86,1,86,0,1,0,0,85,0,0,0,1,0,0
WIOD,SVN,810,75,0,75,0,0,0,0,75,0,0,0,0,0,0
WIOD,SWE,810,62,0,62,0,0,0,0,62,0,0,0,0,0,0
WIOD,TUR,810,155,60,121,0,1,0,0,154,0,0,0,1,0,0
WIOD,TWN,810,116,12,116,0,0,0,0,116,0,0,0,0,0,0
WIOD,USA,810,85,15,70,0,0,0,0,65,0,0,14,0,6,0
