country,year,d,d_source,share_d0,share_d,labour_part_d0,labour_part_d,mawd_labour_d0,mawd_labour_d,bundle_scale,note
USA,2010,0.8363363085426103,ATUS,0.6666666666666666,0.0392156862745098,0.6526934011965118,0.9578102541230163,0.30613723771138224,0.30613723771138224,0.2680099195722505,
USA,2011,0.8054692269262119,ATUS,0.6862745098039216,0.0392156862745098,0.6476033612599161,0.9603268020581951,0.3036736274067946,0.3036736274067946,0.3233016435360696,
USA,2012,0.7954120284393937,ATUS,0.6666666666666666,0.0392156862745098,0.6447902827795449,0.9610910131235366,0.308446611336687,0.308446611336687,0.33908457897632616,
USA,2013,0.8271690922999254,ATUS,0.6862745098039216,0.0392156862745098,0.6455149950329631,0.958627904063569,0.30488900321836004,0.30488900321836004,0.28472222678556136,
USA,2014,0.7962072537518895,ATUS,0.6666666666666666,0.0392156862745098,0.6503882985714977,0.9614375456888286,0.30237476900484556,0.30237476900484556,0.33539075712997146,
USA,2015,0.828539827157865,ATUS,0.6274509803921569,0.0392156862745098,0.6671916420355952,0.9590915837169288,0.3058480744130113,0.3058480744130113,0.27652188724641746,
USA,2016,0.8011599006858914,ATUS,0.6078431372549019,0.0392156862745098,0.6734290973195057,0.9621840474465053,0.30971648092185733,0.30971648092185733,0.3206613379807095,
USA,2017,0.8047177694417816,ATUS,0.6078431372549019,0.0392156862745098,0.6729541695194436,0.9616842681072545,0.3106598557820197,0.3106598557820197,0.31434153716327273,
USA,2018,0.7870645992574502,ATUS,0.6274509803921569,0.0392156862745098,0.6732654902599546,0.9624245568247048,0.3118894331109814,0.3118894331109814,0.3431429148567986,
USA,2019,0.7783451211510051,ATUS,0.6274509803921569,0.0784313725490196,0.678349641087728,0.963488945605415,0.3174715342717308,0.3174715342717308,0.3559741193748778,
USA,2020,0.8808596935041803,ATUS,0.6274509803921569,0.058823529411764705,0.7053721939945697,0.9513602981511882,0.3271642106939023,0.3271642106939023,0.18372295212793688,
USA,2021,0.8294677780878611,ATUS,0.6470588235294118,0.0392156862745098,0.6840971711817521,0.9586210805782938,0.3246070067901023,0.3246070067901023,0.2749954552145937,
USA,2022,0.812786141383167,ATUS,0.7254901960784313,0.0392156862745098,0.6644425952943179,0.9606235665961596,0.3390245103640752,0.3390245103640752,0.311856303697823,
DEU,2010,1.103030303030303,HETUS 2010,0.46774193548387094,,0.6496063554723287,,0.18063515710614753,,0.0,not productive: spectral radius 1.1030 >= 1: system not productive
DEU,2011,1.103030303030303,HETUS 2010,0.43548387096774194,,0.6509988310627808,,0.17822352463991079,,0.0,not productive: spectral radius 1.1030 >= 1: system not productive
DEU,2012,1.103030303030303,HETUS 2010,0.41935483870967744,,0.6627329475857919,,0.17174554200839925,,0.0,not productive: spectral radius 1.1030 >= 1: system not productive
DEU,2013,1.103030303030303,HETUS 2010,0.43548387096774194,,0.6675624959260749,,0.1655315112578642,,0.0,not productive: spectral radius 1.1030 >= 1: system not productive
DEU,2014,1.103030303030303,HETUS 2010,0.41935483870967744,,0.6651220060049595,,0.16339087898041893,,0.0,not productive: spectral radius 1.1030 >= 1: system not productive
DEU,2015,1.103030303030303,HETUS 2010,0.45161290322580644,,0.6770150546329975,,0.16687921948859005,,0.0,not productive: spectral radius 1.1030 >= 1: system not productive
DEU,2016,1.103030303030303,HETUS 2010,0.43548387096774194,,0.6730850380818743,,0.16703498662779728,,0.0,not productive: spectral radius 1.1030 >= 1: system not productive
DEU,2017,1.103030303030303,HETUS 2010,0.46774193548387094,,0.6827154042735453,,0.16437802096665882,,0.0,not productive: spectral radius 1.1030 >= 1: system not productive
DEU,2018,1.103030303030303,HETUS 2010,0.45161290322580644,,0.6775182510364126,,0.1586240202264692,,0.0,not productive: spectral radius 1.1030 >= 1: system not productive
DEU,2019,1.103030303030303,HETUS 2010,0.45161290322580644,,0.6854163410893505,,0.14893118150604778,,0.0,not productive: spectral radius 1.1030 >= 1: system not productive
DEU,2020,1.103030303030303,HETUS 2010,0.41935483870967744,,0.7032607884854815,,0.14393385218221613,,0.0,not productive: spectral radius 1.1030 >= 1: system not productive
DEU,2021,1.103030303030303,HETUS 2010,0.45161290322580644,,0.6735816179587484,,0.14408948428156956,,0.0,not productive: spectral radius 1.1030 >= 1: system not productive
DEU,2022,1.103030303030303,HETUS 2010,0.45161290322580644,,0.6424475533528246,,0.12898284305596436,,0.0,not productive: spectral radius 1.1030 >= 1: system not productive
FRA,2010,1.1420118343195267,HETUS 2010,0.5,,0.6089603848429468,,0.23071833646381085,,0.0,not productive: spectral radius 1.1420 >= 1: system not productive
FRA,2011,1.1420118343195267,HETUS 2010,0.5,,0.6021271285318083,,0.22052749876799094,,0.0,not productive: spectral radius 1.1420 >= 1: system not productive
FRA,2012,1.1420118343195267,HETUS 2010,0.5,,0.6074553357973453,,0.21633874222624697,,0.0,not productive: spectral radius 1.1420 >= 1: system not productive
FRA,2013,1.1420118343195267,HETUS 2010,0.4838709677419355,,0.6072255172052773,,0.2198991050578917,,0.0,not productive: spectral radius 1.1420 >= 1: system not productive
FRA,2014,1.1420118343195267,HETUS 2010,0.4838709677419355,,0.615272724624411,,0.22313694303532078,,0.0,not productive: spectral radius 1.1420 >= 1: system not productive
FRA,2015,1.1420118343195267,HETUS 2010,0.5,,0.6158040469820688,,0.22591052610304757,,0.0,not productive: spectral radius 1.1420 >= 1: system not productive
FRA,2016,1.1420118343195267,HETUS 2010,0.5,,0.6064764995344037,,0.22456076746123108,,0.0,not productive: spectral radius 1.1420 >= 1: system not productive
FRA,2017,1.1420118343195267,HETUS 2010,0.45161290322580644,,0.6053597535907352,,0.21625895466759684,,0.0,not productive: spectral radius 1.1420 >= 1: system not productive
FRA,2018,1.1420118343195267,HETUS 2010,0.46774193548387094,,0.6010584542729696,,0.21280135710300663,,0.0,not productive: spectral radius 1.1420 >= 1: system not productive
FRA,2019,1.1420118343195267,HETUS 2010,0.4838709677419355,,0.594632812362142,,0.21293082990889742,,0.0,not productive: spectral radius 1.1420 >= 1: system not productive
FRA,2020,1.1420118343195267,HETUS 2010,0.5161290322580645,,0.6366565671844541,,0.2092473980977361,,0.0,not productive: spectral radius 1.1420 >= 1: system not productive
FRA,2021,1.1420118343195267,HETUS 2010,0.5,,0.6311533943815477,,0.2025453412040247,,0.0,not productive: spectral radius 1.1420 >= 1: system not productive
FRA,2022,1.1420118343195267,HETUS 2010,0.46774193548387094,,0.5947905987084239,,0.181185637926216,,0.0,not productive: spectral radius 1.1420 >= 1: system not productive
ITA,2010,1.0789473684210527,HETUS 2010,0.3709677419354839,,0.5775565228457051,,0.19316863073917898,,0.0,not productive: spectral radius 1.0789 >= 1: system not productive
ITA,2011,1.0789473684210527,HETUS 2010,0.3709677419354839,,0.5703220359275998,,0.18939829561957597,,0.0,not productive: spectral radius 1.0789 >= 1: system not productive
ITA,2012,1.0789473684210527,HETUS 2010,0.3225806451612903,,0.5874790451236777,,0.19286939496614547,,0.0,not productive: spectral radius 1.0789 >= 1: system not productive
ITA,2013,1.0789473684210527,HETUS 2010,0.3225806451612903,,0.5941538933842063,,0.19649000830602117,,0.0,not productive: spectral radius 1.0789 >= 1: system not productive
ITA,2014,1.0789473684210527,HETUS 2010,0.3548387096774194,,0.594236180371498,,0.2018854050084616,,0.0,not productive: spectral radius 1.0789 >= 1: system not productive
ITA,2015,1.0789473684210527,HETUS 2010,0.3064516129032258,,0.5836018558475315,,0.20082754124659666,,0.0,not productive: spectral radius 1.0789 >= 1: system not productive
ITA,2016,1.0789473684210527,HETUS 2010,0.3492063492063492,,0.5913454100332851,,0.20178339203542173,,0.0,not productive: spectral radius 1.0789 >= 1: system not productive
ITA,2017,1.0789473684210527,HETUS 2010,0.36507936507936506,,0.5711585531097154,,0.19421509866181658,,0.0,not productive: spectral radius 1.0789 >= 1: system not productive
ITA,2018,1.0789473684210527,HETUS 2010,0.3548387096774194,,0.5811487575235469,,0.19170831084978357,,0.0,not productive: spectral radius 1.0789 >= 1: system not productive
ITA,2019,1.0789473684210527,HETUS 2010,0.3709677419354839,,0.583767557832826,,0.18870329895758592,,0.0,not productive: spectral radius 1.0789 >= 1: system not productive
ITA,2020,1.0789473684210527,HETUS 2010,0.3709677419354839,,0.6205650824733064,,0.19523029714288928,,0.0,not productive: spectral radius 1.0789 >= 1: system not productive
ITA,2021,1.0789473684210527,HETUS 2010,0.3064516129032258,,0.5953356182598487,,0.1717737362082259,,0.0,not productive: spectral radius 1.0789 >= 1: system not productive
ITA,2022,1.0789473684210527,HETUS 2010,0.2903225806451613,,0.5366057827830217,,0.16330757886764044,,0.0,not productive: spectral radius 1.0789 >= 1: system not productive
ESP,2010,1.1179775280898876,HETUS 2010,0.5161290322580645,,0.5617983555006337,,0.21910280262826254,,0.0,not productive: spectral radius 1.1180 >= 1: system not productive
ESP,2011,1.1179775280898876,HETUS 2010,0.5806451612903226,,0.5438554519872735,,0.23144441206760727,,0.0,not productive: spectral radius 1.1180 >= 1: system not productive
ESP,2012,1.1179775280898876,HETUS 2010,0.5483870967741935,,0.5271319180311171,,0.2512035104955554,,0.0,not productive: spectral radius 1.1180 >= 1: system not productive
ESP,2013,1.1179775280898876,HETUS 2010,0.5483870967741935,,0.5143819076824228,,0.27269570527727954,,0.0,not productive: spectral radius 1.1180 >= 1: system not productive
ESP,2014,1.1179775280898876,HETUS 2010,0.5,,0.517248468831923,,0.26004519608856796,,0.0,not productive: spectral radius 1.1180 >= 1: system not productive
ESP,2015,1.1179775280898876,HETUS 2010,0.5,,0.5265312089598689,,0.23796188494360365,,0.0,not productive: spectral radius 1.1180 >= 1: system not productive
ESP,2016,1.1179775280898876,HETUS 2010,0.4838709677419355,,0.5300559020766271,,0.23605516955027347,,0.0,not productive: spectral radius 1.1180 >= 1: system not productive
ESP,2017,1.1179775280898876,HETUS 2010,0.4838709677419355,,0.5211722381709445,,0.2322140420120873,,0.0,not productive: spectral radius 1.1180 >= 1: system not productive
ESP,2018,1.1179775280898876,HETUS 2010,0.5,,0.522339615704013,,0.23739424435983858,,0.0,not productive: spectral radius 1.1180 >= 1: system not productive
ESP,2019,1.1179775280898876,HETUS 2010,0.5,,0.5314094781427571,,0.22481186218631918,,0.0,not productive: spectral radius 1.1180 >= 1: system not productive
ESP,2020,1.1179775280898876,HETUS 2010,0.5483870967741935,,0.5778833989545,,0.25285749653650635,,0.0,not productive: spectral radius 1.1180 >= 1: system not productive
ESP,2021,1.1179775280898876,HETUS 2010,0.5806451612903226,,0.5452403995566171,,0.21879510379344408,,0.0,not productive: spectral radius 1.1180 >= 1: system not productive
ESP,2022,1.1179775280898876,HETUS 2010,0.5161290322580645,,0.502372729632395,,0.20250486918194222,,0.0,not productive: spectral radius 1.1180 >= 1: system not productive
NLD,2010,1.0424242424242425,HETUS 2010,0.5967741935483871,,0.6489841896833837,,0.2408970143165663,,0.0,not productive: spectral radius 1.0424 >= 1: system not productive
NLD,2011,1.0424242424242425,HETUS 2010,0.6129032258064516,,0.6360496282963252,,0.23561472880474194,,0.0,not productive: spectral radius 1.0424 >= 1: system not productive
NLD,2012,1.0424242424242425,HETUS 2010,0.6290322580645161,,0.6430891437906665,,0.2497432722014687,,0.0,not productive: spectral radius 1.0424 >= 1: system not productive
NLD,2013,1.0424242424242425,HETUS 2010,0.6290322580645161,,0.6382818249272388,,0.24779162787636558,,0.0,not productive: spectral radius 1.0424 >= 1: system not productive
NLD,2014,1.0424242424242425,HETUS 2010,0.6129032258064516,,0.6289729445097562,,0.23374829321639604,,0.0,not productive: spectral radius 1.0424 >= 1: system not productive
NLD,2015,1.0424242424242425,HETUS 2010,0.5645161290322581,,0.5965235752608287,,0.2229729328270192,,0.0,not productive: spectral radius 1.0424 >= 1: system not productive
NLD,2016,1.0424242424242425,HETUS 2010,0.5645161290322581,,0.6128614599923685,,0.20945557529593864,,0.0,not productive: spectral radius 1.0424 >= 1: system not productive
NLD,2017,1.0424242424242425,HETUS 2010,0.5806451612903226,,0.5997979053943558,,0.20494351128889565,,0.0,not productive: spectral radius 1.0424 >= 1: system not productive
NLD,2018,1.0424242424242425,HETUS 2010,0.5806451612903226,,0.6024990597772107,,0.1916274205675689,,0.0,not productive: spectral radius 1.0424 >= 1: system not productive
NLD,2019,1.0424242424242425,HETUS 2010,0.5806451612903226,,0.5939190099434317,,0.18999311185989465,,0.0,not productive: spectral radius 1.0424 >= 1: system not productive
NLD,2020,1.0424242424242425,HETUS 2010,0.5645161290322581,,0.6043576358894238,,0.18765467893226995,,0.0,not productive: spectral radius 1.0424 >= 1: system not productive
NLD,2021,1.0424242424242425,HETUS 2010,0.532258064516129,,0.6005342043068285,,0.18056851600908672,,0.0,not productive: spectral radius 1.0424 >= 1: system not productive
NLD,2022,1.0424242424242425,HETUS 2010,0.6129032258064516,,0.564387051357528,,0.18996335149478158,,0.0,not productive: spectral radius 1.0424 >= 1: system not productive
