geo,period,omega_start,omega_end,dln_e,contrib_hours,contrib_productivity,contrib_real_wage,residual,years
AUT,1997-2024,0.5768386184640699,0.5784455595482293,-0.006586594272974992,-0.39552043939247816,0.7461691820876822,-0.3572353348322456,-2.135933430125192e-09,27
BEL,1970-1973,0.5538776141714765,0.5993143825778162,-0.1862587555406721,-0.07894445639078411,0.3971184502891908,-0.5043851693733673,-4.758006571148332e-05,3
BEL,1973-1997,0.5993143825778162,0.6147025361533097,-0.0645136176445068,-0.3892675478876937,1.5949251309383472,-1.2701682938019938,-2.9068931666209608e-06,24
BEL,1997-2024,0.6147025361533097,0.5902607356408051,0.1020794531356327,0.002294249388393887,0.490090311388708,-0.3903160544819003,1.094684043112526e-05,27
BGR,1997-2024,0.42333510020934867,0.5989024815503236,-0.7099914672540355,-0.10019330981300545,1.6433648994162346,-2.252821933704545,-0.0003411231527192804,27
CAN,1970-1973,0.5994423796233697,0.5840400947024883,0.06376146686542615,-0.03379968653349323,0.20554776556716606,-0.10798895766836142,2.345500114742105e-06,3
CAN,1973-1997,0.5840400947024883,0.5702608053994547,0.05646545264139907,-0.12382626559339463,0.6708098028868046,-0.4905194207499463,1.336097935455971e-06,24
CAN,1997-2024,0.5702608053994547,0.5423042789911268,0.11329266347345908,-0.1341954325648922,0.5790242437855738,-0.3315437367545908,7.5890073682471915e-06,27
CHE,1997-2024,0.6391404799345474,0.6323129050249287,0.029483448679678947,-0.28782233566609694,0.8559953022536162,-0.5386898864786165,3.685707761214019e-07,27
CYP,1997-2024,0.5462344246276871,0.49126990658500536,0.22039144475230682,-0.0738562318806937,0.8138383199328012,-0.5196080094931629,1.7366193362233773e-05,27
CZE,1997-2024,0.4655202275032121,0.5086420885420062,-0.17271013404165536,-0.03465702533944041,1.0716836542987396,-1.2097421679061977,5.404905243144853e-06,27
DEU,1997-2024,0.5885200904159456,0.5909084686135497,-0.009871337910319671,-0.2951530266459352,0.5945383597069727,-0.3092566624897063,-8.481650881630998e-09,27
DNK,1966-1973,0.6058264507453983,0.5950519459511875,0.044912358906122406,-0.3704795286163997,0.9843357296174626,-0.5689447526906395,9.105956989552411e-07,7
DNK,1973-1997,0.5950519459511875,0.5442773032374808,0.20731554640437821,-0.41797369496699266,1.4144815250532328,-0.7892512451637435,5.89614818815587e-05,24
DNK,1997-2024,0.5442773032374808,0.543570977067569,0.002847278528413524,-0.08860294939320658,0.5855060339861774,-0.49405580615647127,9.191397642993593e-11,27
D_W,1970-1973,0.6109158254841894,0.6327185591978229,-0.09273380884486668,-0.11501986041825184,0.3730931341540981,-0.3507970142820484,-1.0068298664567266e-05,3
ESP,1970-1973,0.6375173536610551,0.6499295492831701,-0.054124652196361554,-0.02239238851989827,0.5018546630456178,-0.5335844817992812,-2.4449227998823986e-06,3
ESP,1973-1997,0.6499295492831701,0.5954122826254766,0.23234403855847038,-0.33360777930587987,1.7225103454903186,-1.1567182543115548,0.00015972668558661418,24
ESP,1997-2024,0.5954122826254766,0.5590873794875857,0.14892645226506387,-0.1393219711492236,0.3847526526341673,-0.09652878310073938,2.455388085954857e-05,27
EST,1997-2024,0.513342264030746,0.5748359236495819,-0.2482277645470258,-0.25492974978381006,1.7970180472600041,-1.790254867574022,-6.119444919794326e-05,27
FIN,1970-1973,0.6225100802830102,0.6319856137877374,-0.04052864468339564,-0.09225651892758423,0.47938878748933644,-0.4276600276640605,-8.855810873509284e-07,3
FIN,1973-1997,0.6319856137877374,0.5459396589979373,0.35646624444465697,-0.3284200607951701,1.9945488025830245,-1.3100584939948818,0.0003959966516844382,24
FIN,1997-2024,0.5459396589979373,0.537047679658304,0.03581554553325535,-0.23478147991419668,0.6116075404470818,-0.3410106870458834,1.7204625363254067e-07,27
FRA,1960-1973,0.6192340276859346,0.6167510321339432,0.010517730260047146,-0.29095735092348773,1.936120403555052,-1.6346453365116302,1.4140113080429728e-08,13
FRA,1973-1997,0.6167510321339432,0.5625136436157983,0.22441073507558762,-0.44250614456606985,1.5650741459235498,-0.8982568572128592,9.959093096689742e-05,24
FRA,1997-2024,0.5625136436157983,0.5793027754847074,-0.06854200672109345,-0.09770159091936433,0.4721814382918745,-0.4430196813779696,-2.1727156340189957e-06,27
GBR,1970-1973,0.6035394089872813,0.5944575775066702,0.03781082565565814,-0.01765338887315424,0.3457857473551841,-0.29032206709118136,5.342648096706704e-07,3
GBR,1973-1997,0.5944575775066702,0.5266790400556558,0.2756062592582127,-0.26063810499376616,1.2567718421311447,-0.7206460404662619,0.0001185625870960827,24
GBR,1997-2024,0.5266790400556558,0.5622089869793622,-0.14331437620475607,-0.10563429175702622,0.6077828027755856,-0.645451013468321,-1.1873754994451424e-05,27
GRC,1997-2024,0.5014327003948781,0.48420889953833407,0.06891623249146508,-0.14495354921460918,0.16590112642490143,0.04796884830199063,-1.9302081779443148e-07,27
HRV,1997-2024,0.6238693164417699,0.5458117999588352,0.3222416940720845,0.039339986082649644,1.0954649754246262,-0.8128402496570702,0.0002769822218788853,27
HUN,1997-2024,0.4974967283953328,0.47052384455779206,0.1080283248027834,-0.30462667935424337,1.2002014009429531,-0.7875447704145645,-1.626371361918011e-06,27
IRL,1970-1973,0.6678657000430742,0.6411216758993711,0.11831184047443014,-0.062308960891162044,0.4383233920023432,-0.25773050066289144,2.791002614038751e-05,3
IRL,1973-1997,0.6411216758993711,0.5233725629107195,0.4866774234915913,-0.32832230824272424,2.452685540546951,-1.6386078910772715,0.0009220822646360816,24
IRL,1997-2024,0.5233725629107195,0.3143471521690773,0.873431928006877,-0.28464056302925417,1.7234586966417607,-0.5615846141351998,-0.0038015914704297993,27
ISL,1970-1973,0.5853091499272466,0.5667755099431753,0.07589961315498929,-0.10781033043188908,0.45452451299084495,-0.2708177616915725,3.192287605924271e-06,3
ISL,1973-1997,0.5667755099431753,0.5336389987750316,0.13394768972762258,-0.22837701405880684,1.0784394909719153,-0.7161258543348393,1.1067149353505279e-05,24
ISL,1997-2024,0.5336389987750316,0.5595622602302786,-0.10462614128714456,-0.3521675624884004,1.090759877016655,-0.843213593019261,-4.862796138205283e-06,27
ITA,1970-1973,0.6268797794410943,0.6468132074730818,-0.08620636485495037,-0.12070024646877565,0.40417497005100367,-0.3696717827527996,-9.305684378790868e-06,3
ITA,1973-1997,0.6468132074730818,0.5450296056949406,0.42445270674136143,-0.12418918908419231,1.2310696927818188,-0.6831574101272418,0.0007296131709768616,24
ITA,1997-2024,0.5450296056949406,0.5113076898483458,0.13536929325868294,-0.14334365633043095,0.08106621935307891,0.19764057783712638,6.152398908582102e-06,27
JPN,1997-2024,0.6229572260631336,0.5503631041840117,0.2999813277325325,-0.3891937111266015,0.7305033250305389,-0.04155721128345453,0.0002289251120495897,27
LTU,1997-2024,0.503389180734888,0.5591504944327909,-0.22415816717170375,0.1389226240583908,2.0140537109923633,-2.377103297783277,-3.1204439180587684e-05,27
LUX,1970-1973,0.4745844362699993,0.4839112424704134,-0.03737269451055322,-0.05632452247263637,0.23532831771943333,-0.21637657628261409,8.652526389818505e-08,3
LUX,1973-1997,0.4839112424704134,0.5135176876060603,-0.11846118468059218,-0.254478540959518,1.1028892724416375,-0.966872093822442,1.776597302605154e-07,24
LUX,1997-2024,0.5135176876060603,0.5321574732676243,-0.07472376012112879,-0.18209461045130843,0.09645948578566858,0.010912194914282884,-8.303697718297504e-07,27
LVA,1997-2024,0.5206817176988201,0.5968533640931039,-0.30959700600775497,-0.32718977085729956,2.439306131941478,-2.4215507886184713,-0.00016257847346201615,27
MLT,1997-2024,0.5416670595546969,0.4855337148376123,0.2249369621493152,-0.24564288345134527,1.1287734784915446,-0.6582068909721566,1.3258081272393696e-05,27
NLD,1969-1973,0.6465900017954761,0.6750645936080204,-0.12709841603092004,-0.16341977199930874,0.6325696499023084,-0.5962119256431095,-3.636829081010706e-05,4
NLD,1973-1997,0.6750645936080204,0.5968390710153304,0.33887026299137296,-0.4975021025713632,1.2197989143616743,-0.3839875516595364,0.000561002860598292,24
NLD,1997-2024,0.5968390710153304,0.5648318781614768,0.1315160218402101,-0.06456152578292351,0.5303203379210988,-0.33426059405494046,1.780375697529868e-05,27
NOR,1970-1973,0.5754507789796028,0.5870615161678208,-0.04770523209575688,-0.09118563308394749,0.38498284092395746,-0.3415015853021062,-8.546336606185534e-07,3
NOR,1973-1997,0.5870615161678208,0.4928476292116173,0.3804424143936675,-0.3834132527754333,1.5945107094136082,-0.8308533681679476,0.0001983259234402679,24
NOR,1997-2024,0.4928476292116173,0.4371864456209627,0.22397722085002264,-0.10444633435433817,0.49740105367633586,-0.16894701628950443,-3.0482182470592534e-05,27
POL,1997-2024,0.5880076742628992,0.5124166839235069,0.3060583277214361,-0.0883660153591184,1.9652292479928442,-1.5709370535728255,0.00013214866053590235,27
PRT,1970-1973,0.732380643442432,0.7124328251076694,0.09950558154525081,-0.13200707056673874,0.9381132794722691,-0.7066270076039382,2.6380243658641334e-05,3
PRT,1973-1997,0.7124328251076694,0.6007829554383369,0.49850065245547776,0.7147343360660878,1.4600967068961046,-1.678454183831981,0.0021237933252664654,24
PRT,1997-2024,0.6007829554383369,0.5614314885713977,0.1617547782624001,0.02286409625988687,0.5429361723711246,-0.4040787443972223,3.325402861092952e-05,27
ROM,1997-2024,0.522922917545472,0.5364982449457301,-0.05449712749594439,-0.03642882781664267,2.401062869952879,-2.4191307450761728,-4.24556008127297e-07,27
SVK,1997-2024,0.46072240535743336,0.49710110802823254,-0.14583905435632138,-0.2221257997079556,1.5693008849575176,-1.4930193621219219,5.222516038516645e-06,27
SVN,1997-2024,0.6232369769404823,0.6447522318724691,-0.0927401989204156,-0.15701654415348854,1.377793190355262,-1.3135055512675813,-1.1293854607741238e-05,27
SWE,1970-1973,0.5385223821038195,0.5183344895278741,0.0810246502896141,-0.11076229692182701,0.25033846604706883,-0.05855285074290481,1.3319072771078577e-06,3
SWE,1973-1997,0.5183344895278741,0.49310137740450843,0.10096709665243377,0.04328492704430889,0.7781142771008519,-0.7204326036176941,4.961249671087131e-07,24
SWE,1997-2024,0.49310137740450843,0.5088434897710246,-0.0629738900271962,-0.08772124463320284,0.6563983731823517,-0.6316509982983213,-2.0278023815656354e-08,27
USA,1970-1973,0.6319659936873706,0.6185096228002092,0.05743311970145522,-0.026772043323926062,0.22492894025255758,-0.14072624965974884,2.472432572536709e-06,3
USA,1973-1997,0.6185096228002092,0.5942092518165953,0.1018332182448566,-0.031904994619854965,0.8069873360920966,-0.6732604748171598,1.1351589774721838e-05,24
USA,1997-2024,0.5942092518165953,0.5448745980902868,0.20141122156898025,-0.062358047966863984,1.0286024658952526,-0.7648871541248308,5.3957765422385506e-05,27
