geo,n,years,est,ci90_lo,ci90_hi,label,labels_ends,robust_ends
AUS,38,1970-2007,0.01094173407717346,0.007246285723780993,0.014637182430565927,опровергнуто,full:опро;start+5:опро;end-5:опро;both:опро,False
AUT,46,1976-2021,0.0020205841591431337,0.001264748926678677,0.0027764193916075906,опровергнуто,full:опро;start+5:опро;end-5:опро;both:опро,False
DEU,31,1991-2021,0.0018885135669483698,0.0006747780233035872,0.0031022491105931523,опровергнуто,full:опро;start+5:неин;end-5:опро;both:опро,False
DNK,52,1970-2021,0.0008033001230791179,0.00024346345105029908,0.0013631367951079368,опровергнуто,full:опро;start+5:опро;end-5:опро;both:опро,False
ESP,52,1970-2021,0.001670015378165103,0.001127681932641341,0.0022123488236888648,опровергнуто,full:опро;start+5:опро;end-5:опро;both:опро,False
GBR,52,1970-2021,0.004130420479021028,0.0029496821812337033,0.005311158776808352,опровергнуто,full:опро;start+5:опро;end-5:опро;both:опро,False
ITA,52,1970-2021,0.0019302708302285708,0.0007113655965694764,0.003149176063887665,опровергнуто,full:опро;start+5:опро;end-5:опро;both:опро,False
JPN,34,1973-2006,-0.00029653771287954786,-0.0008088559367160281,0.00021578051095693242,неинформативно,full:неин;start+5:подт;end-5:неин;both:неин,False
NLD,52,1970-2021,0.004780694323736943,0.004259710599397236,0.00530167804807665,опровергнуто,full:опро;start+5:опро;end-5:опро;both:опро,False
USA,45,1977-2021,0.002200136062920036,0.00088227143919485,0.003518000686645222,опровергнуто,full:опро;start+5:неин;end-5:опро;both:опро,False
