geo,sources,first,last,n,K09->K25
AUS,K09,1970,2007,38,
AUT,K09+K25,1976,2021,46,1.0864358436536934
BEL,K25,1995,2021,27,
BGR,K25,2016,2016,1,
CZE,K09+K25,1995,2021,27,1.3006908983190253
DEU,K09+K25,1991,2021,31,0.8598410655717988
DNK,K09+K25,1970,2021,52,0.9202295412896736
ESP,K09+K25,1970,2021,52,0.8670604265590502
EST,K25,2000,2021,22,
FIN,K25,1995,2021,27,
FRA,K25,1995,2021,27,
GBR,K09+K25,1970,2021,52,1.1539070754004568
GRC,K25,1995,2021,27,
HUN,K25,1995,2021,27,
IRL,K25,1995,2021,27,
ITA,K09+K25,1970,2021,52,1.2037533376882918
JPN,K09,1973,2006,34,
LTU,K25,1995,2021,27,
LUX,K25,1995,2021,27,
LVA,K25,1995,2021,27,
MLT,K25,2000,2021,22,
NLD,K09+K25,1970,2021,52,0.9600985506821612
POL,K25,2000,2021,22,
PRT,K25,2000,2021,22,
ROU,K25,2000,2021,22,
SVK,K25,2000,2021,22,
SVN,K09+K25,2000,2021,22,
SWE,K09+K25,1993,2021,29,0.9721840506757534
USA,K09+K25,1977,2021,45,1.032981968633494
