variant,geo,y0,y1,n,rm_first,rm_last,est37,lo37,hi37,label37,est38,lo38,hi38,label38
V2,AT,1995,2024,30,0.29778139701100803,0.2874045778957762,-0.0006491725780979041,-0.0018030252084451554,0.0005046800522493472,неинформативно,0.00016131532388925568,-0.0006266859417521232,0.0009493165895306346,неинформативно
V2,BE,1995,2024,30,0.3922895401735599,0.4178877895072107,0.0014510005324127632,0.0009800802837454654,0.001921920781080061,опровергнуто,0.0018059558199388492,0.001168626688815772,0.0024432849510619263,опровергнуто
V2,BG,2000,2022,23,0.129715339703306,0.20358251898360444,0.001673512697774904,0.0008556376118013888,0.0024913877837484193,опровергнуто,0.001513989514419597,0.0013086318815952798,0.0017193471472439143,опровергнуто
V2,CY,1995,2023,29,0.6369252970903592,0.57886734218384,-0.003755526034550535,-0.005275532766076811,-0.00223551930302426,подтверждено,-0.0023251167531062604,-0.003069604527746302,-0.0015806289784662188,подтверждено
V2,CZ,1995,2025,31,0.23053342011598388,0.31632474000270205,0.003100901160445769,0.0026484359583662867,0.0035533663625252516,опровергнуто,0.003291357572136059,0.003058148323794914,0.0035245668204772038,опровергнуто
V2,DE,1995,2024,30,0.28016243482237885,0.29764418313290314,0.0006789488791804433,-0.0005772581711860031,0.0019351559295468896,неинформативно,0.0012919045696238064,0.0004346398012569152,0.0021491693379906977,опровергнуто
V2,DK,1975,2025,51,0.29252501977507983,0.29530636057160325,5.3555103457262774e-05,-0.0003727112919102522,0.0004798214988247778,неинформативно,0.00014788809351943015,-0.00013644519640820807,0.00043222138344706836,неинформативно
V2,EE,2000,2023,24,0.41722084624921585,0.283737046774553,-0.005970794731036414,-0.007537240980105903,-0.004404348481966925,подтверждено,-0.00488075060360427,-0.00619985135429474,-0.0035616498529138004,подтверждено
V2,EL,1995,2023,29,0.7345351927514844,0.8124959137343198,0.0004719239530934431,-0.0014402096874994454,0.0023840575936863316,неинформативно,0.0015051407298241118,0.00044403229966309514,0.0025662491599851285,опровергнуто
V2,ES,1995,2023,29,0.327067632250935,0.303752864870351,-0.0008517573149496895,-0.00144138044612783,-0.0002621341837715491,подтверждено,-0.00015655842880330165,-0.0004208113530278459,0.00010769449542124261,неинформативно
V2,FI,1980,2025,46,0.23670066075918558,0.25584765783480246,0.0014478464773285877,0.0006855772798401219,0.0022101156748170533,опровергнуто,0.0014797619527873646,0.0010494367183987523,0.001910087187175977,опровергнуто
V2,FR,1978,2025,48,0.42534792640095936,0.49280478305745895,0.0013990775129876442,-0.00014426007027874225,0.0029424150962540307,неинформативно,0.001932580042652061,0.0007960778129245719,0.0030690822723795502,опровергнуто
V2,HR,1995,2023,29,0.26278556069458675,0.16929596052854007,-0.005278066046268389,-0.005973465324985748,-0.00458266676755103,подтверждено,-0.004055728124476201,-0.004660013296610898,-0.0034514429523415033,подтверждено
V2,HU,1995,2023,29,0.17795418750216818,0.21621898089742553,0.002148698184362642,0.0009450679838197658,0.003352328384905518,опровергнуто,0.0014167704416140048,0.0005424377784931727,0.002291103104734837,опровергнуто
V2,IE,1995,2024,30,0.4933491764796999,0.5306402401714939,-0.006427298040679954,-0.011345708811330391,-0.0015088872700295165,подтверждено,-0.0053337711843842,-0.010222140809375543,-0.0004454015593928556,подтверждено
V2,IS,1995,2025,31,0.37178424585181946,0.3266165142060368,-0.00022859071242545704,-0.0009869535568149883,0.0005297721319640742,неинформативно,-0.000556375174721362,-0.0011102741092461053,-2.476240196618517e-06,подтверждено
V2,IT,1995,2023,29,0.484122495764819,0.4788112166450042,-0.0029735220284428424,-0.004325923578576471,-0.0016211204783092136,подтверждено,-0.0008185748084164786,-0.0016557242887218497,1.8574671888892547e-05,неинформативно
V2,LT,1995,2023,29,0.22765104437033734,0.426814585846483,0.005098581269587125,0.002564424624406429,0.007632737914767821,опровергнуто,0.004133524462056015,0.0027633050721899326,0.005503743851922098,опровергнуто
V2,LU,1995,2023,29,0.5486051045042021,0.5609512074007319,0.001206115230682762,-0.0004730367950270609,0.0028852672563925846,неинформативно,0.001220049836888651,0.0004006581288789364,0.0020394415448983655,опровергнуто
V2,LV,1995,2023,29,0.2547343307321437,0.3398346191921926,-0.0009238099869595252,-0.0049196525009394965,0.0030720325270204457,неинформативно,0.000875974781268522,-0.001482560005203221,0.003234509567740265,неинформативно
V2,NL,1995,2024,30,0.41515392923995736,0.5468757408607419,0.0030979626878273048,0.0023114054362222006,0.003884519939432409,опровергнуто,0.002691582375537807,0.001896833607553027,0.003486331143522587,опровергнуто
V2,NO,1975,2022,48,0.254756087386625,0.5020957711217361,0.0025833387787775127,0.0013433486622526844,0.003823328895302341,опровергнуто,0.0011105285339680772,0.0005118616799905827,0.0017091953879455717,опровергнуто
V2,PL,2000,2023,24,0.45026082625605157,0.7299305550383349,0.010559653193832366,0.009190728739441694,0.011928577648223037,опровергнуто,0.006142241456807451,0.0054535060135476425,0.006830976900067259,опровергнуто
V2,PT,2000,2023,24,0.4491098869744424,0.366964873213597,-0.0033169020736678588,-0.004339743130936457,-0.0022940610163992604,подтверждено,-0.002791047981635843,-0.0033463867554872264,-0.0022357092077844596,подтверждено
V2,RO,2000,2023,24,0.1480084041089602,0.3025223436458152,0.0051935572071551295,0.002100465262513702,0.008286649151796558,опровергнуто,0.0023751286248353477,0.0008382332281611849,0.00391202402150951,опровергнуто
V2,SE,1993,2023,31,0.33053804856769936,0.2725560862303486,-0.0027963439592053304,-0.0032947983394383054,-0.0022978895789723553,подтверждено,-0.0004941301530671832,-0.0007568375867339234,-0.00023142271940044303,подтверждено
V2,SI,2000,2024,25,0.21909253357668546,0.2574349677424561,0.000457793611838081,-0.0003429474764604114,0.0012585347001365735,неинформативно,0.000512780347859979,5.8600323301374185e-05,0.0009669603724185838,опровергнуто
V2,SK,2000,2024,25,0.14217832027394087,0.3429126875082952,0.005397638879928266,0.003619743700863668,0.007175534058992865,опровергнуто,0.004070127488195325,0.003072979012291018,0.005067275964099632,опровергнуто
V2,UK,1995,2018,24,0.5116472230712741,0.5075975777889109,-0.00024119758214085924,-0.0008836801383682194,0.00040128497408650093,неинформативно,0.002486375729612484,0.0016382007727686063,0.0033345506864563617,опровергнуто
V3,AT,1995,2024,30,0.25068672892454397,0.24065433305375314,-0.0007463241777687329,-0.0016616879141048146,0.00016903955856734868,неинформативно,6.416372421842427e-05,-0.0004838063777714436,0.0006121338262082922,неинформативно
V3,BE,1995,2024,30,0.28810602453496187,0.33240299031890624,0.0018508858854234143,0.0015150638093678382,0.0021867079614789906,опровергнуто,0.002205841172949495,0.0016950592287343375,0.0027166231171646526,опровергнуто
V3,BG,2000,2022,23,0.12249294734013971,0.21004442035137547,0.002384863254297214,0.0015623979856210918,0.0032073285229733363,опровергнуто,0.002225340070941907,0.0020113283436911924,0.0024393517981926216,опровергнуто
V3,CY,1995,2023,29,0.4083634569665772,0.6072387122486383,0.003880052597228707,0.0019613619174138654,0.005798743277043549,опровергнуто,0.0053104618786729745,0.0037968952949993693,0.00682402846234658,опровергнуто
V3,CZ,1995,2025,31,0.1998365671539893,0.27713684305377567,0.0027184245069668735,0.0024126510063576636,0.0030241980075760835,опровергнуто,0.0029088809186571638,0.002621931022945375,0.0031958308143689527,опровергнуто
V3,DE,1995,2024,30,0.2624620328696934,0.27581688943476257,0.00035624783355366584,-0.0007960203978639837,0.0015085160649713153,неинформативно,0.0009692035239970275,0.00021599821383668177,0.0017224088341573733,опровергнуто
V3,DK,1975,2025,51,0.26159150968726586,0.2725686744702564,0.00018157581726573058,-0.0002756930132551676,0.0006388446477866288,неинформативно,0.0002759088073278999,-4.173530284304805e-05,0.0005935529174988479,неинформативно
V3,EE,2000,2023,24,0.3598813024084038,0.2748169876588679,-0.003872052196053134,-0.00574433548371713,-0.001999768908389138,подтверждено,-0.0027820080686209894,-0.004487885800435558,-0.001076130336806421,подтверждено
V3,EL,1995,2023,29,0.7549480922615247,0.7053909439277889,-0.005016834989709096,-0.008611601682267472,-0.0014220682971507206,подтверждено,-0.003983618212978426,-0.006370760433770672,-0.00159647599218618,подтверждено
V3,ES,1995,2023,29,0.30146813703976366,0.28516513296739576,-0.0009108930784036026,-0.0013921786137582172,-0.000429607543048988,подтверждено,-0.00021569419225721863,-0.0004245469287039096,-6.841455810527693e-06,подтверждено
V3,FI,1980,2025,46,0.20682745491796142,0.26062132502814367,0.0021276972772437124,0.0014163119094837571,0.0028390826450036674,опровергнуто,0.0021596127527024876,0.001777384537402221,0.0025418409680027544,опровергнуто
V3,FR,1978,2025,48,0.38286829689052326,0.47928477569647204,0.002065961487927915,0.0007823998659440795,0.0033495231099117504,опровергнуто,0.002599464017592338,0.0017262601056168485,0.0034726679295678273,опровергнуто
V3,HR,1995,2023,29,0.2217645733935475,0.15650085155837537,-0.004230232143209831,-0.004962804542947113,-0.0034976597434725485,подтверждено,-0.003007894221417643,-0.0036814712373685835,-0.0023343172054667025,подтверждено
V3,HU,1995,2023,29,0.15672453952359477,0.1960737512597166,0.0018284284098012376,0.0005768536098306875,0.003080003209771788,опровергнуто,0.0010965006670526,0.00016622454195877752,0.0020267767921464223,опровергнуто
V3,IE,1995,2024,30,0.48515430456685926,0.6571021523442988,-0.0014759341259882632,-0.006285003353854701,0.0033331351018781744,неинформативно,-0.0003824072696925083,-0.00457500936760402,0.003810194828219003,неинформативно
V3,IS,1995,2025,31,0.34470891449363267,0.3187982350237768,-0.0003611460681033603,-0.0009662052775578645,0.0002439131413511439,неинформативно,-0.0006889305303992635,-0.0012222748340740737,-0.00015558622672445332,подтверждено
V3,IT,1995,2023,29,0.4066867893946296,0.3997951548949877,-0.0027227235571448518,-0.003962058799936327,-0.0014833883143533762,подтверждено,-0.0005677763371184862,-0.0012834874955402302,0.00014793482130325767,неинформативно
V3,LT,1995,2023,29,0.2081772201227093,0.35489069828621045,0.0031213810991733426,0.0006846132696575295,0.005558148928689156,опровергнуто,0.002156324291642231,0.0008598414533393397,0.0034528071299451224,опровергнуто
V3,LU,1995,2023,29,0.5291801580106203,0.5652709788903886,0.0025838083235195757,0.0010247732598409464,0.004142843387198205,опровергнуто,0.002597742929725463,0.0018932640953929541,0.0033022217640579716,опровергнуто
V3,LV,1995,2023,29,0.18774442184900234,0.30681169757489285,0.0007533150257174068,-0.002620636217443597,0.004127266268878411,неинформативно,0.002553099793945451,0.0008287104324866414,0.004277489155404261,опровергнуто
V3,NL,1995,2024,30,0.3707575187259003,0.5206068416996505,0.00341186302665403,0.0025070007280663773,0.004316725325241682,опровергнуто,0.003005482714364535,0.0020286123330238363,0.003982353095705233,опровергнуто
V3,NO,1975,2022,48,0.18658739437117003,0.48068683311126514,0.0033612483083477313,0.0022502340851778364,0.004472262531517626,опровергнуто,0.0018884380635382958,0.0014314846472630797,0.002345391479813512,опровергнуто
V3,PL,2000,2023,24,0.4018930149156237,0.5839880840329835,0.006050134451923547,0.004595082493558332,0.007505186410288762,опровергнуто,0.001632722714898629,0.0009652533532002215,0.002300192076597037,опровергнуто
V3,PT,2000,2023,24,0.4080103490896895,0.3482948669989524,-0.0024656541061149205,-0.0032882587390489037,-0.0016430494731809373,подтверждено,-0.0019398000140829087,-0.0024145790157123832,-0.001465021012453434,подтверждено
V3,RO,2000,2023,24,0.11282999802100623,0.2661221192087324,0.005263869478545981,0.0024487790851738796,0.008078959871918081,опровергнуто,0.002445440896226201,0.0011929650138917016,0.0036979167785607,опровергнуто
V3,SE,1993,2023,31,0.2900125966409475,0.2524066988779423,-0.002257169861204858,-0.0028178213667084144,-0.001696518355701302,подтверждено,4.504394493329029e-05,-0.00029783090200256353,0.0003879187918691441,неинформативно
V3,SI,2000,2024,25,0.20390133976081365,0.22688572882677613,-3.5504232611990167e-05,-0.0007589854235582403,0.0006879769583342601,неинформативно,1.9482503409908917e-05,-0.00029489708153102235,0.00033386208835084014,неинформативно
V3,SK,2000,2024,25,0.1253531444562791,0.3151296946979785,0.0051047080084773285,0.0034257847313957056,0.0067836312855589515,опровергнуто,0.0037771966167443865,0.002873844844658267,0.0046805483888305065,опровергнуто
V3,UK,1995,2018,24,0.49597441367608025,0.49027365132153716,-0.0007861492589128051,-0.0013241681383834812,-0.00024813037944212903,подтверждено,0.001941424052840539,0.0013537752123930838,0.002529072893287994,опровергнуто
V4,AT,1995,2024,30,0.23952921649048067,0.23057864757847274,-0.0006440387645193727,-0.0015895879016214482,0.0003015103725827028,неинформативно,0.00016644913746778059,-0.00041158086884179456,0.0007444791437773557,неинформативно
V4,BE,1995,2024,30,0.27458527498145957,0.3088911315938953,0.001573978391202885,0.0012640190416098275,0.0018839377407959424,опровергнуто,0.0019289336787289674,0.0014553338708603973,0.0024025334865975375,опровергнуто
V4,BG,2000,2022,23,0.12656646414450382,0.19614860372858545,0.001521757055706552,0.0007045876604549325,0.0023389264509581717,опровергнуто,0.0013622338723512436,0.001165666624247679,0.001558801120454808,опровергнуто
V4,CY,1995,2023,29,0.39346218534770316,0.48709790744717596,0.0012162975759807686,-0.0004810018128438946,0.002913596964805432,неинформативно,0.002646706857425036,0.0010161324881801967,0.004277281226669875,опровергнуто
V4,CZ,1995,2025,31,0.20321958485305636,0.26311046367613733,0.002342668828899228,0.0019998648980677665,0.0026854727597306893,опровергнуто,0.002533125240589521,0.0022469433754946128,0.0028193071056844296,опровергнуто
V4,DE,1995,2024,30,0.2448060857747496,0.2627373823614452,0.0006169698967071675,-0.0005380818623877135,0.0017720216558020484,неинформативно,0.001229925587150531,0.00047320129664192947,0.001986649877659133,опровергнуто
V4,DK,1975,2025,51,0.2533762603062193,0.26136127040653634,6.439447097040195e-05,-0.00038517562429524,0.000513964566236044,неинформативно,0.00015872746103256998,-0.00014948044949749333,0.0004669353715626333,неинформативно
V4,EE,2000,2023,24,0.3464414081578979,0.24552068040712882,-0.004567329472408696,-0.00603687937567119,-0.0030977795691462017,подтверждено,-0.003477285344976551,-0.004749662258107356,-0.002204908431845746,подтверждено
V4,EL,1995,2023,29,0.6579896856890559,0.6426491237472535,-0.0031986924761205136,-0.006176928884658191,-0.00022045606758283598,подтверждено,-0.0021654756993898477,-0.003949937870759441,-0.0003810135280202542,подтверждено
V4,ES,1995,2023,29,0.28442679943901794,0.27031725235766346,-0.0006826325109079351,-0.0011586350260090691,-0.00020662999580680106,подтверждено,1.2566375238447197e-05,-0.0001813602274423514,0.0002064929779192458,неинформативно
V4,FI,1980,2025,46,0.19805803895479707,0.24132655516632598,0.0019486037827613637,0.0012243880929894346,0.0026728194725332928,опровергнуто,0.0019805192582201415,0.001575777825716382,0.002385260690723901,опровергнуто
V4,FR,1978,2025,48,0.3760857584385125,0.4459250516665806,0.0013777450016261,2.45820906764351e-06,0.002753031794184556,опровергнуто,0.0019112475312905168,0.0009464604842203956,0.002876034578360638,опровергнуто
V4,HR,1995,2023,29,0.22581883807549052,0.15276390678561813,-0.0045091407767198655,-0.005178392368846928,-0.003839889184592803,подтверждено,-0.003286802854927679,-0.003860585053995117,-0.002713020655860241,подтверждено
V4,HU,1995,2023,29,0.14462453435172845,0.18343172568289667,0.0018458905335945984,0.000719938580596457,0.0029718424865927398,опровергнуто,0.00111396279084596,0.0003133464080779725,0.0019145791736139475,опровергнуто
V4,IE,1995,2024,30,0.4486500680500945,0.5170936095926127,-0.004648923423375312,-0.0088792027115062,-0.00041864413524442517,подтверждено,-0.00355539656707956,-0.007652253308844416,0.0005414601746852954,неинформативно
V4,IS,1995,2025,31,0.31969894340715016,0.2895957499349275,-0.0001878690054036604,-0.0007063137253521265,0.00033057571454480576,неинформативно,-0.0005156534676995649,-0.000878381619357416,-0.00015292531604171373,подтверждено
V4,IT,1995,2023,29,0.3965153157622606,0.3808408920932725,-0.002934510381264112,-0.0040982942865131974,-0.0017707264760150258,подтверждено,-0.0007795631612377515,-0.0014228130484478466,-0.00013631327402765646,подтверждено
V4,LT,1995,2023,29,0.19066927709166484,0.3203450919668965,0.0029611035725696944,0.0006595000879465263,0.005262707057192863,опровергнуто,0.001996046765038584,0.0008530698565244975,0.0031390236735526706,опровергнуто
V4,LU,1995,2023,29,0.4703929068150209,0.49194968179057164,0.0018955110843322017,0.0005120339418540252,0.0032789882268103782,опровергнуто,0.0019094456905380877,0.001374545578342528,0.0024443458027336475,опровергнуто
V4,LV,1995,2023,29,0.17023774581743467,0.27658118614328325,0.0007238227642532365,-0.002602469963624174,0.004050115492130647,неинформативно,0.0025236075324812845,0.0008147438785998911,0.004232471186362678,опровергнуто
V4,NL,1995,2024,30,0.35296971299954044,0.46758758845944476,0.0026744522295104435,0.001980862988239982,0.003368041470780905,опровергнуто,0.002268071917220946,0.0015636942573168029,0.002972449577125089,опровергнуто
V4,NO,1975,2022,48,0.1786774447495247,0.4694569948248187,0.003395611612206777,0.002316571923699773,0.004474651300713781,опровергнуто,0.0019228013673973422,0.0014961360878673095,0.002349466646927375,опровергнуто
V4,PL,2000,2023,24,0.38367091607274356,0.5583791500964476,0.005989410555462061,0.004542714906653351,0.00743610620427077,опровергнуто,0.0015719988184371397,0.0010250152892497901,0.0021189823476244892,опровергнуто
V4,PT,2000,2023,24,0.37870044982708634,0.3130990156785638,-0.0026213375689113877,-0.0034660709972551052,-0.0017766041405676701,подтверждено,-0.002095483476879375,-0.0025253255044270125,-0.0016656414493317374,подтверждено
V4,RO,2000,2023,24,0.10699717583793952,0.24594337458081755,0.004671375461577882,0.001970303785537035,0.00737244713761873,опровергнуто,0.0018529468792581006,0.0007106312705795,0.0029952624879367013,опровергнуто
V4,SE,1993,2023,31,0.2792085944224965,0.23817295955960077,-0.0021618306110346604,-0.0026652597258496084,-0.0016584014962197123,подтверждено,0.00014038319510349022,-0.00018294118601630386,0.0004637075762232843,неинформативно
V4,SI,2000,2024,25,0.20205388103494265,0.22686717239161805,-7.587935989652402e-05,-0.0008177760013906174,0.0006660172815975695,неинформативно,-2.0892623874622552e-05,-0.00035907516299983145,0.00031728991525058637,неинформативно
V4,SK,2000,2024,25,0.12057955443960912,0.29960496004825093,0.00485119547859924,0.003267489486166385,0.006434901471032095,опровергнуто,0.003523684086866298,0.002720775010383484,0.004326593163349112,опровергнуто
V4,UK,1995,2018,24,0.45036068050502076,0.450421477228993,-0.00013510076276234458,-0.0007593377706580011,0.0004891362451333119,неинформативно,0.0025924725489910047,0.0019841391569870234,0.003200805940994986,опровергнуто
V5,AT,1995,2024,30,0.2549079659783049,0.24288544634254688,-0.0008018100584830383,-0.0018443311164298827,0.0002407109994638061,неинформативно,8.677843504116284e-06,-0.0006662214473103126,0.0006835771343185452,неинформативно
V5,BE,1995,2024,30,0.2855700849368252,0.32527369355564484,0.0018154693879545592,0.0014806975369291366,0.002150241238979982,опровергнуто,0.0021704246754806426,0.0016720855132886163,0.002668763837672669,опровергнуто
V5,BG,2000,2022,23,0.12769332359713084,0.1983672298274204,0.0015709995312619767,0.0007554868106153113,0.002386512251908642,опровергнуто,0.0014114763479066684,0.001218317818549,0.0016046348772643367,опровергнуто
V5,CY,1995,2023,29,0.4046373124403713,0.5135642899184891,0.0018971392484909842,0.00010234400020235927,0.0036919344967796092,опровергнуто,0.0033275485299352568,0.0014840589228995997,0.005171038136970914,опровергнуто
V5,CZ,1995,2025,31,0.2060919279439717,0.26778663599010954,0.002416017327757283,0.0020647052162197353,0.0027673294392948308,опровергнуто,0.0026064737394475724,0.002322780501555306,0.002890166977339839,опровергнуто
V5,DE,1995,2024,30,0.26996494296066265,0.28613682080603725,0.0004756963245408927,-0.0007511695551592926,0.001702562204241078,неинформативно,0.0010886520149842576,0.0002611743695810783,0.001916129660387437,опровергнуто
V5,DK,1975,2025,51,0.25836622154944033,0.2738476534636313,0.00020901473466401494,-0.00023618285447133308,0.0006542123237993629,неинформативно,0.00030334772472618145,1.505192307953531e-06,0.0006051902571444093,опровергнуто
V5,EE,2000,2023,24,0.36234936234936227,0.2575928220465712,-0.004627154118788155,-0.0061099060621367845,-0.003144402175439526,подтверждено,-0.003537109991356008,-0.00482953145029117,-0.002244688532420845,подтверждено
V5,EL,1995,2023,29,0.6749520631424617,0.6593436140248483,-0.0031834710525492195,-0.0063086153163609444,-5.8326788737494625e-05,подтверждено,-0.0021502542758185445,-0.004087319023641279,-0.00021318952799580996,подтверждено
V5,ES,1995,2023,29,0.2967526042898494,0.28402188855114235,-0.0006113950773811118,-0.0011216859347030297,-0.00010110422005919393,подтверждено,8.380380876527023e-05,-0.0001236788877665442,0.0002912865052970847,неинформативно
V5,FI,1980,2025,46,0.20022152204698881,0.25345750922222193,0.0020915241765171724,0.0013559809098456005,0.0028270674431887443,опровергнуто,0.0021234396519759476,0.0017076793577621853,0.00253919994618971,опровергнуто
V5,FR,1978,2025,48,0.3870033648872088,0.46501604079002407,0.0015566175331325842,0.00011542698560913019,0.0029978080806560385,опровергнуто,0.002090120062797007,0.00105837053377166,0.0031218695918223544,опровергнуто
V5,HR,1995,2023,29,0.24371946964410326,0.17089989619136195,-0.004554169072360352,-0.005256006845254408,-0.003852331299466297,подтверждено,-0.003331831150568164,-0.003920318182564344,-0.0027433441185719847,подтверждено
V5,HU,1995,2023,29,0.15398259191596528,0.19238935881453237,0.0018886462259337358,0.0006806958676062688,0.003096596584261203,опровергнуто,0.0011567184831850963,0.0002736602701458549,0.002039776696224338,опровергнуто
V5,IE,1995,2024,30,0.46999440350880334,0.5367947731067109,-0.0052516026360485205,-0.009856605252202343,-0.0006466000198946968,подтверждено,-0.0041580757797527665,-0.008643431511979816,0.00032727995247428237,неинформативно
V5,IS,1995,2025,31,0.3222023627882646,0.295497951773892,-7.706655388550927e-05,-0.0005974633533230866,0.00044333024555206807,неинформативно,-0.0004048510161814116,-0.0007720728195485043,-3.762921281431881e-05,подтверждено
V5,IT,1995,2023,29,0.40953550816866147,0.3979408165665029,-0.0028827537486698696,-0.0040879354024826245,-0.0016775720948571148,подтверждено,-0.0007278065286435082,-0.0014111888879573499,-4.442416932966655e-05,подтверждено
V5,LT,1995,2023,29,0.2001462044553884,0.33607410836903384,0.003266604819986187,0.0008344506962290042,0.00569875894374337,опровергнуто,0.002301548012455075,0.0010357765936786193,0.003567319431231531,опровергнуто
V5,LU,1995,2023,29,0.4905668312964899,0.5181907821348521,0.002112822126375265,0.0007557956400389132,0.003469848612711617,опровергнуто,0.0021267567325811546,0.0015579317496525551,0.002695581715509754,опровергнуто
V5,LV,1995,2023,29,0.177869856696447,0.28572612884803145,0.0006362740292995588,-0.002761831143033877,0.004034379201632994,неинформативно,0.0024360587975276035,0.000659899753728971,0.004212217841326236,опровергнуто
V5,NL,1995,2024,30,0.36409006892234086,0.48203375419650024,0.0027212106832126544,0.0020088264209562937,0.003433594945469015,опровергнуто,0.0023148303709231584,0.0015800353706412699,0.003049625371205047,опровергнуто
V5,NO,1975,2022,48,0.18265133931801247,0.4836351050377855,0.003523520645038884,0.002420189834676783,0.004626851455400985,опровергнуто,0.0020507104002294484,0.0015959395169265578,0.002505481283532339,опровергнуто
V5,PL,2000,2023,24,0.41190851706520404,0.5964642456936987,0.006187217452385747,0.004542296962987825,0.007832137941783668,опровергнуто,0.0017698057153608306,0.0011207539395990552,0.002418857491122606,опровергнуто
V5,PT,2000,2023,24,0.3971722954551577,0.33155748166590093,-0.002595735324400277,-0.003534950536957089,-0.0016565201118434653,подтверждено,-0.002069881232368268,-0.002527191583044621,-0.0016125708816919144,подтверждено
V5,RO,2000,2023,24,0.11164508965927228,0.2553825422783344,0.00487401125692325,0.002147467100416386,0.007600555413430115,опровергнуто,0.0020555826746034692,0.000891571595285199,0.0032195937539217395,опровергнуто
V5,SE,1993,2023,31,0.28986685551967967,0.24614235918681648,-0.002260574690702467,-0.0027656761518128027,-0.0017554732295921313,подтверждено,4.163911543568141e-05,-0.0002791069928752451,0.00036238522374660795,неинформативно
V5,SI,2000,2024,25,0.21248406092943103,0.23825615628484131,-0.00012933811734999244,-0.0008938401556007439,0.000635163920900759,неинформативно,-7.435138132809492e-05,-0.0004410903850546992,0.0002923876223985094,неинформативно
V5,SK,2000,2024,25,0.12217586289498501,0.30530447799847754,0.005002465941229844,0.003414036536125243,0.006590895346334446,опровергнуто,0.0036749545494969018,0.0028637207732177166,0.004486188325776087,опровергнуто
V5,UK,1995,2018,24,0.4657769761696179,0.47175127775774994,0.00014625305683508855,-0.0004456859261978592,0.0007381920398680363,неинформативно,0.0028738263685884383,0.0021937324276921806,0.003553920309484696,опровергнуто
V6,AT,1995,2024,30,0.324593137861563,0.32299456894303413,-0.0005774737175103847,-0.0015957521157066463,0.00044080468068587696,неинформативно,0.00023301418447676994,-0.00041818680721893034,0.0008842151761724702,неинформативно
V6,BE,1995,2024,30,0.4062615218631715,0.47655124431577833,0.00333769816756197,0.002735994210417679,0.003939402124706261,опровергнуто,0.0036926534550880494,0.0029455742172800107,0.004439732692896089,опровергнуто
V6,BG,2000,2022,23,0.1343098697287936,0.21756747270862248,0.00214818236092848,0.0012544470635674192,0.003041917658289541,опровергнуто,0.0019886591775731734,0.0017131716490025742,0.0022641467061437727,опровергнуто
V6,CY,1995,2023,29,0.46816699098299175,0.614033165651342,0.002904207664724425,0.0005622393208981808,0.005246176008550669,опровергнуто,0.0043346169461686915,0.0018605551923270344,0.006808678700010349,опровергнуто
V6,CZ,1995,2025,31,0.2668040842010405,0.33931133765468985,0.003057938015944116,0.002548180111592299,0.003567695920295933,опровергнуто,0.003248394427634408,0.0026522622529035096,0.003844526602365306,опровергнуто
V6,DE,1995,2024,30,0.35858964150712885,0.4089564148511504,0.001830595751711119,0.0003037245662128804,0.003357466937209358,опровергнуто,0.002443551442154484,0.0013111525286534395,0.0035759503556555285,опровергнуто
V6,DK,1975,2025,51,0.40715373478068406,0.40061412262255774,-0.00019773486836544701,-0.0008620236396508544,0.00046655390291996035,неинформативно,-0.00010340187830327769,-0.0006537362482502101,0.00044693249164365475,неинформативно
V6,EE,2000,2023,24,0.42423726517609195,0.3220538441189164,-0.004584015016389863,-0.00658120498488135,-0.002586825047898376,подтверждено,-0.0034939708889577194,-0.005329902035463961,-0.0016580397424514775,подтверждено
V6,EL,1995,2023,29,0.7829739392331386,0.7977883221315633,-0.002492716223586864,-0.005815987371915271,0.0008305549247415423,неинформативно,-0.0014594994468561913,-0.0035758769425856753,0.0006568780488732926,неинформативно
V6,ES,1995,2023,29,0.3608168028532883,0.3576244220184718,-9.218913948741482e-05,-0.0007892211072847134,0.0006048428283098839,неинформативно,0.0006030097466589662,0.00022364430980839481,0.0009823751835095376,опровергнуто
V6,FI,1980,2025,46,0.2756899752678227,0.3972001432993019,0.0038747642328508967,0.0030193475687119893,0.004730180896989804,опровергнуто,0.0039066797083096745,0.0033533187103595907,0.004460040706259758,опровергнуто
V6,FR,1978,2025,48,0.48949159660097225,0.6306811591187135,0.0032060575194784507,0.0013535762584476999,0.005058538780509202,опровергнуто,0.0037395600491428715,0.002283005680436385,0.0051961144178493575,опровергнуто
V6,HR,1995,2023,29,0.2645159880589387,0.18133883043498406,-0.005198849405748282,-0.005959125408215639,-0.0044385734032809255,подтверждено,-0.003976511483956096,-0.004651381839070878,-0.003301641128841313,подтверждено
V6,HU,1995,2023,29,0.18647676985473097,0.22555189283476518,0.0019205390413381772,0.0005235590612811248,0.00331751902139523,опровергнуто,0.0011886112985895368,0.00011861438722763663,0.002258608209951437,опровергнуто
V6,IE,1995,2024,30,0.6122526248872997,0.6130244116467926,-0.00893701143665504,-0.015429360230177921,-0.002444662643132158,подтверждено,-0.007843484580359288,-0.014476032726169466,-0.0012109364345491095,подтверждено
V6,IS,1995,2025,31,0.38886802937686804,0.37275296489040294,0.000273880620631114,-0.0003743605123888329,0.0009221217536510609,неинформативно,-5.3903841664790925e-05,-0.0006282551131727385,0.0005204474298431567,неинформативно
V6,IT,1995,2023,29,0.47886474933349615,0.4625474704747154,-0.003235148307619755,-0.004547145058011429,-0.0019231515572280808,подтверждено,-0.0010802010875933924,-0.0018721850434496915,-0.00028821713173709346,подтверждено
V6,LT,1995,2023,29,0.23997616257363596,0.4018687470456613,0.0036034319119316125,0.0012394841707588527,0.005967379653104373,опровергнуто,0.0026383751044005,0.001413375063414504,0.003863375145386496,опровергнуто
V6,LU,1995,2023,29,0.5913549703585649,0.7094724251211018,0.005596753929034477,0.004064909532130481,0.007128598325938473,опровергнуто,0.005610688535240369,0.0047679526129365615,0.006453424457544177,опровергнуто
V6,LV,1995,2023,29,0.2181812933858654,0.35506169700533136,0.001320185096534157,-0.0022335147463745184,0.004873884939442833,неинформативно,0.0031199698647621987,0.0012128719424226917,0.0050270677871017055,опровергнуто
V6,NL,1995,2024,30,0.5102656513288784,0.7150881909558978,0.005463627112190235,0.0043864884278302495,0.00654076579655022,опровергнуто,0.005057246799900739,0.0038295965609170673,0.006284897038884411,опровергнуто
V6,NO,1975,2022,48,0.24617431218841845,0.6582368936461586,0.0055014516133321265,0.004166948595181276,0.006835954631482977,опровергнуто,0.004028641368522692,0.003315218420237627,0.004742064316807757,опровергнуто
V6,PL,2000,2023,24,0.46522506854839657,0.688674952427567,0.007429575507255978,0.005556283617875742,0.009302867396636213,опровергнуто,0.0030121637702310573,0.002099133536824792,0.003925194003637323,опровергнуто
V6,PT,2000,2023,24,0.5592723693945243,0.4372914161745274,-0.005427625578385758,-0.006356403573660371,-0.004498847583111145,подтверждено,-0.0049017714863537525,-0.0055150450229722574,-0.0042884979497352475,подтверждено
V6,RO,2000,2023,24,0.13230856240283131,0.28609994894498053,0.005391735876634267,0.002667187971619496,0.008116283781649037,опровергнуто,0.002573307294314487,0.001376538353227315,0.0037700762354016593,опровергнуто
V6,SE,1993,2023,31,0.39485927024931217,0.32206189401535384,-0.0031232089069150376,-0.0037213487292536325,-0.0025250690845764426,подтверждено,-0.0008209951007768926,-0.001268294662405957,-0.0003736955391478282,подтверждено
V6,SI,2000,2024,25,0.2505659599022677,0.28990593552176097,0.0005906558523601465,-0.00018920421807002395,0.001370515922790317,неинформативно,0.0006456425883820477,0.0002501252620290084,0.001041159914735087,опровергнуто
V6,SK,2000,2024,25,0.14898947552001932,0.3645969744863401,0.005981643766181482,0.0044497660309061,0.007513521501456864,опровергнуто,0.004654132374448541,0.0037502757798599964,0.005557988969037085,опровергнуто
V6,UK,1995,2018,24,0.5648758315159716,0.6204728121120505,0.00298732457395448,0.002078231310581673,0.0038964178373272866,опровергнуто,0.005714897885707826,0.004212268648446052,0.007217527122969599,опровергнуто
main,AT,1995,2024,30,0.23062007094493767,0.215893616395948,-0.0008099159534388019,-0.001697409157338678,7.75772504610743e-05,неинформативно,5.719485483548711e-07,-0.000519574079190528,0.0005207179762872378,неинформативно
main,BE,1995,2024,30,0.26849412439094283,0.2978932451129796,0.0014075878884484442,0.001095077069279221,0.0017200987076176674,опровергнуто,0.0017625431759745256,0.0012857389917103439,0.0022393473602387074,опровергнуто
main,BG,2000,2022,23,0.1194780051627325,0.18443129486112272,0.0013652116805630502,0.0005719832981868406,0.00215844006293926,опровергнуто,0.0012056884972077423,0.001027836689242865,0.0013835403051726198,опровергнуто
main,CY,1995,2023,29,0.38724431955998984,0.47373035947235953,0.0009954355877534302,-0.000662445162013615,0.0026533163375204753,неинформативно,0.0024258448691976985,0.0008319866935777528,0.004019703044817644,опровергнуто
main,CZ,1995,2025,31,0.18894401278195874,0.24202811049648496,0.00206991197443265,0.001753030679945357,0.0023867932689199426,опровергнуто,0.0022603683861229414,0.0020101451462036448,0.002510591626042238,опровергнуто
main,DE,1995,2024,30,0.23529558514517043,0.24015262158358036,0.00013817725076457595,-0.0009671021691331455,0.0012434566706622974,неинформативно,0.0007511329412079406,4.517897124225686e-05,0.0014570869111736244,опровергнуто
main,DK,1975,2025,51,0.24185286124579222,0.23816794727933907,-0.0001627116856652898,-0.000608976286881684,0.00028355291555110434,неинформативно,-6.837869560312091e-05,-0.0003738592669791011,0.00023710187577285927,неинформативно
main,EE,2000,2023,24,0.3231942076911879,0.22555645575893724,-0.004377059360576566,-0.005745322557650205,-0.0030087961635029267,подтверждено,-0.0032870152331444195,-0.0044530545297731695,-0.0021209759365156695,подтверждено
main,EL,1995,2023,29,0.6456224989074453,0.6185281813683596,-0.003391999027441706,-0.00633967859005459,-0.00044431946482882245,подтверждено,-0.0023587822507110307,-0.004123432167843681,-0.0005941323335783811,подтверждено
main,ES,1995,2023,29,0.2710312238861781,0.2540058357687826,-0.0007802872699011924,-0.0012389482083283085,-0.0003216263314740763,подтверждено,-8.508838375480842e-05,-0.0002620731404009606,9.189637289134377e-05,неинформативно
main,FI,1980,2025,46,0.1900524332478,0.219462115887305,0.0015546077103349562,0.0008840023884876485,0.002225213032182264,опровергнуто,0.001586523185793733,0.0012430179216406567,0.0019300284499468095,опровергнуто
main,FR,1978,2025,48,0.348242035622361,0.40383675688144627,0.001125266263354302,-0.00012422007464631948,0.0023747526013549237,неинформативно,0.0016587687930187233,0.000818939786602645,0.0024985977994348017,опровергнуто
main,HR,1995,2023,29,0.20936566058585157,0.1400309404391037,-0.004119864849748193,-0.004712537825472264,-0.0035271918740241224,подтверждено,-0.0028975269279560055,-0.0033968269237801647,-0.0023982269321318464,подтверждено
main,HU,1995,2023,29,0.13692646283113097,0.17306793928624858,0.0016967096095817547,0.000652690955980697,0.0027407282631828123,опровергнуто,0.0009647818668331153,0.00024651930118950167,0.001683044432476729,опровергнуто
main,IE,1995,2024,30,0.43450586373999855,0.4936529059967992,-0.004432953619714367,-0.008371493267746194,-0.0004944139716825417,подтверждено,-0.0033394267634186095,-0.0071166458481188395,0.00043779232128162045,неинформативно
main,IS,1995,2025,31,0.30069341119002846,0.2638680436882384,-0.00026137214785082376,-0.0007663156809197497,0.00024357138521810214,неинформативно,-0.000589156610146727,-0.0008906101551971237,-0.0002877030650963302,подтверждено
main,IT,1995,2023,29,0.3814276801338057,0.3631452229596178,-0.002916813048626805,-0.004030780909186989,-0.0018028451880666208,подтверждено,-0.0007618658286004433,-0.0013550292107925585,-0.0001687024464083279,подтверждено
main,LT,1995,2023,29,0.18589435035377083,0.3051287685373909,0.0026297348849469177,0.0004337470378444051,0.004825722732049431,опровергнуто,0.0016646780774158055,0.0006268483167708209,0.00270250783806079,опровергнуто
main,LU,1995,2023,29,0.450305562661664,0.4637565635884629,0.0015994820170212073,0.0003218371208087536,0.0028771269132336613,опровергнуто,0.0016134166232270976,0.0011294640365384103,0.0020973692099157852,опровергнуто
main,LV,1995,2023,29,0.16594665292695493,0.2585854470491551,0.0002530549185863084,-0.0029386446845634053,0.0034447545217360224,неинформативно,0.0020528396868143553,0.00048709571789340867,0.003618583655735302,опровергнуто
main,NL,1995,2024,30,0.3413939887371017,0.4518907350640583,0.0025841474444831237,0.001907701359184783,0.0032605935297814644,опровергнуто,0.002177767132193624,0.0014838458188023104,0.0028716884455849373,опровергнуто
main,NO,1975,2022,48,0.17290646106235227,0.4454578981209196,0.0030656977036919953,0.002018052973869322,0.0041133424335146685,опровергнуто,0.0015928874588825612,0.0011923536875360495,0.0019934212302290728,опровергнуто
main,PL,2000,2023,24,0.3678301829065257,0.5355391140938346,0.005809275531315302,0.004442194234732645,0.007176356827897959,опровергнуто,0.0013918637942903881,0.0009216934136768854,0.0018620341749038909,опровергнуто
main,PT,2000,2023,24,0.36974751077159534,0.30191394804309574,-0.0027136606650984456,-0.0035630561591301806,-0.0018642651710667104,подтверждено,-0.002187806573066437,-0.0026011339159073377,-0.0017744792302255357,подтверждено
main,RO,2000,2023,24,0.10442505507170499,0.23710947911734853,0.004493056128944061,0.001895399573114999,0.007090712684773123,опровергнуто,0.0016746275466242805,0.0006349928397588584,0.0027142622534897026,опровергнуто
main,SE,1993,2023,31,0.26096609215660815,0.20939693225054126,-0.0025691430931763827,-0.0030246335062852447,-0.0021136526800675207,подтверждено,-0.000266929287038236,-0.0004919492983834562,-4.190927569301591e-05,подтверждено
main,SI,2000,2024,25,0.18139203491423062,0.20015705086914218,-0.00014515104345496745,-0.0008198775742575711,0.0005295754873476362,неинформативно,-9.016430743307055e-05,-0.00036489034553712825,0.00018456173067098717,неинформативно
main,SK,2000,2024,25,0.1136331777597103,0.28462460120191524,0.004578789305349157,0.0029979848996779176,0.006159593711020397,опровергнуто,0.0032512779136162143,0.002465897035234549,0.004036658791997879,опровергнуто
main,UK,1995,2018,24,0.4213450814507767,0.41055239891465567,-0.0006028227176804262,-0.0012634982378243072,5.785280246345468e-05,неинформативно,0.002124750594072918,0.001560078115618136,0.0026894230725277,опровергнуто
