date,reval_real,other_volume,equity_real_growth,crisis
1929,,,,1
1930,,,,1
1931,,,,1
1932,,,,1
1933,,,,1
1934,,,,0
1935,,,,0
1936,,,,0
1937,,,,1
1938,,,,1
1939,,,,0
1940,,,,0
1941,,,,0
1942,,,,0
1943,,,,0
1944,,,,0
1945,,,,1
1946,,,-0.1688212264137583,0
1947,,,-0.11914154909433772,0
1948,,,-0.06282620599545641,1
1949,,,0.10475770054527822,1
1950,,,0.2052666685669764,0
1951,,,0.08817519698010812,0
1952,0.004551189851159047,0.004174209147182804,-0.023675558369107508,0
1953,0.0008109597020524977,0.0009771726545635443,-0.02912870536674672,1
1954,-0.0047364511535725575,0.0010369071504442683,0.3398307672760583,1
1955,0.029301758664698196,0.0019458079841302932,0.23265050415791544,0
1956,0.028000254576330735,0.002259190121567515,0.06269879276766344,0
1957,-0.0052838278095072265,0.002171659535461724,-0.11368420732177997,1
1958,-0.01519046547541687,0.002081636589652364,0.2917186109079708,1
1959,-0.00011446731032966305,0.0035050778692207944,0.1003574770656066,0
1960,-0.016285946111659615,0.002193672844674566,-0.005226665171484068,1
1961,-0.0076773105515899704,6.948971386783057e-05,0.18593322581282146,1
1962,-0.0073331313939378525,0.003336637064707067,-0.042146469473000825,0
1963,-0.0076553435669362,0.002918402064879451,0.08526077196747406,0
1964,0.0020141076986527756,0.003114885500055804,0.15456122130570527,0
1965,0.002816909326064411,0.002361977624967743,0.12206295356165509,0
1966,0.002238921543324588,0.0025282593301686382,-0.14567390231768995,0
1967,0.00013532360781643576,0.00021918505582148437,0.26330576615064705,0
1968,-0.00029529687955461015,-0.0012118349667211475,0.13545548076368008,0
1969,0.0023163613483647774,0.0006078219773140456,-0.20283422979429955,0
1970,-0.000790816110598884,-2.0945647655537544e-05,-0.05366893346125057,1
1971,0.0037319411442757536,-0.00012083201472999798,0.11646529670734473,0
1972,0.0043617139798036095,-0.0011290378612300806,0.20152116184561208,0
1973,0.023240616765158026,-0.00315450125486984,-0.2569515192231382,1
1974,0.0613304713185876,0.07345364567826826,-0.36804833035608797,1
1975,-0.015229405896197062,-0.10233178318296328,0.23892450257877962,1
1976,0.014631265732041668,-0.0013530529620755184,0.16444168625527555,0
1977,0.01031957938774275,-0.0007058712540249262,-0.16836906135584717,0
1978,0.017765531381929794,-0.00010284593678669353,-0.023330250253286833,0
1979,0.019070840234813313,-0.0012456810757003642,0.09422509919420707,0
1980,0.008792809949842453,-0.0013441876637946039,0.21700296280517906,1
1981,-0.014266992308850326,-0.0015684917934157565,-0.16847082189338136,1
1982,-0.02740478732451509,-0.0010018428996443165,0.06542270497733949,1
1983,-0.027166082825783908,-0.0013141350341756197,0.13166783779953017,0
1984,-0.012729988274000872,-0.013104222245944853,-0.08030851435887498,0
1985,-0.016364911491644284,0.004681823218170399,0.19641320956350494,0
1986,-0.005815665692119791,-0.007110871971994347,0.14602995072311087,0
1987,0.003011699188964167,-0.004469955047425311,-0.004256897263316239,0
1988,0.0031630531611597165,-0.0018794731370292356,0.08063382477130343,0
1989,-0.013153285517755218,-0.0033009217349447896,0.18059137268065495,0
1990,-0.037228528917720896,-0.0015933118060777636,-0.09226664804157447,1
1991,-0.07101048383628941,-0.0014106887611681795,0.3086246863403237,1
1992,-0.06230158389185801,-0.002833392052728567,0.06786909114779816,0
1993,-0.026947345226182483,-0.0018781209047639925,0.08774401793498354,0
1994,0.009003844988112714,-0.0023280306170203376,-0.02768990307325625,0
1995,-0.0026629274827729733,-0.0025005122293721483,0.30754089313565114,0
1996,0.010574066566044545,-0.002671056963328404,0.12720320053380818,0
1997,0.07457599864608892,-0.0022523619589852927,0.252129631498077,0
1998,0.022776738837544115,-0.009184380978386274,0.2460426400921769,0
1999,0.006421755419812325,-0.00506497624109295,0.2767696457610933,0
2000,0.03219976058800109,0.034068045219766224,-0.15082966689489863,0
2001,-0.04802646423602477,-0.007753209165722294,-0.12579940434847736,1
2002,0.01935478126627821,0.0006421707332427054,-0.23579250367588056,0
2003,-0.008000817075577501,0.001989321904768469,0.2622156588728626,0
2004,0.08030834378957875,-0.007537376165385854,0.10329048615456982,0
2005,0.05161134795106885,-0.002805199835791144,0.019903900139533803,0
2006,0.0532125319051672,-0.008182572917402339,0.09325999929255913,0
2007,0.02276871355584132,-0.0035518138590577408,0.02777997412850275,0
2008,-0.08547951948350808,-0.0022655959619066056,-0.35975092275676035,1
2009,-0.16274633238103986,0.0004002921278050602,0.23120589386121737,1
2010,0.05100788848744736,-0.14468494720664235,0.12464402344992465,0
2011,0.017827685014755144,-0.0045480376063911365,-0.018370961720742263,0
2012,0.002822147742726565,-0.004011727793655072,0.10052559695302765,0
2013,0.05158736343654299,-0.028019487058099105,0.2757286108072652,0
2014,0.023490140044361167,-0.0017527572967187734,0.0971180872240176,0
2015,0.015143431643802305,-0.0017640745682373047,-0.04720428086705264,0
2016,0.02253760111690485,-0.004000582276912921,0.05181832160465083,0
2017,0.01416831948652196,-0.005308217474080611,0.14087133739217572,0
2018,-0.01434690848550683,0.01584500022303567,-0.09059942999288928,0
2019,0.014174132762876962,-0.009773493698132069,0.23526500236797898,0
2020,0.009848795973750955,0.005931573745894308,0.2321598780945906,1
2021,0.05686809709862502,-0.00553452572826137,0.18570142777916798,0
2022,-0.06142400312855599,0.010269309592918517,-0.2766468047825541,0
2023,-0.06009020625363413,-0.0035908753517218677,0.18582938040330732,0
2024,-0.028735394092611923,-0.0005233258198077265,0.1825871559037795,0
2025,-0.005649192775614237,0.00012305571372193933,0.11757962961795099,0
2026,,,,0
