check,panel,beta,p,n
low-intangible subsample,KLEMS,-0.05686279928969584,0.00296566619762268,3954
within country-industry (+ country-year),KLEMS,-0.07669192829281946,0.06901498045905959,12595
low-intangible subsample,WIOD,-0.10045991113443228,9.603866814679596e-08,10130
within country-industry (+ country-year),WIOD,0.02172212878169456,0.20459209669701584,25571
"non-NA spending as unproductive cost (PI + I, K)",KLEMS,-0.08500380606097632,1.4355048513911113e-07,12343
"non-NA as capital (m = 1, D = I - dU)",KLEMS,-0.016127321021749144,0.179198877025601,11733
"corr(K_RD/K, ln K/W) within country-year",KLEMS,-0.011874869142811814,,11276
K without R&D capital,KLEMS,-0.036981190223621015,0.0007258636640666978,11276
"same sample, K with R&D (reference)",KLEMS,-0.026306144435672134,0.008209679808980137,11276
