ind,year,U_ons,I,U_klems,K,W,country,I_cbs,I_Brand
A,2000,620.064909090909,266.0,235.3207319227103,24211.0,4752.049458677583,UK,,
A,2001,699.2049454545454,337.4,227.20661717834284,26110.0,4954.267339246791,UK,,
A,2002,723.8424872727272,325.2,242.0311395238392,27974.0,4694.254631096519,UK,,
A,2003,713.6197963636363,304.2,238.26090747364,30435.0,4640.713550214826,UK,,
A,2004,760.7107962181818,360.5,240.800712356099,32020.0,4765.7016911656265,UK,,
A,2005,867.916602530909,443.2,235.4488580383258,34797.0,5283.0130367390175,UK,,
A,2006,822.5056573905455,338.4,247.1393816108996,37159.0,5665.224598092824,UK,,
A,2007,904.0213895447272,439.8,262.72099037506223,40878.0,7078.754346667201,UK,,
A,2008,665.9406051802763,150.8,281.7157322583926,44253.0,7804.389232551419,UK,,
A,2009,580.5639304169658,200.0,312.1675244798126,45086.0,9056.580929936208,UK,,
A,2010,185.148015972352,125.4,322.0398196930288,43210.0,9511.522027292376,UK,,
A,2011,531.3337969144329,177.0,260.8342236519921,44988.0,9875.351136313797,UK,,
A,2012,516.1310294761948,217.6,302.28879601143035,46258.0,9043.978197197448,UK,,
A,2013,519.4409429114838,236.2,333.3363242680589,47136.0,9048.948438123462,UK,,
A,2014,481.9975155929994,198.8,303.4379268384053,47350.0,9597.2475223892,UK,,
A,2015,503.03410509888505,230.70000000000002,326.35098440607214,47714.0,9053.423198610975,UK,,
A,2016,507.4366340002787,225.0,318.505602130551,50125.0,9675.741157155631,UK,,
A,2017,552.217994891517,261.5,366.10089996478195,52871.0,9768.845929928655,UK,,
A,2018,591.9528396234267,270.29999999999995,381.61432367458804,54402.0,9429.000866744826,UK,,
A,2019,592.236230363044,241.7,400.46419240923603,55622.0,10294.392541391262,UK,,
A,2020,643.1801164642866,289.3,400.58468792998997,55647.0,9412.983583260171,UK,,
A,2021,724.0974752658481,339.79999999999995,434.35238473653806,58554.0,9309.21147067796,UK,,
B,2000,2195.9332121212124,380.9,2069.242826715048,89552.0,3384.1593273219496,UK,,
B,2001,2041.330060606061,369.0,2164.1168357026772,89202.0,3411.182846965717,UK,,
B,2002,1914.5674230303034,368.79999999999995,2338.513174727428,89714.0,3183.8365723718766,UK,,
B,2003,1897.2612751515153,456.6,2296.870704356593,89940.0,3153.474655629774,UK,,
B,2004,1984.3915469575759,573.3,2260.914321903381,94749.0,3006.5449484155256,UK,,
B,2005,2075.258003587879,594.7,2236.772045783716,97856.0,3454.700437218199,UK,,
B,2006,2138.6353624513945,587.0,2531.956816911928,101249.0,4443.7217977186565,UK,,
B,2007,2251.45450569697,677.3,2685.167665007505,103833.0,4732.7676259695945,UK,,
B,2008,2238.694869993969,605.5999999999999,2841.768996985109,111206.0,4515.400325548351,UK,,
B,2009,2395.164069654963,769.4,3043.720844025931,103817.0,4887.990028046121,UK,,
B,2010,2063.0885300992686,666.9,3208.1389024962773,101945.0,5392.941664015995,UK,,
B,2011,2731.266407051825,740.5,3420.142776303393,105363.0,5305.358551850405,UK,,
B,2012,3074.722921482571,1037.6,3875.811349050691,109874.0,6131.058149587759,UK,,
B,2013,3115.664359699311,787.5,4224.025795134996,114611.0,6242.2838465887935,UK,,
B,2014,3102.787159270836,737.0,4428.024534304139,119662.0,5873.9616340433,UK,,
B,2015,3059.1367535248755,704.7,4612.104106519696,124195.0,6096.728900818112,UK,,
B,2016,3030.931067765374,709.0,4458.527127417017,129991.0,5291.165781551264,UK,,
B,2017,2782.360832891803,488.59999999999997,4245.583915244366,132735.0,4764.161966156325,UK,,
B,2018,2689.959445406033,581.7,4280.604227265152,132836.0,5574.7585268389485,UK,,
B,2019,2857.714500534336,818.8,4275.140061390076,133805.0,4819.701529590774,UK,,
B,2020,3099.2215576547565,932.0,4356.658246658506,129859.0,4952.202254955128,UK,,
B,2021,3388.451936740811,1036.5,4403.535970034437,138598.0,4450.91197602151,UK,,
C10-C12,2000,3164.831393939394,1586.0,7619.122335979211,25616.0,13792.498933335382,UK,,
C10-C12,2001,3111.6817696969697,1499.5,7707.6164676922,26327.0,14115.896461748993,UK,,
C10-C12,2002,3102.1552484848485,1497.7,8255.99925125576,26513.0,13844.7898892425,UK,,
C10-C12,2003,3143.0060344242424,1536.4,8071.46330796222,27474.0,13748.748826010486,UK,,
C10-C12,2004,3246.108303321212,1610.9999999999998,8126.849318505569,27000.0,14830.866695476738,UK,,
C10-C12,2005,3345.3784778860604,1644.9,7920.77745535117,28189.0,15027.084564813456,UK,,
C10-C12,2006,3326.7577833503033,1562.3,8375.41185573194,28451.0,15240.014735259538,UK,,
C10-C12,2007,3364.8311872667155,1591.3999999999999,8445.58515222048,27260.0,16262.504096016775,UK,,
C10-C12,2008,3458.684710149896,1641.6,8742.78990090674,28670.0,15950.37262196342,UK,,
C10-C12,2009,3510.2695379156867,1635.0,8988.147389773942,28597.0,15550.131851702694,UK,,
C10-C12,2010,2344.187532217822,1174.0,9166.11455620789,26319.0,16229.745434786188,UK,,
C10-C12,2011,3694.832778853956,1735.6,9166.1990857166,27219.0,15886.56552579473,UK,,
C10-C12,2012,3733.833849057205,1708.6,9438.62927015109,26859.0,16488.38839305537,UK,,
C10-C12,2013,3659.7057646181906,1618.1000000000001,9869.7109081329,27860.0,17629.23137601634,UK,,
C10-C12,2014,3713.7950668332096,1732.4,10242.08334870485,27847.0,17016.234551100682,UK,,
C10-C12,2015,3660.869224115843,1661.8,10401.84433898619,29378.0,17100.32884424509,UK,,
C10-C12,2016,3614.253240708671,1652.8,10435.0038922075,32320.0,16808.64897274079,UK,,
C10-C12,2017,3607.468493027108,1650.4,10568.221971852201,34192.0,17938.403286585704,UK,,
C10-C12,2018,3692.1348081420183,1724.8000000000002,10890.75670929716,35477.0,18605.48992645461,UK,,
C10-C12,2019,3673.7440441235053,1660.0,11338.68224673644,37798.0,18687.288692154954,UK,,
C10-C12,2020,3687.3210296158154,1686.0,11677.56931632162,38405.0,18839.14677982258,UK,,
C10-C12,2021,3994.5699305832895,1974.1,12481.77415297545,36916.0,19976.110265965726,UK,,
C13-C15,2000,848.3861212121212,305.0,2880.740934688026,5224.0,5334.28977193258,UK,,
C13-C15,2001,815.3326060606062,276.3,2723.730120867586,4944.0,5108.886046529369,UK,,
C13-C15,2002,769.6284703030303,248.7,2727.972162834773,4627.0,4588.58624905861,UK,,
C13-C15,2003,706.9674715151516,212.7,2448.332743718329,4394.0,4104.746347042538,UK,,
C13-C15,2004,676.8676999757577,221.3,2232.7341692017108,4035.0,3761.219939504533,UK,,
C13-C15,2005,617.4683558787879,180.0,1977.859720757891,3925.0,3562.4333089043607,UK,,
C13-C15,2006,628.8983871379394,225.9,1937.651211952225,3697.0,3485.127443892384,UK,,
C13-C15,2007,653.032605129697,250.1,1880.6732708136933,3547.0,3944.8856646116183,UK,,
C13-C15,2008,651.4062909387249,236.6,1844.191393794045,3521.0,3346.3129485968907,UK,,
C13-C15,2009,613.1579046853043,200.0,1805.926192101395,3336.0,3228.5747488067905,UK,,
C13-C15,2010,437.5842077239979,155.8,1775.39427573774,3026.0,3630.713851062325,UK,,
C13-C15,2011,590.6263851907061,203.70000000000002,1690.944731116559,2908.0,3164.7543195700478,UK,,
C13-C15,2012,548.4080727662613,176.60000000000002,1695.304865187634,2734.0,4076.374909251377,UK,,
C13-C15,2013,522.3321345257605,175.2,1762.658233312924,2742.0,4406.165427245649,UK,,
C13-C15,2014,525.5857124260727,194.5,1814.4986411947662,2633.0,4201.168604469155,UK,,
C13-C15,2015,547.7032124312622,220.1,1875.6329719729379,2524.0,4240.341349999322,UK,,
C13-C15,2016,566.5444112821023,237.1,1912.222494296022,2601.0,4374.775189404413,UK,,
C13-C15,2017,621.5090561650775,284.5,2002.0597301243788,2723.0,4889.489085843844,UK,,
C13-C15,2018,652.1611301505552,290.3,2109.335106702174,2767.0,5308.576999098916,UK,,
C13-C15,2019,646.0171428254827,266.2,2214.924238817644,2870.0,4994.77961241843,UK,,
C13-C15,2020,614.7010205129861,240.10000000000002,2236.653338916427,2887.0,4840.819698719473,UK,,
C13-C15,2021,602.9469453737797,242.1,2388.411156016008,2802.0,4982.59381504609,UK,,
C16-C18,2000,1352.6224848484849,557.7,3647.626096305214,13440.0,8909.715031940377,UK,,
C16-C18,2001,1391.3960242424243,553.2,3621.013148526037,13479.0,8540.827175986593,UK,,
C16-C18,2002,1415.7386812121213,551.8,3836.225611934137,13200.0,8468.72258599491,UK,,
C16-C18,2003,1420.029278060606,537.1,3719.847451446623,13580.0,8733.742408095237,UK,,
C16-C18,2004,1423.2885087030304,533.0,3681.6152704472797,12972.0,8903.945138328561,UK,,
C16-C18,2005,1415.9146932751514,517.8,3585.1258378465723,13338.0,9336.49403271795,UK,,
C16-C18,2006,1422.7360202317577,522.1,3810.10729205443,13352.0,9674.155460119828,UK,,
C16-C18,2007,1441.456949081988,532.9,3815.210977906596,13361.0,9668.370328482844,UK,,
C16-C18,2008,1547.7046684153795,628.2,3978.03827647824,14065.0,9867.586585917754,UK,,
C16-C18,2009,1591.514491986913,601.0,4036.135978107478,14226.0,9605.780545782569,UK,,
C16-C18,2010,824.1625780595372,269.40000000000003,3942.945290628623,13656.0,9077.2083453072,UK,,
C16-C18,2011,1526.8669156715678,499.3,3848.064992332123,13737.0,9071.457733912968,UK,,
C16-C18,2012,1437.6444418736373,452.6,3874.702718451388,13286.0,9050.077102827248,UK,,
C16-C18,2013,1405.043661769917,476.9,3874.467985636843,13377.0,8999.742706395127,UK,,
C16-C18,2014,1380.1548194462086,474.2,3953.843315909601,12963.0,9226.751843816732,UK,,
C16-C18,2015,1409.8529996022005,517.6,3943.940573807797,12842.0,9036.915132501435,UK,,
C16-C18,2016,1453.2627701197277,552.4,4052.7814267304857,14115.0,9597.154255252775,UK,,
C16-C18,2017,1536.8995919628937,610.9,4055.6732701697683,14691.0,9541.654373184108,UK,,
C16-C18,2018,1591.3377605323142,615.8,4122.584916280906,14880.0,9702.26322403571,UK,,
C16-C18,2019,1618.0028451797436,607.0,4247.786953393051,15291.0,9915.36306175797,UK,,
C16-C18,2020,1689.2145720268077,659.3000000000001,4329.36360735195,15128.0,9382.091872897545,UK,,
C16-C18,2021,1711.8281206835247,654.6,4455.73295245398,15245.0,8869.23887213422,UK,,
C19,2000,1630.3547878787876,654.1999999999999,274.0845239905909,3597.0,625.4939778779188,UK,,
C19,2001,1196.8747393939393,218.60000000000002,277.6025658895976,3525.0,625.0211716341213,UK,,
C19,2002,825.9487369696969,107.10000000000001,293.2163252623121,3485.0,554.1991493839611,UK,,
C19,2003,586.8541168484848,89.2,278.5868632085355,3561.0,511.24866879659214,UK,,
C19,2004,463.0266738424242,107.1,286.293803857884,3426.0,631.5846808510638,UK,,
C19,2005,664.9338888921211,383.8,287.25792901573817,3515.0,685.1208749405611,UK,,
C19,2006,835.297249644606,433.09999999999997,303.210192335096,3504.0,582.8072853608464,UK,,
C19,2007,889.8409262902303,384.1,309.005712068494,3563.0,716.0333740766329,UK,,
C19,2008,902.2358343593114,364.4,327.5092686903697,3888.0,797.4276753782668,UK,,
C19,2009,860.5190104366856,316.90000000000003,319.28677214887614,3987.0,604.0165265948447,UK,,
C19,2010,97.13797923935576,17.4,320.93151038594397,3796.0,741.3230885869248,UK,,
C19,2011,530.4924172272559,20.6,341.93230719116696,3791.0,724.4718425369055,UK,,
C19,2012,378.06168951968215,47.3,390.9451818256087,3845.0,868.3512601978032,UK,,
C19,2013,301.7521167244679,59.8,430.9486125204939,3920.0,835.8846934632562,UK,,
C19,2014,258.97619711120603,60.9,471.6249922448008,4012.0,827.2811894293953,UK,,
C19,2015,245.9147977945031,70.9,506.0340876914835,4023.0,902.8805424156416,UK,,
C19,2016,240.7797974455492,68.80000000000001,526.1586636764711,4122.0,898.6384287148594,UK,,
C19,2017,237.7236755410569,65.30000000000001,524.3556652063804,4264.0,747.1741657180517,UK,,
C19,2018,244.42726780707585,71.30000000000001,555.0894285251898,4454.0,814.8583075167129,UK,,
C19,2019,227.15018059958277,46.699999999999996,581.0382685799817,5077.0,835.0981269878666,UK,,
C19,2020,271.14091226377303,101.5,614.9123780323014,5390.0,894.3224738974154,UK,,
C19,2021,271.93148967018396,68.2,642.6421420322423,5649.0,825.4416294642857,UK,,
C20,2000,1099.8997575757576,471.7,3399.226596573061,23469.0,6193.082120910824,UK,,
C20,2001,1106.1219878787879,464.0,3380.8670712120947,23022.0,6222.580144241228,UK,,
C20,2002,1106.3492993939394,455.6,3556.882451300628,22486.0,5973.229738234144,UK,,
C20,2003,1122.726624969697,464.6,3436.468326333825,22085.0,6001.654089373048,UK,,
C20,2004,1162.9200752484849,498.70000000000005,3307.354702223575,21323.0,5506.709416978994,UK,,
C20,2005,1168.3515109624243,472.7,3154.917142774238,21148.0,5490.214731496642,UK,,
C20,2006,1215.9513534681214,503.79999999999995,3302.458351219767,20953.0,5384.799684080968,UK,,
C20,2007,1206.111519289406,460.9,3241.935996335964,21299.0,5286.32551544319,UK,,
C20,2008,1174.0908172188704,424.90000000000003,3280.0634117528143,21936.0,4951.325250263373,UK,,
C20,2009,1117.6341507988636,388.7,3338.07579919198,21930.0,4723.230609638543,UK,,
C20,2010,817.0970573015722,318.2,3383.983657264359,20430.0,5101.95936818879,UK,,
C20,2011,1202.8384502691456,477.1,3533.465573441934,19872.0,5683.639620625167,UK,,
C20,2012,1232.7618564270779,479.8,3613.832290603084,19372.0,5433.330496418248,UK,,
C20,2013,1337.411708589074,566.0,3814.512282743568,19208.0,6116.444252065883,UK,,
C20,2014,1387.089727227848,559.6,3975.306934577666,18859.0,6444.141740460428,UK,,
C20,2015,1425.0836085114886,575.0,4128.6622858210885,19101.0,6995.227971927985,UK,,
C20,2016,1455.7082270528197,589.7,4121.644653980456,19761.0,6140.40476019529,UK,,
C20,2017,1462.333083470874,580.3,4062.3388107371147,19936.0,5627.27958748516,UK,,
C20,2018,1468.2270469468467,574.9,4124.0544160026875,19622.0,6283.627055661416,UK,,
C20,2019,1522.3702572887564,610.0,4332.632438070661,19752.0,7296.239471980188,UK,,
C20,2020,1628.0662863214488,676.0,4405.90083701555,19071.0,6732.771342181997,UK,,
C20,2021,1691.2578408120958,686.1,4686.60075947747,18965.0,7113.926650877266,UK,,
C21,2000,984.0955757575757,507.3,1606.0505460778568,8371.0,3027.114125350796,UK,,
C21,2001,1053.0238787878789,499.5,1699.9772053466131,8461.0,3337.2143372832898,UK,,
C21,2002,1119.8251539393939,522.3,1972.9330317297772,8479.0,3655.98738170347,UK,,
C21,2003,1271.0427936969697,626.3000000000001,2041.915822967953,8528.0,3720.106200592401,UK,,
C21,2004,1158.8914532848485,418.4,2048.6630642195987,8614.0,3628.442030408583,UK,,
C21,2005,1193.1065400242423,502.8,2037.901612870201,9016.0,3911.140265026849,UK,,
C21,2006,1118.392877017212,400.3,2268.153899550788,9519.0,4515.084871265224,UK,,
C21,2007,1097.9555360364607,420.9,2262.335046333243,10118.0,4293.679601965541,UK,,
C21,2008,1232.839828452383,566.9,2483.094412547119,10501.0,5237.925886949315,UK,,
C21,2009,1354.973366123675,613.3,2687.097602096694,10189.0,4813.708648784821,UK,,
C21,2010,805.1673553185451,395.4,2844.834488710903,9558.0,4853.908729948647,UK,,
C21,2011,1409.9946249393197,554.6,2865.4151865562617,9708.0,4872.08543380207,UK,,
C21,2012,1369.5631492056937,540.1,2999.603141710262,9650.0,4585.046582205308,UK,,
C21,2013,1344.8897092649465,532.5,3053.4765632846343,9890.0,4952.1012271746695,UK,,
C21,2014,1197.6987694913316,399.59999999999997,2986.416808417878,9898.0,4485.734281286768,UK,,
C21,2015,1123.7086120963459,398.7,2950.77804515389,10046.0,4401.479437717143,UK,,
C21,2016,1083.515605681307,402.5,3063.184779487671,10923.0,5243.073083009639,UK,,
C21,2017,1081.821297388489,433.4,3100.445217962378,12392.0,5794.436656119417,UK,,
C21,2018,1106.9781589132192,470.8,3297.1768872726198,13939.0,5820.182948669441,UK,,
C21,2019,1210.5175330505767,574.7,3513.236912649422,15107.0,6448.031473854986,UK,,
C21,2020,1294.9079633198803,621.6,3743.080848421335,15846.0,6854.50246330374,UK,,
C21,2021,1307.9199061145227,594.8,4108.478206498944,14422.0,7315.746301677848,UK,,
C22-C23,2000,786.7601818181818,298.6,3799.983465207234,14478.0,8946.920783143947,UK,,
C22-C23,2001,811.8461090909091,306.0,3921.805792543115,14223.0,9512.999034099756,UK,,
C22-C23,2002,809.1841454545455,288.7,4132.044536807141,14089.0,8665.17469160366,UK,,
C22-C23,2003,829.0454632727274,308.3,4027.2969391101396,14323.0,8864.980252331323,UK,,
C22-C23,2004,874.3447755636364,339.8,4060.3345425620173,13842.0,9296.346582288554,UK,,
C22-C23,2005,911.9046701381819,347.2,3949.2561373219223,14242.0,9351.717758843017,UK,,
C22-C23,2006,943.2345686109092,355.7,4150.5367823008155,14346.0,9362.00375789836,UK,,
C22-C23,2007,987.8835634641455,384.0,4111.823785682557,14824.0,9411.541746762972,UK,,
C22-C23,2008,1234.1201595466473,602.4,4246.810496288537,15840.0,9566.764729889206,UK,,
C22-C23,2009,1299.0504183545486,523.8,4283.052852741009,15896.0,8661.163017569726,UK,,
C22-C23,2010,793.1358542131202,291.5,4239.957521127272,14955.0,8601.138525737646,UK,,
C22-C23,2011,1393.5062427075156,551.6999999999999,4152.92483088872,14803.0,8437.970402246012,UK,,
C22-C23,2012,1426.7042716518183,540.3,4211.84667057164,14467.0,8585.284922410308,UK,,
C22-C23,2013,1406.3831452325103,499.5,4374.297321487618,14528.0,9347.200101633962,UK,,
C22-C23,2014,1451.6664175004705,559.1,4509.27844331393,14225.0,9417.10269694241,UK,,
C22-C23,2015,1499.7283006161852,585.2,4698.14936552424,14538.0,10199.219497043718,UK,,
C22-C23,2016,1586.0194307932861,642.4,4850.6959917041695,15566.0,10246.637953882851,UK,,
C22-C23,2017,1685.0014949471727,690.0,4932.18468289692,15934.0,10072.215457869228,UK,,
C22-C23,2018,1834.9663165982008,767.7,5176.3596557767,16248.0,10515.937422511804,UK,,
C22-C23,2019,1959.397545844013,782.3,5454.170643275251,16940.0,10747.824811609496,UK,,
C22-C23,2020,2014.0509002869517,749.0,5689.17406523101,16646.0,10526.97792922443,UK,,
C22-C23,2021,2038.0037056255937,733.9,6037.04758060143,16920.0,10753.16669988043,UK,,
C24-C25,2000,1162.2018787878787,416.6,6092.106680828339,23371.0,13499.844651516732,UK,,
C24-C25,2001,1174.892193939394,381.70000000000005,6039.37292178272,23410.0,13314.199260877647,UK,,
C24-C25,2002,1169.21392969697,366.0,6376.6728359656,23477.0,13242.16974983901,UK,,
C24-C25,2003,1146.3439524848486,349.3,6136.32877020475,23785.0,13095.498644861616,UK,,
C24-C25,2004,1159.5279288242425,373.5,6026.6001007653795,23259.0,12990.475768934504,UK,,
C24-C25,2005,1182.7616358012124,386.7,5853.72357373384,25348.0,13667.880550824404,UK,,
C24-C25,2006,1231.6199373420607,417.8,6087.11571905301,25195.0,13192.68937654995,UK,,
C24-C25,2007,1274.3571483167032,418.8,6081.7310256685905,25319.0,13767.707415299114,UK,,
C24-C25,2008,1624.8283662081553,734.3,6374.449927210069,26613.0,14563.76009145829,UK,,
C24-C25,2009,1908.3306528949838,782.3,6369.26733383274,25820.0,12659.60753865493,UK,,
C24-C25,2010,1376.6571117266265,458.5,6297.11965268349,24352.0,13239.974250283702,UK,,
C24-C25,2011,2130.6812656393845,692.4,6277.6339961022,24166.0,13412.603825094136,UK,,
C24-C25,2012,2261.292161951939,777.6,6457.25763983827,24292.0,13541.332888082305,UK,,
C24-C25,2013,2356.559583933537,780.9,6796.39718646149,24449.0,15084.568325302642,UK,,
C24-C25,2014,2454.450205653112,809.4,7082.13352769455,24039.0,15178.452445178596,UK,,
C24-C25,2015,2510.5604979794953,794.3,7199.83995766398,24248.0,14736.185283628738,UK,,
C24-C25,2016,2636.720122599094,883.6,7313.7918824748995,25274.0,14746.614459218148,UK,,
C24-C25,2017,2823.507742265092,982.1,7385.21573475579,25914.0,14997.951896233972,UK,,
C24-C25,2018,3009.2486241861707,1034.2,7584.7280494366205,25497.0,15478.79756097561,UK,,
C24-C25,2019,3159.077735118438,1043.6,7807.39776568412,26184.0,15677.965319887307,UK,,
C24-C25,2020,3312.658840574468,1087.5,8052.07909233745,25928.0,15230.599278173877,UK,,
C24-C25,2021,3448.628804354612,1106.4,8354.53661768326,26457.0,15199.74147551658,UK,,
C26,2000,1324.416606060606,486.79999999999995,3917.207087783752,12362.0,7428.698370599188,UK,,
C26,2001,1403.7606303030302,509.4,3967.3831129788914,12428.0,7886.841755698304,UK,,
C26,2002,1414.8466715151515,468.7,4231.7578064921145,12178.0,7637.975445934309,UK,,
C26,2003,1413.2169415757576,453.6,3944.7183907534586,11742.0,7171.474338863224,UK,,
C26,2004,1419.487997478788,464.70000000000005,3753.491737414329,11093.0,7202.978956245858,UK,,
C26,2005,1418.4193371539395,447.4,3469.864190842396,10985.0,7144.001216012971,UK,,
C26,2006,1449.5809422816972,472.5,3536.075324860247,10795.0,6856.837167612787,UK,,
C26,2007,1463.207280982885,459.8,3400.178295272773,10738.0,7086.337877722046,UK,,
C26,2008,1652.9014385297846,635.1,3480.764392175644,10945.0,7646.387447846078,UK,,
C26,2009,1652.6105580494975,515.7,3603.743318952584,10699.0,8244.85130908973,UK,,
C26,2010,1201.2351796995417,322.5,3636.4045632719162,10144.0,8190.761580567106,UK,,
C26,2011,1672.3940979534582,513.3,3640.327312471522,10222.0,8461.021012446634,UK,,
C26,2012,1667.9643840399217,486.3,3706.5595631350207,9960.0,8299.867875889888,UK,,
C26,2013,1722.2382644361078,542.0,3870.684009557377,9995.0,8911.336429308565,UK,,
C26,2014,1746.7055833905392,538.5,3990.5624597759574,9954.0,8700.052576969098,UK,,
C26,2015,1763.7154168250836,543.9,3982.430213839305,10049.0,8469.845925440426,UK,,
C26,2016,1787.6996903307224,554.9000000000001,4060.5094454465197,10537.0,9158.414648977896,UK,,
C26,2017,1826.514881108197,569.5,4175.022854077586,10537.0,9864.661543936683,UK,,
C26,2018,1867.196468081219,581.0999999999999,4389.606492528088,10340.0,10043.762784519711,UK,,
C26,2019,1988.8765067371685,666.4,4617.61912110189,10555.0,10271.491528866662,UK,,
C26,2020,2078.032242495209,673.1999999999999,4847.40187823515,10391.0,10222.67901884354,UK,,
C26,2021,2036.6001913563152,567.6,5154.81569329997,10505.0,10430.081777100237,UK,,
C27,2000,507.32678787878785,173.6,1695.916539404915,4553.0,3743.589644504904,UK,,
C27,2001,509.6171393939394,173.1,1708.4887199648729,4629.0,3875.524585971932,UK,,
C27,2002,528.530496969697,189.7,1810.791045863272,4466.0,3790.5583907641767,UK,,
C27,2003,533.0798128484848,184.1,1726.658025689304,4361.0,3619.393057697344,UK,,
C27,2004,536.1064370424243,182.7,1642.152497953787,4191.0,3408.194962184059,UK,,
C27,2005,524.9744367321213,170.6,1535.880995270243,4137.0,3383.324093317809,UK,,
C27,2006,542.1266156606061,194.3,1558.348469384309,4051.0,3195.762098062328,UK,,
C27,2007,530.8109298998304,166.6,1537.661824414077,4033.0,3540.341986404228,UK,,
C27,2008,664.0110853852316,307.1,1611.213160387169,4177.0,3699.4157822449743,UK,,
C27,2009,803.4568968044298,358.5,1618.565170941439,4142.0,3290.143163976211,UK,,
C27,2010,555.7032803026264,192.3,1600.3723687189831,3889.0,3174.656650986381,UK,,
C27,2011,863.0897283701272,287.0,1561.320603896752,3856.0,3115.1016426272777,UK,,
C27,2012,869.331842136028,284.6,1606.3862634782931,3723.0,3230.768707178648,UK,,
C27,2013,839.8354453373739,249.3,1662.695522558635,3705.0,3417.499839650643,UK,,
C27,2014,882.4279136328682,309.4,1718.200978545788,3638.0,3515.8696255301315,UK,,
C27,2015,898.2570950784115,303.09999999999997,1758.423083254393,3683.0,3334.3560920111418,UK,,
C27,2016,908.1861464677335,308.2,1845.199061093645,3826.0,3654.7680878868982,UK,,
C27,2017,915.025844177883,303.2,1896.508922810903,3862.0,3761.562912724099,UK,,
C27,2018,882.5542894488017,268.5,1950.0169551738982,3757.0,3974.248317805383,UK,,
C27,2019,880.2305831846494,290.0,2047.9404624602819,3941.0,4049.257283165136,UK,,
C27,2020,882.9915507877688,286.0,2248.462790962274,3882.0,4596.6231449594925,UK,,
C27,2021,868.4874084801185,262.3,2401.832044071275,3866.0,4486.623782411853,UK,,
C28,2000,2258.7874545454547,709.1,3610.885680312618,11021.0,8109.555874308637,UK,,
C28,2001,2280.3920727272725,740.5,3599.073256226661,10794.0,8081.273552231264,UK,,
C28,2002,2375.734923636364,829.7,3763.544787537206,10654.0,7845.866927717991,UK,,
C28,2003,2485.5862981818186,865.4,3631.776897536196,10614.0,7932.347030214835,UK,,
C28,2004,2602.350294109091,904.2,3576.593353793759,10184.0,8104.443864229765,UK,,
C28,2005,2728.049884625455,951.2,3418.103062908498,10358.0,8049.1073538322735,UK,,
C28,2006,2791.586055703273,933.0,3543.035935216828,10329.0,7942.246618423865,UK,,
C28,2007,2748.762276724364,846.0,3515.295994064081,10520.0,8048.387849564991,UK,,
C28,2008,2517.7881780205385,645.1,3622.9108460717916,10915.0,8290.440299139269,UK,,
C28,2009,2433.2904753386592,720.1,3670.415374024641,10795.0,7756.578771209006,UK,,
C28,2010,1690.9278950346757,474.1,3761.442069063901,10380.0,8589.682625712403,UK,,
C28,2011,2334.5349945323374,669.9,3890.7101297791323,10431.0,8939.963953736504,UK,,
C28,2012,2400.608099488931,813.3,4139.984250480185,10549.0,8684.658035160177,UK,,
C28,2013,2440.888056633785,830.3,4369.343987508468,10809.0,9563.812500864466,UK,,
C28,2014,2507.5527974225324,878.8,4577.85167287747,10889.0,9609.579966227391,UK,,
C28,2015,2578.3082115632974,899.8,4690.021885759859,11259.0,9862.17031451168,UK,,
C28,2016,2636.894378368188,911.5,4848.276178090089,11502.0,9960.076463082813,UK,,
C28,2017,2770.1514781420356,1001.1,4883.47926560063,11860.0,9643.95791530411,UK,,
C28,2018,2827.181683772902,967.7,5017.77462581026,12247.0,10421.716419116963,UK,,
C28,2019,2906.6052141701985,1013.8,5089.5690077649,12962.0,9984.870592494412,UK,,
C28,2020,3065.1215181858097,1103.5,5166.77884220345,13197.0,9695.969401083035,UK,,
C28,2021,3130.3241932818487,1045.5,5320.36506889367,13857.0,9450.759468447864,UK,,
C29-C30,2000,1988.005090909091,751.2,5689.80445233944,30427.0,11632.076978313504,UK,,
C29-C30,2001,2050.987854545455,776.1,5783.85074004516,31079.0,11961.0505929131,UK,,
C29-C30,2002,2070.8051927272727,758.1,6177.598642865531,31595.0,11517.774794723844,UK,,
C29-C30,2003,2087.754955636364,747.6,6166.86490507864,31941.0,12459.309669276328,UK,,
C29-C30,2004,2182.3671877818188,810.5,6187.79936158886,31297.0,12386.826088076514,UK,,
C29-C30,2005,2253.590381149091,812.5,5991.614034039219,32446.0,12349.893668864564,UK,,
C29-C30,2006,2361.965762257455,866.3,6372.86570879628,32745.0,12590.274902081404,UK,,
C29-C30,2007,2412.058875722473,835.6,6370.36300059817,33560.0,12494.54543203228,UK,,
C29-C30,2008,2723.786936733324,1103.0,6702.8208463746,35685.0,13739.398132556562,UK,,
C29-C30,2009,2999.9446817220423,1155.2,6816.683428397941,36782.0,11969.573932376928,UK,,
C29-C30,2010,2606.5369855512577,910.0999999999999,6900.38874030812,35834.0,12438.264723810871,UK,,
C29-C30,2011,3460.497526119987,1251.5,7203.737370849731,35796.0,13406.941649444036,UK,,
C29-C30,2012,3806.8521970768957,1413.7,7637.46958976307,36599.0,14008.53786056946,UK,,
C29-C30,2013,4132.7558948745,1489.5,8138.179003192279,38464.0,14494.008621393465,UK,,
C29-C30,2014,4469.609850829166,1615.8000000000002,8630.19876891112,40026.0,15067.12862223328,UK,,
C29-C30,2015,4744.587222661783,1667.9,8976.69844480625,43450.0,15360.411183586428,UK,,
C29-C30,2016,5061.93988774478,1805.0,9271.16527528522,48703.0,16207.201762810211,UK,,
C29-C30,2017,5443.80217773155,1960.6,9639.81225954961,51483.0,17373.74973562822,UK,,
C29-C30,2018,5797.6951834132815,2056.2,10209.90645455214,53768.0,17754.49904784349,UK,,
C29-C30,2019,6039.693523750092,2048.6,10784.53228622521,56396.0,18041.21454296868,UK,,
C29-C30,2020,6182.915370124811,2019.8,11111.43299474558,56853.0,17205.23863698187,UK,,
C29-C30,2021,5886.803876739914,1593.0,11476.099585968019,57295.0,16206.208287864798,UK,,
C31-C33,2000,3429.1949696969696,1205.2,4065.34199015194,8612.0,10277.16296588505,UK,,
C31-C33,2001,3472.9984484848487,1182.4,4096.03069423306,8941.0,9968.229808988568,UK,,
C31-C33,2002,3667.3103224242423,1343.9,4378.880818399999,9050.0,10127.884759206449,UK,,
C31-C33,2003,3740.261628121212,1283.1000000000001,4265.41904651401,9308.0,10340.18545204352,UK,,
C31-C33,2004,3845.6518974060605,1335.4,4140.908635771231,9084.0,9872.519484301,UK,,
C31-C33,2005,3913.032903990303,1311.7,3945.2269276230263,9326.0,9957.764832091623,UK,,
C31-C33,2006,4081.5234864795148,1425.1,4192.32139971346,9332.0,10818.083891300288,UK,,
C31-C33,2007,4110.197219815176,1339.0,4237.2592602653895,9390.0,11305.55833192318,UK,,
C31-C33,2008,3397.516887294759,611.8,4364.06937462451,9623.0,10943.792874616764,UK,,
C31-C33,2009,2846.32579792685,506.0,4385.2876087820005,9480.0,10817.356147131628,UK,,
C31-C33,2010,1826.8174146618712,360.1,4390.59386481394,9066.0,11219.323139324522,UK,,
C31-C33,2011,2348.5250739617695,493.5,4378.24133197194,9431.0,11013.736742397989,UK,,
C31-C33,2012,2139.6165210476706,520.4,4517.46919394527,9172.0,11633.643316988122,UK,,
C31-C33,2013,2010.6776685884615,543.1,4823.4858261154495,9154.0,12832.36623736642,UK,,
C31-C33,2014,1976.347435770313,605.2,5074.84815360428,8986.0,12763.84486419834,UK,,
C31-C33,2015,1948.2309810957163,616.3,5221.683491908931,9283.0,13123.624685104576,UK,,
C31-C33,2016,1946.4725451401484,643.2,5461.58778702798,9833.0,13241.388310386286,UK,,
C31-C33,2017,2008.0050685806223,711.5,5578.68600010412,10445.0,14295.041975582024,UK,,
C31-C33,2018,2032.9380248697435,699.4,5826.505083288979,10608.0,15026.98472821059,UK,,
C31-C33,2019,2102.7539021085995,760.4,6061.580862265129,11284.0,14266.90753060193,UK,,
C31-C33,2020,2194.306451098425,806.7,6347.932967314409,11340.0,14773.92256536612,UK,,
C31-C33,2021,2316.467654559213,865.2,6756.34573491333,11675.0,15140.55642763582,UK,,
D,2000,1124.0093333333334,418.7,2866.437719425408,53919.0,4157.184692005852,UK,,
D,2001,1192.2938666666669,431.5,2857.385800490331,54607.0,3554.0915314941813,UK,,
D,2002,1148.3347733333335,355.29999999999995,3059.554766599159,53216.0,3683.735927345832,UK,,
D,2003,1151.9467626666667,385.20000000000005,2992.3252338750235,54365.0,3693.2996628838864,UK,,
D,2004,1245.7924309333334,463.3,3023.1580880869833,53745.0,3907.216467515001,UK,,
D,2005,1321.9540189866666,493.3,3005.190007121326,57157.0,4264.972225861391,UK,,
D,2006,1451.2108844373333,570.3,3294.805137711235,62464.0,4778.259883984516,UK,,
D,2007,1530.4955589802667,569.8,3490.492942669376,69542.0,5166.816314560249,UK,,
D,2008,1466.8238579950935,464.5,3955.406991015237,77798.0,6421.771091399923,UK,,
D,2009,1699.4000528636589,716.3,4273.148656825611,82397.0,6601.181225140749,UK,,
D,2010,1421.1764417373527,524.3,4622.6376979008965,85552.0,6864.163174629622,UK,,
D,2011,2034.5288954224916,802.0,5061.895689218594,90798.0,7267.279779972165,UK,,
D,2012,2318.6866200951085,954.7,5738.371186891863,96296.0,7230.795715748623,UK,,
D,2013,2481.807258041871,929.0999999999999,6288.084055091385,103281.0,7893.196157485498,UK,,
D,2014,2674.3765274975735,976.7,6690.397397543644,107316.0,7597.680632783863,UK,,
D,2015,2925.4540321903473,1083.8,7155.2188893291,113765.0,7922.032368531005,UK,,
D,2016,3149.7566628891877,1134.9,7679.8203565577915,122725.0,7634.206330646328,UK,,
D,2017,3375.310093002111,1188.8000000000002,7855.013107720159,130678.0,7741.94261617529,UK,,
D,2018,3633.7384121795917,1301.0,8135.010457308181,135597.0,7513.889540920313,UK,,
D,2019,3747.307924475793,1237.6,8569.653447289054,146439.0,8027.732070746722,UK,,
D,2020,3855.653853246058,1261.4,8909.369511454473,146370.0,8372.687453294837,UK,,
D,2021,3975.726469526561,1322.6,9357.214795027761,153561.0,7549.046072526326,UK,,
E,2000,811.7301818181819,268.1,1608.884116932229,72554.0,5406.143938347651,UK,,
E,2001,777.9965090909092,217.8,1703.489840768652,75577.0,5711.677983220437,UK,,
E,2002,743.5003054545456,204.5,1849.653221469821,75208.0,5152.34041485294,UK,,
E,2003,727.4243752727274,208.0,1847.2842943690262,79558.0,5414.022589946212,UK,,
E,2004,756.0228875636363,246.8,1881.77636734439,82157.0,5598.103896103896,UK,,
E,2005,834.1519059781818,302.5,1914.969523298642,88140.0,6359.90946800691,UK,,
E,2006,894.3031077469091,307.5,2121.303055865382,97387.0,6767.032327792598,UK,,
E,2007,1000.4360061393454,366.29999999999995,2226.544902439726,106254.0,7412.513482783125,UK,,
E,2008,1071.8067449418472,367.6,2355.662612803204,110408.0,7249.900460269878,UK,,
E,2009,1120.0368911978123,367.5,2479.679442025844,109618.0,6847.142611881922,UK,,
E,2010,775.1360264491009,195.1,2526.9744063440367,111436.0,7021.9664579537975,UK,,
E,2011,1107.5401433131194,314.9,2607.555250741978,116615.0,7184.783400137602,UK,,
E,2012,1120.8507978243142,341.8,2708.977289246273,122220.0,7165.214164385341,UK,,
E,2013,1190.1071884831313,407.1,2870.3405321334785,127838.0,7275.027382569528,UK,,
E,2014,1228.5718170484681,405.29999999999995,3056.0792062273713,131369.0,7632.366591716016,UK,,
E,2015,1280.6371478470546,425.40000000000003,3205.544040957902,134099.0,7741.103676972593,UK,,
E,2016,1358.5007565830526,464.59999999999997,3389.529361182801,138552.0,7931.456823261915,UK,,
E,2017,1368.740516961864,421.7,3525.79645130334,144230.0,8865.871756819603,UK,,
E,2018,1461.9344760716147,507.5,3723.1173578943617,150810.0,9174.82172915735,UK,,
E,2019,1587.140064552514,570.5,4102.3905168392375,161045.0,9559.081748276363,UK,,
E,2020,1645.0264403367241,542.3,4240.081835206427,160370.0,9438.153722188055,UK,,
E,2021,1711.7773448772386,571.0,4599.781131978518,165986.0,10744.614754517996,UK,,
F,2000,5014.544606060606,1938.9,13339.64766510541,33065.0,46309.18288323632,UK,,
F,2001,5271.895030303031,1832.2,14189.4398704083,36300.0,50764.66262179866,UK,,
F,2002,5589.510031515151,1967.6999999999998,15911.647691035188,38503.0,53809.24874130312,UK,,
F,2003,5973.767789575758,2152.1,16389.91714866793,42036.0,58574.28638630512,UK,,
F,2004,6456.771434278788,2343.0,17095.22219482587,43504.0,61928.39457772957,UK,,
F,2005,6781.3760065939405,2342.7,17434.85544151918,46855.0,66686.95121724143,UK,,
F,2006,7387.869935817697,2728.5,19372.7913053261,51156.0,72323.167571412,UK,,
F,2007,7861.110952995686,2748.5,20559.10350298362,56311.0,79598.85982397546,UK,,
F,2008,8304.111175407865,2796.0,22143.158555930422,58371.0,78475.80027220945,UK,,
F,2009,8628.703752295642,2807.9,22638.09400747582,56027.0,68083.0406791409,UK,,
F,2010,6429.164007213193,1864.0,22406.71466051616,55391.0,68696.79651241234,UK,,
F,2011,9086.074396708489,2773.2,22243.84419649031,57640.0,70868.43002105718,UK,,
F,2012,9182.166137259992,2747.6,22781.64506810418,60809.0,70646.61921457849,UK,,
F,2013,9479.020180666477,2988.9,23648.85739829128,63312.0,75333.32647009021,UK,,
F,2014,9618.665826617296,2975.5,24462.49197981017,65178.0,75846.77942632604,UK,,
F,2015,9733.085398371915,2976.9,25557.308665145232,67443.0,80583.85118685137,UK,,
F,2016,10314.557132075422,3470.6,26950.415370623756,70156.0,85944.80513122547,UK,,
F,2017,11155.56586213949,3915.6,27926.00885467939,73388.0,91153.51765181412,UK,,
F,2018,12513.52753098005,4620.1,29725.47078452348,77883.0,93940.59682255748,UK,,
F,2019,13990.672028497504,5096.3,31416.26851488422,87060.0,95646.21287988633,UK,,
F,2020,15221.601664607035,5263.200000000001,32230.070260174936,90118.0,81714.43880227787,UK,,
F,2021,16356.649372603431,5474.5,33979.35084227431,95378.0,84176.20219949627,UK,,
I,2000,1483.9467272727272,699.5,2344.517628400733,30675.0,19311.913040718133,UK,,
I,2001,1499.4340363636363,664.4,2453.4366310415567,32774.0,20252.22050444736,UK,,
I,2002,1613.7711418181818,765.0999999999999,2712.188541300903,34771.0,20492.91780224222,UK,,
I,2003,1679.7984290909092,767.6999999999999,2760.3429881994007,36668.0,22052.60405673922,UK,,
I,2004,1835.4385198545453,887.1,2920.997172458637,36791.0,24290.71317469468,UK,,
I,2005,1970.5230287127272,933.2,2973.692742016522,39228.0,25410.50290183213,UK,,
I,2006,2154.8266894196363,1039.8,3240.308500927026,40779.0,26414.72520033444,UK,,
I,2007,2276.704286906182,1067.0,3369.805382101473,42967.0,29106.12336479067,UK,,
I,2008,2334.7643809475494,1062.2,3557.982431562,44138.0,28340.95641006219,UK,,
I,2009,2419.0781516917295,1103.8,3621.955696644467,42337.0,27076.303897284582,UK,,
I,2010,991.7667783147522,508.8,3716.7842853616976,39390.0,29136.36975465601,UK,,
I,2011,2553.2600399370576,1182.8,3833.04998757275,39358.0,31169.65516174361,UK,,
I,2012,2729.3725818852104,1304.4,4148.659082084011,39972.0,32588.43160985565,UK,,
I,2013,2733.4082790171583,1225.6,4456.05732222843,40872.0,33950.66704074501,UK,,
I,2014,2873.937344738181,1371.1000000000001,4908.897924286811,42826.0,35351.089668066044,UK,,
I,2015,2921.3261460728418,1358.0,5200.319424875148,44591.0,37922.738629356936,UK,,
I,2016,3001.534613974701,1424.5,5494.5639205092475,47797.0,41155.49585501455,UK,,
I,2017,3261.2030834284374,1634.2,5828.974021655997,50764.0,43466.68496068396,UK,,
I,2018,3547.976171683484,1779.6,6072.1641172750005,53654.0,45207.7174831332,UK,,
I,2019,3762.8165481478386,1848.6,6431.06984918777,56417.0,48153.2161990826,UK,,
I,2020,3622.273560133546,1593.7,6461.6029355719575,56229.0,40889.12405274699,UK,,
I,2021,3671.77862312986,1685.6,6969.217410547153,57537.0,45341.89839127841,UK,,
J58-J60,2000,3858.9862424242424,1963.6,6081.93027116531,29441.0,10906.925155592562,UK,,
J58-J60,2001,4101.678812121212,2006.4,6371.209986924954,30762.0,11536.18787862928,UK,,
J58-J60,2002,4197.696300606061,1954.1,6935.037049103892,31716.0,11861.015809047844,UK,,
J58-J60,2003,4415.5207350303035,2103.6,6872.49542828692,33111.0,12314.71771327545,UK,,
J58-J60,2004,4664.283502351515,2246.4,7052.953126181677,32776.0,12908.851434084076,UK,,
J58-J60,2005,4996.598429517576,2458.7999999999997,7007.675132696043,34293.0,13424.647708481696,UK,,
J58-J60,2006,4767.106311811879,2068.7,7300.6496165571925,35712.0,12701.874836459669,UK,,
J58-J60,2007,5100.2314270145935,2484.6,7489.844997252328,37037.0,14396.974177276486,UK,,
J58-J60,2008,4923.836902809289,2185.6,7984.421449900585,38276.0,14999.327641196429,UK,,
J58-J60,2009,4642.0461528294245,2009.3,8108.002556786324,39032.0,14662.633833299562,UK,,
J58-J60,2010,3659.5431311140183,1863.9,8234.354439598825,37287.0,14700.756326140072,UK,,
J58-J60,2011,4859.505920299006,2311.4,8323.619746683918,37700.0,16169.858923827547,UK,,
J58-J60,2012,4764.958502975869,2227.4,8330.67097218093,36736.0,15829.329488943646,UK,,
J58-J60,2013,4616.185989113597,2125.9,8649.743581035404,37325.0,17219.417167701376,UK,,
J58-J60,2014,4880.099074006981,2479.0,9197.086347892566,37673.0,17290.97862149205,UK,,
J58-J60,2015,5150.452937105791,2654.2,9755.749154083585,38454.0,18954.93419844863,UK,,
J58-J60,2016,5195.651959732974,2591.8999999999996,10179.231331859226,40735.0,19100.61215847985,UK,,
J58-J60,2017,5662.5214951386715,3040.9,10881.125841391302,42720.0,20196.88322435701,UK,,
J58-J60,2018,6017.655617051627,3203.0,11446.00554884118,43740.0,20819.800563148136,UK,,
J58-J60,2019,6150.886932017442,3183.6,12252.21070460006,45864.0,22594.2556091636,UK,,
J58-J60,2020,5938.150762964328,2898.3,11936.8580262457,46713.0,20937.46269444392,UK,,
J58-J60,2021,6162.3828425115635,3208.0,12629.631345113688,47949.0,22639.630261439263,UK,,
J61,2000,3284.642484848485,1864.5,5624.865737071896,52036.0,12042.114310614774,UK,,
J61,2001,3590.411224242424,1853.8,6021.3659188459915,55301.0,12288.807064241197,UK,,
J61,2002,3787.2849212121214,1880.9,6739.567460100591,52967.0,12835.128543211384,UK,,
J61,2003,3837.6925420606062,1831.9,6687.756589213512,49679.0,12059.696143887146,UK,,
J61,2004,3941.3052127030305,1882.3,6799.148598126232,48888.0,12341.720140949556,UK,,
J61,2005,4150.575843995151,1995.1000000000001,6727.166912214076,46335.0,12209.931121980198,UK,,
J61,2006,4077.0240660557574,1797.0,7225.699901678536,46658.0,12090.087947583346,UK,,
J61,2007,3919.6310419843876,1664.6000000000001,7330.88388201836,45748.0,13047.316815558544,UK,,
J61,2008,3556.1574089209794,1372.5,7685.949490085368,48184.0,13811.967117719896,UK,,
J61,2009,3187.239673076705,1215.4,7927.2446581543245,48616.0,13684.061778877458,UK,,
J61,2010,1967.3535316765356,1005.0,8060.481151825604,49792.0,13295.677766473627,UK,,
J61,2011,3244.466255749197,1429.7,8104.638176207705,49570.0,14956.333633240634,UK,,
J61,2012,3213.2955759757147,1434.4,8337.947492841537,50690.0,15416.816604880136,UK,,
J61,2013,3315.7394359453256,1546.9,8899.099092556564,50385.0,15431.413465170132,UK,,
J61,2014,3471.4851067906893,1658.4,9422.428404809334,56907.0,16291.655578975611,UK,,
J61,2015,3456.324929427439,1579.7,9695.016713180245,58258.0,16520.67451448058,UK,,
J61,2016,3393.062333608576,1542.0,9927.07254871994,62718.0,17667.241772240388,UK,,
J61,2017,3483.911414394712,1651.8999999999999,10139.090572738003,64707.0,18085.516227457723,UK,,
J61,2018,3360.3221054076316,1469.5,10203.172854228476,66228.0,18088.847046280065,UK,,
J61,2019,3293.979886816083,1471.9,10697.51097074435,69271.0,18491.86645703923,UK,,
J61,2020,3484.799798208797,1671.0,10275.704953551542,67453.0,17900.10830257489,UK,,
J61,2021,3784.1743987253735,1823.2,10608.837496303702,67373.0,18320.474896411088,UK,,
J62-J63,2000,1904.594787878788,1108.3,6464.087437488197,14563.0,16592.95968428432,UK,,
J62-J63,2001,2226.2883393939396,1164.7,7351.470820370856,15903.0,19034.915636898488,UK,,
J62-J63,2002,3019.958016969697,1776.8,8476.353787224507,16069.0,19829.418564512733,UK,,
J62-J63,2003,3122.1827568484846,1457.8,9155.874440945126,15850.0,23356.82982900472,UK,,
J62-J63,2004,3228.887985842424,1477.8,9638.51175549176,15812.0,24162.41010206878,UK,,
J62-J63,2005,3346.8962466521207,1518.8,9912.659092710343,15822.0,26333.6162823957,UK,,
J62-J63,2006,3364.884828012606,1464.2,10862.19049737521,16201.0,27091.12948659603,UK,,
J62-J63,2007,3420.44308718623,1497.0,11605.513679961721,16844.0,30767.830752263177,UK,,
J62-J63,2008,3739.6494151593115,1787.0,12409.341338860871,18189.0,30308.039142673173,UK,,
J62-J63,2009,3946.4500235915016,1806.0,12822.56892155738,17855.0,29848.5516814388,UK,,
J62-J63,2010,2340.487295258351,1146.0,13299.95822057713,17513.0,30682.446833124457,UK,,
J62-J63,2011,4306.332336637392,1946.5,14046.99067755511,17223.0,33426.02522849891,UK,,
J62-J63,2012,4612.581812573942,2160.3,14875.13409652945,17425.0,33963.06054361022,UK,,
J62-J63,2013,5085.953090237549,2460.9,16131.24794369837,18194.0,34824.224002365256,UK,,
J62-J63,2014,5137.406285985067,2253.5,17016.56630848823,19427.0,36368.148154080176,UK,,
J62-J63,2015,5784.095808940267,2818.2,18499.262907081673,20031.0,38390.77248595442,UK,,
J62-J63,2016,6187.616911993619,2954.1,19958.467636380108,22104.0,41324.44614680534,UK,,
J62-J63,2017,6729.844807199771,3273.9,21574.447709756852,23880.0,44346.85399009618,UK,,
J62-J63,2018,7278.165459802754,3537.2000000000003,23115.77894573003,25813.0,47848.444167189286,UK,,
J62-J63,2019,8040.2616752599715,3969.6,25513.15413881295,28547.0,49671.261717001,UK,,
J62-J63,2020,8563.82114025544,4047.6,25948.035844260234,29251.0,52593.84775554805,UK,,
J62-J63,2021,8724.86167847155,3922.7,28009.42037571883,29120.0,56587.62251259157,UK,,
K,2000,12788.199515151515,5752.8,43785.35475930674,61927.0,39570.07825879453,UK,,
K,2001,14008.107975757575,6371.7,47514.50649151497,67942.0,40499.78639891285,UK,,
K,2002,15153.263398787878,6807.0,51130.44883892879,72482.0,39468.63113388491,UK,,
K,2003,16554.964129939395,7525.3,50936.18063050017,75705.0,41726.74194044741,UK,,
K,2004,23883.029563830303,9705.7,53386.1615812798,75982.0,48895.94394331558,UK,,
K,2005,19489.47509232485,8721.8,55176.494393104666,81326.0,54695.86700620218,UK,,
K,2006,19996.792199416243,8438.5,63517.73508925336,83040.0,62757.85187139495,UK,,
K,2007,21245.67753918681,9391.4,70628.36755147213,86724.0,70871.66078188615,UK,,
K,2008,22197.69490086974,9580.2,75124.0150220803,88420.0,71022.0749985486,UK,,
K,2009,22372.038283099166,9166.3,78408.81074521338,83734.0,69748.56957126135,UK,,
K,2010,7977.110859012233,3519.8,80470.40224694838,77884.0,71262.35092203968,UK,,
K,2011,23390.493123374206,9876.9,81486.23542040667,78226.0,74257.28322055252,UK,,
K,2012,24129.28100845377,10251.5,82347.86852338556,80367.0,74646.8643197542,UK,,
K,2013,24327.430393017352,9959.5,84497.75387156039,81762.0,76870.37012533782,UK,,
K,2014,25111.933138327164,10605.1,87087.91027237396,82962.0,79461.03200220423,UK,,
K,2015,25101.43399387397,10174.5,88494.41704271894,84503.0,81042.28352634993,UK,,
K,2016,24571.67736057223,9615.6,91439.29543620662,89179.0,82217.4914208731,UK,,
K,2017,25209.571057959896,10510.8,94028.77653909192,95220.0,81864.83972447095,UK,,
K,2018,26559.922776156498,11520.9,96410.57552961275,100229.0,84890.22457740584,UK,,
K,2019,27188.681150033273,11406.6,99316.94013711775,106399.0,86855.3635179153,UK,,
K,2020,27597.00002598543,11454.699999999999,100823.6879703978,108029.0,89659.81518974595,UK,,
K,2021,28340.600823761226,11950.8,108585.05950335712,110483.0,94701.21519947633,UK,,
M,2000,3783.926121212121,1669.1,20502.78666603063,32768.0,47757.33975115833,UK,,
M,2001,4036.3078060606063,1730.5,22220.30461656269,36254.0,51793.6094938823,UK,,
M,2002,4173.820470303031,1720.3,25310.45236798541,38599.0,54610.58623733318,UK,,
M,2003,4392.350543515152,1853.7,26034.9572614872,40502.0,58107.568856402286,UK,,
M,2004,4589.268787975758,1923.0,27319.91704041342,41919.0,62671.00091575196,UK,,
M,2005,4952.760783398788,2175.0,27992.704315160838,44607.0,64999.42311071495,UK,,
M,2006,5163.84117497794,2169.9,31576.42502629584,47491.0,71717.68074406714,UK,,
M,2007,5341.538507516897,2225.0,33726.89400100344,51204.0,76528.63948496728,UK,,
M,2008,6057.540561965925,2831.0,36583.60096908157,55646.0,75844.90451109818,UK,,
M,2009,6585.026469316856,2913.5,38796.77036611785,56903.0,73382.01205892414,UK,,
M,2010,1757.4794875300524,773.4,40124.409157000206,58226.0,77382.19736764379,UK,,
M,2011,7093.461543087758,3004.1,40916.37424486398,64087.0,78343.60679033004,UK,,
M,2012,7488.26599595231,3185.7999999999997,43095.61588311229,66900.0,81346.42322886162,UK,,
M,2013,8039.205206705131,3495.2,45766.539013614136,70079.0,88060.20804223235,UK,,
M,2014,8389.729352551682,3515.0,48179.9409424669,72980.0,93660.5998847108,UK,,
M,2015,8798.158490842536,3713.4,50462.3324955554,76280.0,96820.7765241002,UK,,
M,2016,9461.8061565502,4151.4,53083.8659182759,81083.0,102297.5511314201,UK,,
M,2017,10130.966287004045,4439.5,56128.6252855948,83362.0,106878.9317484551,UK,,
M,2018,10902.30734403684,4811.4,60130.3313364534,85167.0,109128.49839395318,UK,,
M,2019,11777.623062839744,5227.1,64177.4520397505,88794.0,116761.9003958482,UK,,
M,2020,12563.687402418003,5498.2,66018.50173296669,89707.0,117297.28233577443,UK,,
M,2021,13317.712349054143,5779.599999999999,71273.401693502,92687.0,128736.1873752502,UK,,
N,2000,5972.289575757576,2640.4,7598.87392139501,39970.0,27035.034672721027,UK,,
N,2001,6490.791878787879,2792.4,8093.41418761068,42119.0,29884.29006203352,UK,,
N,2002,6862.606913939394,2852.7000000000003,8902.01090271693,44388.0,30259.59092511052,UK,,
N,2003,6892.6124896969695,2670.5,8977.59168940355,45942.0,31486.41840678913,UK,,
N,2004,6893.891331684848,2655.7,9267.51361221108,46267.0,34424.07947636247,UK,,
N,2005,7251.335935224242,2988.1,9301.86841742369,48453.0,35716.051454772256,UK,,
N,2006,7514.147296473213,3048.0,10175.20480014308,50904.0,37592.6802698767,UK,,
N,2007,7589.158896702061,2967.6,10788.926035928149,53441.0,41997.24440700898,UK,,
N,2008,6966.573325294623,2289.4,11734.64555621909,54326.0,43749.3213703233,UK,,
N,2009,6455.987013883036,2163.1,12060.2329395977,49507.0,41944.888051827504,UK,,
N,2010,3422.580175410245,1229.6,12386.36117193141,46815.0,43037.18801615501,UK,,
N,2011,6237.725038523786,2340.6,12843.148383583462,46016.0,44977.2003704245,UK,,
N,2012,6282.585170433501,2518.9,13639.45790839486,44401.0,48490.53774318265,UK,,
N,2013,6322.054244215005,2607.3,14762.94333303471,44374.0,54016.89671546413,UK,,
N,2014,6363.792269732736,2662.9,16142.205308528763,46363.0,58579.71011038557,UK,,
N,2015,6706.130024258551,2995.2,17352.73828575123,50148.0,61286.40783565289,UK,,
N,2016,6937.048498032627,3089.5,18297.753109592457,56100.0,64011.79210333468,UK,,
N,2017,7249.748187018522,3297.0,19280.61000339626,62853.0,66576.88750212823,UK,,
N,2018,7569.841263337048,3453.6,20256.6126926813,68028.0,71106.12914520988,UK,,
N,2019,7854.701471129689,3591.2000000000003,20922.241470343673,69320.0,75098.55286684902,UK,,
N,2020,7853.391386070466,3447.9,20879.6399149721,69956.0,71456.33033651866,UK,,
N,2021,8049.268487512675,3579.3,22328.75363340611,70018.0,76412.3338558903,UK,,
R,2000,1594.1166666666668,771.6,3351.0502860333218,20549.0,8797.611808324775,UK,,
R,2001,1790.9877333333334,841.6,3617.3725903950494,22430.0,9397.19300831368,UK,,
R,2002,1999.3327466666667,944.1999999999999,4202.203753188667,24110.0,10650.488795234429,UK,,
R,2003,2400.2421013333333,1230.2,4375.851671188214,25951.0,12057.004929990651,UK,,
R,2004,2618.6713706666665,1237.5,4469.611925348665,26983.0,12406.09457404856,UK,,
R,2005,2854.1085691733333,1316.9,4570.109946507763,30063.0,13436.509908136024,UK,,
R,2006,3207.739682474667,1518.1,5075.785252329543,32211.0,14464.82095617622,UK,,
R,2007,3235.9994196821335,1372.1,5149.366563038961,35351.0,13702.44235355256,UK,,
R,2008,3174.518530935467,1291.0,5386.670958594187,37790.0,14134.856588911338,UK,,
R,2009,3223.2079782495575,1394.8,5516.415236182966,37917.0,15207.61719033578,UK,,
R,2010,2018.2369765517997,995.8,5522.879181022111,37005.0,16473.839560408054,UK,,
R,2011,3231.3174199009827,1310.0,5157.572604214865,38789.0,17155.10268439504,UK,,
R,2012,3033.138270962511,1191.0,5178.987775186149,41128.0,18382.064886409025,UK,,
R,2013,3197.389230758559,1454.9,5429.424146852412,43684.0,18637.413199721534,UK,,
R,2014,3270.4657581853835,1453.4,5744.751212652421,45902.0,19006.99033621209,UK,,
R,2015,3777.6801127695912,1919.3999999999999,6053.121856849543,47531.0,19915.04455981427,UK,,
R,2016,3872.9505467781087,1776.1000000000001,6318.975232563709,50407.0,21541.37880070522,UK,,
R,2017,4041.1730924918143,1907.8,6455.024139616412,53598.0,22321.62478149727,UK,,
R,2018,4176.053579487794,1955.1,6519.765128086758,57034.0,22915.26878914963,UK,,
R,2019,4250.2109318679395,1942.4,6791.108840468169,61494.0,25501.429376128213,UK,,
R,2020,4208.865188453414,1836.5,6686.458820498252,62860.0,22878.86660447625,UK,,
R,2021,4467.936257335144,2097.2,7136.4222098370965,66637.0,23879.090179548075,UK,,
S,2000,1871.201212121212,854.6,2989.357986481333,7599.0,10000.395167234708,UK,,
S,2001,1907.1108606060604,835.7,3163.9775505494117,8413.0,10626.974132841966,UK,,
S,2002,1898.4467830303029,808.9,3517.904925198414,9090.0,11205.052721848217,UK,,
S,2003,1797.147547151515,729.8,3549.427385301565,9025.0,11435.430568666428,UK,,
S,2004,1671.6102157575758,679.6,3669.383054856209,9220.0,12451.651409590151,UK,,
S,2005,1690.2347216678788,766.8,3725.0433863570743,9576.0,13631.991306409447,UK,,
S,2006,1852.460203667394,925.8,4078.5079622122475,10413.0,14459.467271156407,UK,,
S,2007,1884.7574174921697,891.5,4201.895684573494,10878.0,15385.576465012724,UK,,
S,2008,1795.6498062320484,784.0,4468.754281523164,11113.0,15489.333232329063,UK,,
S,2009,1813.9942961299705,860.1,4768.291393326071,11075.0,17734.214294673708,UK,,
S,2010,968.0666308557484,505.9,4854.184186296111,10605.0,18265.82872086593,UK,,
S,2011,1801.5146316435332,850.3000000000001,4754.174017143905,10540.0,18196.01862198599,UK,,
S,2012,1948.0885993851816,988.8000000000001,4818.5979910227825,10665.0,17837.90882435667,UK,,
S,2013,2024.5411280220728,999.3,4998.326436625973,11447.0,19664.45859943305,UK,,
S,2014,2085.2966963547005,1018.4,5158.21926785731,11847.0,21311.891590885734,UK,,
S,2015,2162.27229137746,1050.3,5328.629757875655,12229.0,21556.86897642204,UK,,
S,2016,2342.2054568507774,1189.7,5675.545727561751,12861.0,22330.891745149755,UK,,
S,2017,2448.9156049989433,1199.6,5873.911174861218,13766.0,24438.91962453678,UK,,
S,2018,2518.998693817762,1211.0,6089.967848821652,14598.0,25177.59170282862,UK,,
S,2019,2471.30886738842,1109.6,6515.136023487677,15503.0,26114.24619341236,UK,,
S,2020,2297.5651158884802,958.2,6348.72833933134,15656.0,22296.07666146985,UK,,
S,2021,2485.847735728318,1213.2,6680.186940956479,15954.0,24555.63705731157,UK,,
A,2013,,,,51151.0,8370.897958286952,NL,5.2,9.0
A,2014,,,,52514.0,8529.929056070017,NL,6.800000000000001,10.8
A,2015,,,,52673.0,8552.350201243506,NL,5.600000000000001,8.4
A,2016,,,,52442.0,8819.943358235087,NL,6.800000000000001,9.6
A,2017,,,,53201.0,9069.55235837776,NL,8.0,10.8
A,2018,,,,54233.0,9392.115040589804,NL,32.44391328829248,11.4
A,2019,,,,56816.0,9821.054968273653,NL,35.07194417208888,12.0
A,2020,,,,58482.0,9878.275412256951,NL,9.600000000000001,11.4
A,2021,,,,60226.0,9994.157033499543,NL,66.23142356481189,13.0246173334741
B,2013,,,,38717.0,1173.9754382168362,NL,6.4,56.7277318045752
B,2014,,,,40200.0,1296.538434573589,NL,4.4,59.6213263875513
B,2015,,,,40899.0,1341.386989911158,NL,9.600000000000001,60.1359458297614
B,2016,,,,40930.0,1271.0028929604628,NL,9.600000000000001,54.6692540357349
B,2017,,,,41222.0,995.7577111922448,NL,6.0,40.4867370607235
B,2018,,,,41091.0,995.3658945955018,NL,2.8,40.1879051084588
B,2019,,,,41927.0,957.1369919255508,NL,3.2,45.1304139566888
B,2020,,,,40431.0,1041.2175266903914,NL,1.6,57.0052270728483
B,2021,,,,40775.0,952.7066503779492,NL,3.6,38.0543807656181
C10-C12,2013,,,,26447.0,6350.191460598818,NL,210.6875413121179,587.417896923148
C10-C12,2014,,,,27032.0,6510.598881867057,NL,232.8626180644589,626.932737313451
C10-C12,2015,,,,27631.0,6578.6382036037885,NL,229.6532262520966,490.816237063165
C10-C12,2016,,,,27930.0,6961.274076198366,NL,211.1134542386269,505.914015260416
C10-C12,2017,,,,28178.0,7198.015275459098,NL,203.7631354863049,500.941468046156
C10-C12,2018,,,,28963.0,7555.713993724419,NL,246.3717775861444,491.945973476449
C10-C12,2019,,,,30067.0,8070.874028486194,NL,225.9787716184455,476.706815628556
C10-C12,2020,,,,30769.0,8422.0232015471,NL,205.0289873363407,474.48183546283
C10-C12,2021,,,,31457.0,8723.239524245197,NL,262.2137770937708,581.756714440521
C13-C15,2013,,,,2079.0,852.2533765532145,NL,10.4,41.8901935733361
C13-C15,2014,,,,2037.0,860.8959347332313,NL,9.600000000000001,44.1397398896633
C13-C15,2015,,,,2000.0,865.0732275232846,NL,10.4,41.7786414938054
C13-C15,2016,,,,1949.0,891.2071831120451,NL,12.0,41.9596052219722
C13-C15,2017,,,,1912.0,890.3432714004513,NL,12.0,41.4771764855228
C13-C15,2018,,,,1905.0,947.2576992753624,NL,12.0,41.0958328468537
C13-C15,2019,,,,1962.0,976.1891682961212,NL,12.8,39.1171968065818
C13-C15,2020,,,,1953.0,964.338678579826,NL,10.8,37.6615190565059
C13-C15,2021,,,,1950.0,997.9208531238584,NL,11.6,47.1316416008422
C16-C18,2013,,,,12477.0,2840.265380121186,NL,19.2,142.634340851952
C16-C18,2014,,,,12145.0,2742.3554112993206,NL,35.30470669372559,147.79712788206
C16-C18,2015,,,,11916.0,2649.742219604764,NL,36.87722202752151,134.859428928344
C16-C18,2016,,,,11761.0,2737.382939731476,NL,22.0,132.931480524343
C16-C18,2017,,,,11526.0,2711.3194669356767,NL,44.30010842845255,130.255956194223
C16-C18,2018,,,,11384.0,2731.582280344809,NL,22.0,126.435414963988
C16-C18,2019,,,,11418.0,2799.067477609945,NL,19.2,112.932771566568
C16-C18,2020,,,,11358.0,2816.638501937876,NL,65.75648003470822,111.680766249248
C16-C18,2021,,,,11410.0,2893.306706867672,NL,48.12076622393128,141.412411398205
C19,2013,,,,6371.0,507.7553289021316,NL,1.2,23.5672356253185
C19,2014,,,,6676.0,681.5241341396371,NL,0.8,33.2807776126901
C19,2015,,,,6809.0,647.5058639562158,NL,4.0,30.8898018412316
C19,2016,,,,6992.0,632.483074907185,NL,3.2,27.3907181986367
C19,2017,,,,7153.0,617.4068578964722,NL,3.6,25.9923248900588
C19,2018,,,,7701.0,658.6382153249273,NL,3.2,26.7116360553395
C19,2019,,,,8033.0,643.5413597137444,NL,3.6,23.2859183848511
C19,2020,,,,8175.0,669.8434383954154,NL,3.2,22.8946647966822
C19,2021,,,,8155.0,619.7019732365616,NL,2.8,26.857096418513
C20,2013,,,,35478.0,3511.0298926551395,NL,74.67850469912955,209.532128351238
C20,2014,,,,35587.0,3580.823303561704,NL,80.5037354580848,231.692842169986
C20,2015,,,,36466.0,3562.39706911456,NL,78.28118982445304,248.607362043366
C20,2016,,,,37165.0,3661.8977414965984,NL,102.6231333696721,243.087454930295
C20,2017,,,,38008.0,3828.765847556793,NL,85.70027687503003,249.998517697277
C20,2018,,,,39444.0,3978.219966518747,NL,110.6167032785713,250.342050435552
C20,2019,,,,41103.0,4153.438719699244,NL,115.1095656258803,234.253862162911
C20,2020,,,,41941.0,4355.739968282314,NL,82.63212410025075,236.786389563297
C20,2021,,,,42315.0,4171.219900978143,NL,90.80000000000001,281.480323877362
C21,2013,,,,8691.0,1125.0627672782452,NL,24.8,83.180984314392
C21,2014,,,,8302.0,1092.7016191562143,NL,25.6,89.9547160579291
C21,2015,,,,7949.0,1152.756159956914,NL,10.4,56.8333354138463
C21,2016,,,,7685.0,1325.5468505170793,NL,10.8,59.6747753272671
C21,2017,,,,7396.0,1269.7127380899524,NL,10.4,55.3233811206358
C21,2018,,,,7530.0,1368.5514354591278,NL,10.0,55.1440270804904
C21,2019,,,,7680.0,1467.625,NL,33.94742340616695,53.7001949488768
C21,2020,,,,7890.0,1650.936978794377,NL,12.4,57.808781667496
C21,2021,,,,8105.0,1825.0623154164205,NL,58.82614318644802,75.3222053105045
C22-C23,2013,,,,10237.0,2913.5172826299504,NL,24.0,154.043572996637
C22-C23,2014,,,,10225.0,2859.4329405895905,NL,69.01530025434164,163.060649604001
C22-C23,2015,,,,10250.0,2886.117143738726,NL,65.41717748559446,152.548528111829
C22-C23,2016,,,,10249.0,2998.986131650345,NL,26.4,154.220909344777
C22-C23,2017,,,,10275.0,3127.5453544219,NL,27.2,154.385544906945
C22-C23,2018,,,,10439.0,3218.5767777589804,NL,45.0499219434266,153.931803431261
C22-C23,2019,,,,10864.0,3343.764353270281,NL,72.73868585512894,141.109020925544
C22-C23,2020,,,,11178.0,3423.181965823193,NL,68.60248357640248,141.168900496319
C22-C23,2021,,,,11496.0,3535.920521931879,NL,48.8476174142172,179.65124524812
C24-C25,2013,,,,13757.0,5601.646048977531,NL,92.25473462821111,261.905365455254
C24-C25,2014,,,,13747.0,5737.117387881707,NL,63.6522721453632,288.668154716329
C24-C25,2015,,,,13858.0,5863.76861089344,NL,120.5767149171526,297.455592656791
C24-C25,2016,,,,13906.0,6075.091251902897,NL,133.2742686299964,296.883395756287
C24-C25,2017,,,,14130.0,6243.155935666236,NL,72.5,292.987790116448
C24-C25,2018,,,,14551.0,6528.595779458679,NL,97.73318441555553,292.381469236357
C24-C25,2019,,,,15064.0,6875.390859905096,NL,73.0,270.364440285112
C24-C25,2020,,,,15403.0,7027.836841955575,NL,98.62016611070723,269.513362651943
C24-C25,2021,,,,16043.0,7212.46312187178,NL,100.5618978559523,341.140781429863
C26,2013,,,,5034.0,1843.8187151657376,NL,84.5,248.598652380135
C26,2014,,,,5087.0,2131.2741265275013,NL,127.7927788869674,277.65384992958
C26,2015,,,,5584.0,1989.219308999024,NL,119.4241903450963,163.760536745434
C26,2016,,,,6144.0,1950.4373983319992,NL,110.0971561086982,152.898905965433
C26,2017,,,,6624.0,2082.010374639769,NL,94.35036738120218,157.73178259707
C26,2018,,,,7037.0,2076.545816048504,NL,94.52449968639033,149.650548058174
C26,2019,,,,7424.0,2194.363314746263,NL,79.81916511107012,136.897339955319
C26,2020,,,,7754.0,2255.4644731243798,NL,78.35391566382893,139.602464960601
C26,2021,,,,8260.0,2449.4152334152336,NL,55.38995004207523,177.34160640366
C27,2013,,,,5390.0,1278.4183310456876,NL,34.5,68.5836635841403
C27,2014,,,,5402.0,1587.253297005884,NL,71.53536679617416,84.7453207167814
C27,2015,,,,5384.0,1374.1452344931922,NL,47.0,112.325169293333
C27,2016,,,,5436.0,1560.7126379137412,NL,47.0,115.727998772773
C27,2017,,,,5528.0,1548.1267797816802,NL,62.18498224958105,107.815621630527
C27,2018,,,,5608.0,1643.437719444909,NL,48.5,112.371188534106
C27,2019,,,,5750.0,1625.2485466340888,NL,46.5,99.6825441927214
C27,2020,,,,5930.0,1658.21812981555,NL,71.01226263379297,108.184836318922
C27,2021,,,,6144.0,1798.3576387020396,NL,101.8259796149392,136.134834526408
C28,2013,,,,13738.0,4929.621494835285,NL,76.62078327933716,247.16190688732
C28,2014,,,,14129.0,5051.838235294118,NL,75.70348784504242,270.519098471579
C28,2015,,,,14861.0,5118.860068862011,NL,111.7138892127175,281.997018256165
C28,2016,,,,15632.0,5315.43755651199,NL,95.03328035538837,281.137112674327
C28,2017,,,,16009.0,5570.692473574433,NL,88.00892319450617,282.650188773116
C28,2018,,,,16894.0,5863.448952934438,NL,85.16004111546182,285.037115523207
C28,2019,,,,18208.0,6396.0826583455055,NL,94.03053160334147,281.075277408009
C28,2020,,,,19186.0,6786.132217337788,NL,110.9054940417089,287.757113492068
C28,2021,,,,20595.0,7230.8272083733955,NL,161.8382488039106,375.805787262971
C29-C30,2013,,,,5921.0,1908.20872798088,NL,32.37942832809402,105.699272433595
C29-C30,2014,,,,5934.0,2000.109249856044,NL,49.16311507164116,117.297796545257
C29-C30,2015,,,,5912.0,2099.432191237748,NL,30.4,136.575356010028
C29-C30,2016,,,,5776.0,2227.252076967545,NL,67.69768123460038,142.322412901974
C29-C30,2017,,,,5850.0,2307.223053405321,NL,32.0,139.643995965897
C29-C30,2018,,,,5858.0,2520.2272598215754,NL,37.2,152.358621403237
C29-C30,2019,,,,5957.0,2730.1296524102418,NL,37.6,146.657366054919
C29-C30,2020,,,,5939.0,2814.361359388275,NL,32.4,143.169812212545
C29-C30,2021,,,,6196.0,2800.917344236398,NL,32.8,175.969308118575
C31-C33,2013,,,,9836.0,4143.53097859184,NL,62.12314081761188,306.766071091377
C31-C33,2014,,,,9862.0,4247.806651735093,NL,59.76610034485355,326.42978892777
C31-C33,2015,,,,9817.0,4429.9146750035,NL,64.28430575997203,309.277989286629
C31-C33,2016,,,,9832.0,4716.630072252226,NL,68.55078819233934,302.272717487224
C31-C33,2017,,,,9992.0,5007.688964441562,NL,72.1711438198287,296.675290552107
C31-C33,2018,,,,10354.0,5234.61414229962,NL,72.1847273462429,286.795164457044
C31-C33,2019,,,,10763.0,5512.069325053113,NL,73.89098383364397,258.49253906453
C31-C33,2020,,,,10964.0,5564.921113849017,NL,70.23018530810938,255.40023176537
C31-C33,2021,,,,11253.0,5759.882870553069,NL,56.24759760840219,322.39390910199
D,2013,,,,53175.0,2128.2492173396404,NL,40.74523114281813,124.155279888804
D,2014,,,,56258.0,2103.491343200224,NL,55.46712778146147,133.00124049712
D,2015,,,,58624.0,2057.57361052185,NL,41.30614633118071,126.403636413673
D,2016,,,,60421.0,2044.6308748752556,NL,24.8,132.799382023826
D,2017,,,,62629.0,2090.122742695785,NL,39.63647665975749,138.909907566373
D,2018,,,,66529.0,2185.3926316024367,NL,59.01426467896678,146.24407747784
D,2019,,,,70273.0,2296.379991932231,NL,24.8,133.338315269624
D,2020,,,,73885.0,2364.548299649571,NL,25.2,113.704442042126
D,2021,,,,80024.0,2501.4618746964547,NL,58.21145487632128,156.07398042325
E,2013,,,,18587.0,1849.92406523398,NL,7.600000000000001,56.3025922101363
E,2014,,,,18607.0,1865.057774494803,NL,8.0,56.0196111565583
E,2015,,,,18574.0,1850.6296435272045,NL,8.4,48.1771056845798
E,2016,,,,18639.0,1902.3449448350364,NL,6.800000000000001,45.7606129420383
E,2017,,,,18956.0,1985.74244685779,NL,7.600000000000001,44.2841640734753
E,2018,,,,19667.0,2126.139149659303,NL,9.200000000000001,44.5631087206346
E,2019,,,,20341.0,2225.9515842052856,NL,22.04576941989495,56.1993330299109
E,2020,,,,20764.0,2280.7838795394155,NL,8.8,48.0557894613336
E,2021,,,,21762.0,2406.529565755446,NL,6.800000000000001,42.3786245317055
F,2013,,,,22966.0,27488.51528001949,NL,117.8063517001832,315.641440263505
F,2014,,,,22902.0,27266.540096755663,NL,120.9261790785432,319.982863632422
F,2015,,,,23010.0,27206.25319762607,NL,151.4786858814606,351.770292341045
F,2016,,,,23319.0,28500.24567387772,NL,140.9192017302769,367.57418979113
F,2017,,,,24011.0,29474.264209264795,NL,138.260428167543,372.332845233865
F,2018,,,,25612.0,31753.59235471492,NL,186.9403775194525,395.308529640947
F,2019,,,,27624.0,33818.37983881793,NL,197.4518732471631,396.843166081302
F,2020,,,,29485.0,36126.59420564723,NL,181.5160746352811,376.284582137199
F,2021,,,,31999.0,37732.28965995762,NL,228.1712050772957,465.73655046985
I,2013,,,,7199.0,8790.541644448125,NL,144.4459181686276,187.317164970447
I,2014,,,,7180.0,9317.035011614924,NL,155.6383635845872,198.674224970889
I,2015,,,,7182.0,9522.14231548172,NL,200.5314643321636,193.03209866339
I,2016,,,,7359.0,10010.249515279816,NL,204.5739975373922,212.672417039692
I,2017,,,,7847.0,10436.557629933912,NL,188.9626798240353,213.756481444736
I,2018,,,,8326.0,11271.75170890222,NL,246.5401864765402,222.454151739255
I,2019,,,,8919.0,11988.588264041782,NL,234.7110708178213,226.069698581705
I,2020,,,,9262.0,11272.902430482356,NL,199.6150991575261,198.114881303838
I,2021,,,,9773.0,10724.907971817604,NL,219.5347859309173,231.510975202327
J58-J60,2013,,,,3392.0,3421.2270734032413,NL,163.2999256284953,348.894979062617
J58-J60,2014,,,,3379.0,3437.413141478075,NL,140.0885068184436,355.727259391724
J58-J60,2015,,,,3424.0,3506.4451079753644,NL,164.9938493183548,406.957126421281
J58-J60,2016,,,,3446.0,3584.1101898525462,NL,233.2790922493571,430.993201891789
J58-J60,2017,,,,3429.0,3628.557937534652,NL,232.1907760865695,507.228045718318
J58-J60,2018,,,,3459.0,3745.400892734724,NL,253.9859721325926,591.333296438329
J58-J60,2019,,,,3537.0,3933.520070049311,NL,247.4430173662433,674.068630918357
J58-J60,2020,,,,3565.0,3977.984740510013,NL,232.11401795913,741.554214000204
J58-J60,2021,,,,3726.0,4274.704311313686,NL,262.6354027092805,846.16439639014
J61,2013,,,,29495.0,2124.747712836084,NL,152.7859411161794,372.482219118867
J61,2014,,,,29484.0,2199.707731256085,NL,157.1497639329604,383.542489168794
J61,2015,,,,29373.0,2401.8447105788423,NL,87.35249888739091,300.361347742091
J61,2016,,,,29048.0,2366.6935279805352,NL,102.8066117068357,299.805566430749
J61,2017,,,,29592.0,2441.811162228547,NL,97.94157292697284,313.368319985519
J61,2018,,,,30213.0,2437.7630657690315,NL,78.81690037423326,279.563345267139
J61,2019,,,,30813.0,2379.144691970415,NL,66.07332735144438,256.925683087083
J61,2020,,,,31121.0,2267.103422892897,NL,63.60325541000789,248.547338470358
J61,2021,,,,32379.0,2261.815816421523,NL,65.93257307045697,275.07433742916
J62-J63,2013,,,,7257.0,12723.645441335371,NL,188.2815603747765,841.89712490385
J62-J63,2014,,,,7459.0,12874.15657576202,NL,299.1238461800934,935.889742031865
J62-J63,2015,,,,8457.0,13483.498771693476,NL,467.6051213951753,1378.99928662477
J62-J63,2016,,,,10924.0,14512.332483796312,NL,588.6406277317019,1614.89467403986
J62-J63,2017,,,,11376.0,15414.718997882466,NL,755.2032343955857,1871.98485856639
J62-J63,2018,,,,11239.0,16592.70260774192,NL,895.0719508424353,2053.43500942812
J62-J63,2019,,,,11981.0,18342.51872262173,NL,1039.840028228612,2289.60706683428
J62-J63,2020,,,,13973.0,19318.979109465035,NL,908.4020583999006,2151.59265607946
J62-J63,2021,,,,15694.0,21715.58469353966,NL,1146.94083971325,2574.3894793752
K,2013,,,,45641.0,19500.589347717207,NL,545.8771113810469,1045.42195172626
K,2014,,,,43261.0,19516.9900386822,NL,510.4248903714486,1084.77426996565
K,2015,,,,41210.0,18947.27414812645,NL,491.4194709090873,948.023305252549
K,2016,,,,40731.0,19099.384336688014,NL,459.6833509623783,924.545290819002
K,2017,,,,42095.0,18923.3122957588,NL,454.1133409728063,877.394236931066
K,2018,,,,43907.0,18579.49357675863,NL,413.2139832955654,859.564361329132
K,2019,,,,46391.0,18918.42181841908,NL,457.3612582476927,947.992230462058
K,2020,,,,48697.0,19782.673519585533,NL,412.5798450525006,941.223702925898
K,2021,,,,51464.0,21133.12316103851,NL,567.4535173814033,1194.07914432831
L,2013,,,,971503.0,4338.432168415507,NL,157.0207206282136,285.060743185836
L,2014,,,,950994.0,4271.195811413732,NL,138.25,301.221550771872
L,2015,,,,932481.0,4182.649700330978,NL,123.8889374622855,238.12588398969
L,2016,,,,936457.0,4239.391320746345,NL,120.75,249.973666516002
L,2017,,,,950497.0,4382.21331080488,NL,116.55,251.583551298124
L,2018,,,,1010058.0,4567.460942944251,NL,131.912830541112,263.714172130924
L,2019,,,,1081130.0,4699.13609316559,NL,137.8603651784852,268.992197660551
L,2020,,,,1163809.0,4813.279306307625,NL,140.2037254877634,244.884242257586
L,2021,,,,1250447.0,4971.449234863606,NL,177.4884327835865,284.803216200305
M,2013,,,,20894.0,45199.28957639182,NL,1096.529814028593,2950.28696405061
M,2014,,,,20935.0,46584.44107934982,NL,1162.2091612279376,3038.09369296361
M,2015,,,,21145.0,46964.76633735671,NL,1330.8758229046289,3195.5967540601
M,2016,,,,21692.0,48325.5901938204,NL,1321.1033866041303,3354.94445061989
M,2017,,,,22482.0,50314.34928890675,NL,1328.9741070414861,3429.1154063752
M,2018,,,,23870.0,52567.027956293634,NL,1278.848278465282,3588.93788851712
M,2019,,,,25616.0,55454.48030038453,NL,1478.336743814291,3872.08274014016
M,2020,,,,27146.0,56627.91314603035,NL,1453.478168596344,4075.7917415841
M,2021,,,,29172.0,60376.70011440446,NL,1549.0282335931627,4026.13293371014
N,2013,,,,32413.0,26718.75832845832,NL,675.7210718973762,1032.15631330944
N,2014,,,,29508.0,28023.88205751639,NL,821.5166076937767,1335.03719774529
N,2015,,,,51724.0,30085.008721459373,NL,1463.672670497421,1932.88495677297
N,2016,,,,52162.0,32329.133187817974,NL,1664.257116044424,2443.53351767064
N,2017,,,,53544.0,34711.72359876675,NL,1996.06887528134,2843.41544190374
N,2018,,,,56131.0,37880.74879435681,NL,2304.297228979863,3210.23076812123
N,2019,,,,59606.0,39295.78670219658,NL,2195.369454382273,2925.64406451587
N,2020,,,,60630.0,37629.99860014135,NL,1351.725652785083,1681.91172105685
N,2021,,,,61039.0,39683.08975320573,NL,2189.981666091108,2017.11137422209
O,2013,,,,318553.0,33194.2662718785,NL,582.3565562383469,983.033025889432
O,2014,,,,320229.0,33070.485837776025,NL,624.1293343603535,958.491482408755
O,2015,,,,322060.0,32863.385812665045,NL,698.6742609270245,926.074216955207
O,2016,,,,323093.0,33461.0525015615,NL,696.6162606997387,930.356674622375
O,2017,,,,332065.0,34356.68228415137,NL,678.4468987502412,902.122353612573
O,2018,,,,344388.0,35826.07984121726,NL,657.7326121294652,911.2448227246
O,2019,,,,356431.0,37848.74241545587,NL,734.5205062230918,958.587401644322
O,2020,,,,365366.0,39538.10163946098,NL,701.2113539704662,993.441686629688
O,2021,,,,383849.0,40965.08382297123,NL,881.3309159370378,1206.69321499098
P,2013,,,,55778.0,27818.54288737338,NL,95.94087183672264,265.699166246911
P,2014,,,,55858.0,28110.11226631909,NL,107.8004041563878,267.120262535361
P,2015,,,,55467.0,28673.867746170825,NL,98.82066503059663,282.363927262833
P,2016,,,,55192.0,29756.90700894601,NL,97.24704925688246,293.092373823778
P,2017,,,,55218.0,30763.09435126852,NL,128.6016620841839,295.817271051173
P,2018,,,,56073.0,32292.914691216327,NL,107.4931656299403,306.179140768188
P,2019,,,,57416.0,33722.09314444366,NL,131.7469892834079,329.921192951946
P,2020,,,,59359.0,35440.43751292164,NL,139.1579555548136,388.357505165044
P,2021,,,,61984.0,37105.41515795047,NL,190.4118030594562,487.846231466202
R,2013,,,,5682.0,7552.713743478753,NL,223.5796830943974,229.745126709108
R,2014,,,,5783.0,7726.016496471365,NL,168.5477386663485,237.189828207904
R,2015,,,,5799.0,7459.328290272941,NL,211.5026117288113,259.509464294315
R,2016,,,,6039.0,7974.397830046601,NL,195.6391913057753,277.863962748485
R,2017,,,,6316.0,8382.750902032429,NL,229.7342560137458,290.261852640184
R,2018,,,,6626.0,8746.754328299208,NL,214.651352173004,311.314357654073
R,2019,,,,6960.0,9538.997324552376,NL,234.022297249699,340.808352269332
R,2020,,,,6929.0,9261.494274296314,NL,195.470004892495,322.541568753809
R,2021,,,,7012.0,9744.174884456635,NL,209.0849148519483,299.708485940327
S,2013,,,,5661.0,9297.130683866832,NL,209.285627172642,316.515608061727
S,2014,,,,5509.0,9465.974148061105,NL,244.7738328774668,338.720494349951
S,2015,,,,5415.0,9611.04532016976,NL,246.2660200830942,351.795959270952
S,2016,,,,5403.0,10276.945007216094,NL,224.4543453494691,346.933313659742
S,2017,,,,5479.0,10723.36809275752,NL,183.1012735945093,334.874466082744
S,2018,,,,5594.0,11071.672424308,NL,268.9067960571173,325.126508369929
S,2019,,,,5774.0,11752.465433926973,NL,272.5242604920699,323.126744459464
S,2020,,,,6005.0,11483.412569219658,NL,203.3247091639234,307.128760677787
S,2021,,,,6322.0,12677.013444533764,NL,239.8771790856342,292.366270975485
