gamma,delta,beta0,p0,m_zero,m_insig,n,median_U_over_K,corr_q_sec_vs_klems,corr_q_sec_lnKW
0.3,0.05,-0.0416151883861657,0.34321054230459713,0.2,0.0,594,3.2148623994882533,0.572030989589697,-0.6186749638655809
0.3,0.15,-0.0416151883861657,0.34321054230459713,0.45,0.0,594,1.5228295576523303,0.5720309895896969,-0.6186749638655806
0.3,0.2,-0.0416151883861657,0.34321054230459713,0.55,0.0,594,1.2055733998080946,0.572030989589697,-0.6186749638655806
0.5,0.05,-0.0416151883861657,0.34321054230459713,0.15,0.0,594,5.3581039991470885,0.5720309895896972,-0.6186749638655806
0.5,0.15,-0.0416151883861657,0.34321054230459713,0.3,0.0,594,2.5380492627538844,0.5720309895896969,-0.6186749638655806
0.5,0.2,-0.0416151883861657,0.34321054230459713,0.35,0.0,594,2.009288999680158,0.5720309895896972,-0.6186749638655806
1.0,0.05,-0.0416151883861657,0.34321054230459713,0.1,0.0,594,10.716207998294177,0.5720309895896972,-0.6186749638655806
1.0,0.15,-0.0416151883861657,0.34321054230459713,0.15,0.0,594,5.076098525507769,0.5720309895896969,-0.6186749638655806
1.0,0.2,-0.0416151883861657,0.34321054230459713,0.2,0.0,594,4.018577999360316,0.5720309895896972,-0.6186749638655806
EPW,0.05,-0.0416151883861657,0.34321054230459713,0.4,0.0,594,2.250403679641777,0.5326560565154375,-0.587961258330153
EPW,0.15,-0.0416151883861657,0.34321054230459713,0.8,0.0,594,1.0659806903566313,0.5326560565154377,-0.5879612583301528
EPW,0.2,-0.0416151883861657,0.34321054230459713,1.0,0.0,594,0.8439013798656664,0.5326560565154377,-0.5879612583301528
