panel,spec,beta0,p0,m_zero,m_insig,n,m_obs_b
KLEMS,"a: non-NA, D = I - dU",-0.031887246494371406,0.008450343362548114,3.5,0.45,11733,
KLEMS,"a: non-NA, delta 0.05",-0.031887246494371406,0.008450343362548114,15.85,4.9,11733,
KLEMS,"a: non-NA, delta 0.15",-0.031887246494371406,0.008450343362548114,15.5,3.0,11733,
KLEMS,"a: non-NA, delta 0.20",-0.031887246494371406,0.008450343362548114,15.1,1.95,11733,
KLEMS,a: OrgCap + Brand,-0.031887246494371406,0.008450343362548114,6.6,0.8,11733,
KLEMS,a: Train,-0.031887246494371406,0.008450343362548114,,5.85,11733,
KLEMS,"b: U = m W in low-K/W, g = observed",-0.028381270055095567,0.021452814092714056,,0.3,12595,0.3551006529660591
KLEMS,"b: U = m W in low-K/W, g = 0.0",-0.028381270055095567,0.021452814092714056,,0.15,12595,0.3551006529660591
KLEMS,"b: U = m W in low-K/W, g = 0.02",-0.028381270055095567,0.021452814092714056,,0.2,12595,0.3551006529660591
KLEMS,"b: U = m W in low-K/W, g = 0.05",-0.028381270055095567,0.021452814092714056,,0.35,12595,0.3551006529660591
WIOD,"a: KLEMS intensity, profit + g U",-0.08619920561805224,5.466208264554153e-12,,,25571,
WIOD,"a: KLEMS intensity, no profit correction",-0.08619920561805224,5.466208264554153e-12,,,25571,
WIOD,"b: U = m W in low-K/W, g observed",-0.08619920561805224,5.466208264554153e-12,,,25571,
