year,geo,variant,PI,W,K,Y,r,rM,e,k,share,Q_Y,P_Y,Q_K,P_K,H,tech,w_hour,gap,PI_gni,UBRA,UIGT,UKCT,delta,OVGD,W_se,F,r_full,sigma,n,rho,q
1960,SWE,main,12.93594555026199,42.89517444973801,262.587283784276,55.83112,0.0492634120123245,0.0423459521212587,0.3015711141452415,6.121604286560485,0.2316977619338818,1176.89975,0.0691005414862225,3530.69926,0.0743726,,,,,13.16194555026199,0.226,21.055,11.72078,,1176.89975,7.893884449738012,1.0174706981505055,0.05012407821345581,0.23169776193388184,0.6865235173547534,0.92911289219716,0.3333333323892333
1961,SWE,main,13.167613662702358,46.81595633729764,281.71429948516703,59.98357,0.0467410198444529,0.040080368335445,0.2812633702883881,6.017484668164923,0.2195203396980599,1243.98273,0.070982560987804,3666.58423,0.0768329,,,,,13.376613662702358,0.209,23.49162,13.05118,,1243.98273,8.08983633729764,1.015872276127906,0.04748290621792399,0.21952033969805995,0.6793073199104707,0.9238563296166618,0.3392756451145267
1962,SWE,main,12.265859457408103,51.7819905425919,305.495522985337,64.04785,0.0401507011871883,0.034331462219072,0.2368750086445431,5.899648116733941,0.19151086972331,1297.47462,0.0737747610045736,3811.30487,0.0801551,,,,,12.549859457408106,0.284,26.05134,14.45125,,1297.47462,8.401420542591897,1.0231536975444862,0.041080338378675495,0.19151086972331005,0.6691105430706449,0.9204000868887144,0.3404279280340016
1963,SWE,main,12.40464683204108,56.65155316795892,328.9649876072,69.0562,0.0377081066355086,0.0321683473616186,0.2189639319378258,5.806813215374588,0.1796311820233531,1366.23996,0.0758181820417549,3969.608,0.0828709,,,,,12.67664683204108,0.272,28.76553,15.64681,,1366.23996,8.658203167958922,1.0219272667479276,0.0385349423482647,0.17963118202335313,0.6666568197600004,0.9148951205037583,0.34417503189231785
1964,SWE,main,15.005006523700912,62.27544347629909,360.7846446021721,77.28045,0.0415899255918902,0.0354677903837568,0.2409457995977426,5.793369335691367,0.1941630324836477,1459.14528,0.0791279193254834,4144.46326,0.0870522,,,,,15.400006523700911,0.395,32.51336,17.29183,,1459.14528,8.929223476299088,1.0263245470354234,0.04268476154433368,0.1941630324836477,0.6693316500825884,0.9089709315270998,0.3520709892841467
1965,SWE,main,15.881840600624122,68.33636939937588,400.27865791491104,84.21821,0.0396769607536762,0.0338910185865051,0.2324068536302599,5.857476208248294,0.1885796504179336,1514.59236,0.0839254794603611,4326.06007,0.0925272999999999,,,,-0.47262,16.19684060062412,0.315,35.94065,19.13799,,1514.59236,9.245149399375878,1.019833973147144,0.0404639125278249,0.18857965041793362,0.6625465757249333,0.9070347828193537,0.3501089526017608
1966,SWE,main,15.195402302160424,75.15140769783957,436.007833382448,90.34681,0.034851213989157,0.0297273355951588,0.2021971745793027,5.801725433214768,0.1681896937164734,1546.39819,0.0894867899450916,4512.37552,0.0966249,,,,-1.91402,15.484402302160422,0.289,39.25877,21.25606,,1546.39819,9.437407697839577,1.0190189107371583,0.03551404611709838,0.1681896937164735,0.6528787912839381,0.9261255633391765,0.34270157329459144
1967,SWE,main,16.814456694150504,81.22283330584949,469.699285531312,98.03729,0.0357983442004396,0.0305205692769079,0.2070163771661923,5.782847832488568,0.1715108270960009,1598.97643,0.0939849938876209,4709.76574,0.0997288,,,,-1.98839,16.982456694150503,0.168,42.66747,22.98199,,1598.97643,10.089703305849495,1.0099914022234475,0.03615601985627961,0.17151082709600096,0.6523650984606785,0.9424057432519081,0.3395023273493004
1968,SWE,main,16.824408316464016,87.57023168353598,497.3026875622409,104.39464,0.0338313239345973,0.0287659212161163,0.1921247436830427,5.678901128860876,0.1611616105622282,1656.53926,0.0962230258279541,4912.82997,0.1012252999999999,,,,-1.83931,16.892408316464017,0.068,43.56756,23.01233,,1656.53926,10.913581683535984,1.0040417468906444,0.03396806158291634,0.16116161056222825,0.6549338815319364,0.9505827676277986,0.33718636104151595
1969,SWE,main,19.734707205722515,94.70494279427749,524.4952553274981,114.43965,0.0376260929060264,0.0318712869691966,0.208380963268107,5.538203602179785,0.1724464135089762,1739.36601,0.099419368324899,5123.73022,0.1023659,,,,-0.53776,19.663707205722517,-0.071,45.95307,24.36408,,1739.36601,11.174072794277484,0.9964022775073446,0.03749072466526764,0.17244641350897627,0.6617813781992102,0.9712156912106377,0.33947259814940056
1970,SWE,main,25.22984820063065,104.16901179936934,574.7915604172199,129.39886,0.0438939085715128,0.0371595188778978,0.2422010899865654,5.517874754579363,0.1949773607018689,1852.42563,0.1044224485276637,5342.0134,0.1075983,6800.18394,0.7855689562420866,0.0153185579564439,2.12288,25.34584820063065,0.116,49.89602,26.40912,,1852.42563,10.656781799369348,1.004597728812221,0.044095720859633036,0.19497736070186897,0.6689532939312581,0.970484185416161,0.3467654405359597
1971,SWE,main,22.26851868809311,113.36492131190688,633.440066044075,135.63344,0.0351548944909077,0.0298183850739045,0.1964321805227964,5.587619686174862,0.1641816257708505,1869.09727,0.111983668993321,5550.71225,0.1141187,6661.43489,0.8332607526244243,0.0170180934264009,-0.16187,22.55851868809311,0.29,52.60208,28.78563,,1869.09727,11.09312131190689,1.0130228689237,0.035612712073889295,0.16418162577085052,0.6480077218125584,0.981291138028395,0.3367310690623532
1972,SWE,main,26.332561540211817,123.36104845978818,699.2583746127931,149.69361,0.0376578422171821,0.0320106245994734,0.2134592877491261,5.668388712185187,0.175909723469237,1912.08573,0.119841268832648,5768.61609,0.1212177,6525.83252,0.8839663096349277,0.0189034959266451,-0.65186,26.646561540211817,0.314,58.22093,31.80712,,1912.08573,11.424678459788186,1.0119244001203793,0.03810688939544989,0.17590972346923703,0.6532651691636252,0.9886449654848096,0.3314635087806649
1973,SWE,main,34.30161427277662,132.2863357272234,775.2029962631349,166.58794999999998,0.0442485573948082,0.0377983663979215,0.2592982418343427,5.860038317650708,0.205906935482288,1988.5695,0.1283406036349245,5985.71215,0.1295088999999999,6487.10762,0.9227089329527728,0.0203921907075164,0.76552,35.30761427277662,1.006,63.88275,35.76686,,1988.5695,11.864525727223382,1.0293280657872248,0.045546281997072925,0.20590693548228803,0.6527377531211916,0.9909790264215401,0.33221936674652824
1974,SWE,main,44.017330514242325,152.33587948575766,916.50358355072,196.35321,0.0480274505242088,0.0411823590319101,0.2889492000363423,6.016334343849747,0.2241742343516682,2052.20391,0.1407196519764939,6189.7144,0.1480688,6539.23114,0.9465507897615008,0.0232956866372149,1.60212,44.78333051424232,0.766,70.84649,40.64013,,2052.20391,13.066029485757673,1.0174022365975182,0.04886323558140668,0.22417423435166822,0.6799277124170604,0.9503666672283012,0.3315506624990646
1975,SWE,main,49.86759378173823,181.58566621826176,1050.638511785694,231.45326,0.0474640832430384,0.0404695790521796,0.2746229634766355,5.785911044998732,0.2154542726325748,2105.56081,0.1609157894613359,6394.56483,0.1643018,6569.60659,0.9733558231224314,0.027640264866798,1.99758,50.64859378173823,0.781,81.05054,47.39326,,2105.56081,14.797156218261769,1.0156614735296494,0.048207440726358325,0.21545427263257483,0.6831197683192612,0.9793915189081063,0.3292735105478632
1976,SWE,main,43.677363164575766,214.66390683542423,1218.3876863796,258.34127,0.035848493589394,0.0304785699073027,0.203468593339549,5.675792005936507,0.1690684696431807,2128.72178,0.1801843686684128,6598.27344,0.1846525,6641.64092,0.9934703666575218,0.0323209142772241,1.09793,43.56036316457577,-0.117,92.82016,55.20486,,2128.72178,16.807526835424234,0.9973212668640471,0.03575246504174209,0.16906846964318076,0.6735312865268153,0.9758024866623133,0.32261799989907664
1977,SWE,main,35.47482769444052,240.99619230555948,1400.536158080592,276.47102,0.0253294622132841,0.0216108002294901,0.1472007808715165,5.81144517131976,0.1283130061676645,2094.66237,0.1993484085934097,6793.38344,0.2061618,6518.0489,1.0422418647396154,0.0369736704960221,-2.30922,33.33882769444052,-2.136,100.62708,60.40286,,2094.66237,18.508642305559476,0.9397882910553291,0.0238043320067728,0.12831300616766458,0.6620988155666577,0.9669512421477193,0.3083386045407736
1978,SWE,main,50.015848893716566,268.50486110628344,1583.58332559558,318.52071,0.0315839704076865,0.0270051119880976,0.1862753943732831,5.897782703340865,0.1570254219693173,2132.36644,0.218112234968395,6972.48282,0.227119,6389.98712,1.0911575702831775,0.0420196247760642,-2.25118,45.72284889371657,-4.293,103.31804,62.64117,,2132.36644,20.77886110628343,0.9141672070962426,0.02887303001660514,0.15702542196931737,0.6848505492026032,0.9603434101435591,0.3058259869617004
1979,SWE,main,63.015364478691566,295.0167355213085,1778.8174115334511,358.0321,0.0354254259431654,0.0303859228898248,0.213599287400901,6.029547470892446,0.1760047897344723,2213.39715,0.235534092921372,7157.56513,0.2485227,6426.61273,1.1137383612035388,0.0459054789693712,-0.44134,58.89936447869157,-4.116,118.14214,72.14499,,2213.39715,22.747605521308436,0.9346825963151921,0.033111529096129404,0.1760047897344723,0.6867660857510944,0.9477367376154049,0.3092388416729642
1980,SWE,main,75.38407670983278,331.0967032901672,2044.19905629429,406.48078,0.0368770724542298,0.0317367116939663,0.2276799374947793,6.174024192873919,0.1854554518170152,2269.81755,0.2604835000945339,7351.62089,0.278061,6503.56702,1.130398267195838,0.050910016345179,0.02038,73.33107670983279,-2.053,136.81047,82.85112,,2269.81755,25.11550329016721,0.9727661319259454,0.035872767128053956,0.18545545181701528,0.6874938964061262,0.9367854538915342,0.30875062574125745
1981,SWE,main,77.70905004510118,358.73697995489886,2260.050943150299,436.44603,0.0343837603663845,0.0296736705402851,0.2166184541523177,6.300022215257645,0.1780496205798943,2265.20383,0.285230556934031,7519.75953,0.3005483,6477.90672,1.1608317092284404,0.0553785343724274,-1.99808,73.39905004510118,-4.31,143.28654,92.75277,,2265.20383,27.12713995489882,0.9445367045730383,0.032476723707293854,0.17804962057989432,0.6755028881899833,0.9490340052964232,0.30123354622750814
1982,SWE,main,100.92291256238492,384.5509574376151,2499.523334137143,485.47387,0.0403768635339523,0.0349931736700441,0.2624435347524975,6.499849462844299,0.2078853647929288,2293.48863,0.3085725783606785,7680.43581,0.3254403,6526.31459,1.1768411871791182,0.0589231414046216,-2.65027,92.78391256238493,-8.139,156.16895,103.87841,,2293.48863,29.857707437615087,0.9193542893942055,0.03712064268222352,0.20788536479292888,0.6859807657879092,0.948169536350226,0.29861438683125974
1983,SWE,main,122.73345465935186,413.9853453406481,2804.3589122469552,536.7188,0.0437652449275878,0.0381355892459279,0.2964681142477653,6.7740535838035205,0.2286736642341424,2337.07956,0.3397430894479262,7845.08695,0.3574669,6581.14258,1.1920554606795952,0.0629047829169882,-2.73428,111.40445465935188,-11.329,177.31073,118.45339,,2337.07956,31.15250534064815,0.9076942791886389,0.03972546244806104,0.22867366423414248,0.6759626175917447,0.9504183169068975,0.2979035892011369
1984,SWE,main,150.65270137725054,453.03104862274944,3033.057881207424,603.68375,0.0496702362031012,0.043215392495621,0.3325438771475968,6.695033133883786,0.2495556678099262,2435.92716,0.3663049473121355,8035.39076,0.3774624,6645.38405,1.209168755265544,0.0681722900007185,-0.73771,138.22970137725054,-12.423,202.34261,130.51008,,2435.92716,32.81013862274945,0.9175388168520691,0.045574369758556284,0.2495556678099262,0.6765539027424169,0.970440889773751,0.303149807240986
1985,SWE,main,157.6528781603821,496.8162918396179,3284.086412118917,654.4691700000001,0.0480050943783368,0.041697152903544,0.3173263050143202,6.610263121522362,0.240886638190126,2488.55229,0.3901644678722021,8253.58449,0.3978982,6731.54664,1.226105222380217,0.0738041817741335,-0.68692,144.0418781603821,-13.611,230.15052,143.33163,,2488.55229,34.27311183961791,0.9136647541178832,0.043860562751588866,0.24088663819012604,0.6740540254054433,0.9805635408056687,0.3015116999183951
1986,SWE,main,169.1570114665015,538.4909785334985,3513.7510881441485,707.6479899999999,0.048141432680664,0.0417440539541089,0.3141315606199679,6.5251809746438765,0.2390411812891626,2555.52728,0.4153982421975945,8466.13772,0.4150359,6764.3628,1.2515794865408465,0.079607051610759,-0.04245,159.3020114665015,-9.855,243.16132,154.9441,,2555.52728,36.20299853349848,0.9417405172001895,0.04533673771144662,0.2390411812891626,0.6666104256188482,1.0008730382060793,0.30185278866453397
1987,SWE,main,177.8472437932794,580.2126562067206,3810.6278645992,758.0599,0.0466713754563869,0.0405041456073281,0.3065207935242199,6.567640026179529,0.2346084310663041,2641.23565,0.4349070822211566,8705.62886,0.43772,6863.30515,1.2684309774569764,0.0845383737901731,1.2567,171.40924379327942,-6.438,272.1025,167.27244,,2641.23565,37.06401620672058,0.9638003948631153,0.0449818900936704,0.23460843106630414,0.6599330722300003,0.993573705156622,0.30339401006810207
1988,SWE,main,201.1227708876047,629.1195491123952,4212.048332882432,830.24232,0.0477493976784379,0.0415442669599656,0.3196892723670126,6.695147748667288,0.2422458673120935,2708.82589,0.4636414967224047,8967.40864,0.4697063,7045.64853,1.2727584411594255,0.089291929115345,1.92215,192.7227708876047,-8.4,308.46195,185.50234,,2708.82589,39.21842911239529,0.9582344656304768,0.04575511856857507,0.24224586731209355,0.6610609085458341,0.9870880946719357,0.3020745455846652
1989,SWE,main,204.62646638794396,705.8890036120561,4676.220332318094,910.51547,0.0437589445847404,0.0380197527801764,0.2898847628180407,6.624583055395011,0.2247369464111839,2780.73999,0.4997245031888077,9285.70062,0.5035937,7143.13954,1.299946692627539,0.0988205535758098,2.60089,193.44846638794397,-11.178,368.5239,208.23407,,2780.73999,44.84965361205607,0.9453736352031412,0.041368552514728846,0.22473694641118394,0.6552338140729613,0.9923168284051362,0.2994647473353497
1990,SWE,main,194.07890468982,802.96009531018,5267.222679403392,997.039,0.0368465349772914,0.0319724976813367,0.2417042961703447,6.559756468805198,0.1946552789708526,2801.72553,0.5470126226104668,9597.28576,0.5488242,7192.1219,1.334416448086065,0.1116443945854393,1.6334,173.99090468981998,-20.088,402.41869,231.41321,,2801.72553,49.95703531018002,0.8964957060526234,0.03303276039005954,0.1946552789708527,0.6505627771035367,0.9966991663459206,0.2919289474194004
1991,SWE,main,200.5756727107898,842.7954872892102,5825.902467953368,1043.37116,0.0344282579075258,0.0300771865897911,0.2379885461370073,6.912593334703245,0.192238084011053,2769.61846,0.5933894771917428,9844.87467,0.5917701000000001,7024.15071,1.4015750909194258,0.1199853935493377,-0.8015,168.7586727107898,-31.817,395.66561,249.1499,,2769.61846,52.869047289210194,0.8413715902332933,0.02896695810461694,0.192238084011053,0.6348615753283563,1.0027364971493875,0.2813259236747602
1992,SWE,main,224.55068094257427,849.7123490574256,5969.350666513928,1074.26303,0.0376172708703861,0.0329298439433412,0.2642667029514933,7.025142888808957,0.209027654002553,2737.52986,0.6013129259528881,10016.93107,0.5959261,6787.91666,1.4757003616482234,0.1251801387109879,-2.98026,173.58168094257428,-50.969,356.35825,253.82535,,2737.52986,58.182169057425696,0.7730178337199761,0.02907882123868342,0.20902765400255305,0.652606245058318,1.0090394194060104,0.2732902763201304
1993,SWE,main,252.9277455760913,833.1542544239087,6459.279711776558,1086.082,0.0391572678165575,0.0346835839375961,0.3035785321062547,7.752801690057838,0.2328808925809389,2680.983,0.6173474430833764,10093.71751,0.6399307000000001,6602.59,1.5287512188398795,0.1261859746590214,-5.95186,222.8867455760913,-30.041,317.892,268.754,,2680.983,67.44725442390872,0.8812269490973563,0.034506439652973064,0.2328808925809389,0.6562040435067894,0.9647098398051169,0.26560907785896615
1994,SWE,main,319.47628542263226,876.9367145773678,6499.293932026325,1196.413,0.0491555373189633,0.0433115910725665,0.3643093966895903,7.411360277187852,0.2670284303352038,2788.645,0.6327954974548571,10226.46196,0.6355369000000001,6696.54,1.527126241312678,0.1309537036405916,-4.04322,283.99628542263224,-35.48,339.718,255.354,,2788.645,72.45771457736775,0.8889432436180237,0.04369648278610605,0.26702843033520385,0.6779919099738078,0.9956864777715614,0.2726891285478365
1995,SWE,main,386.5808736660839,911.759126333916,6684.570478472988,1298.34,0.0578318195478722,0.0508904818218338,0.4239945205928273,7.33150926095022,0.297750106802597,2902.823,0.6562408386594705,10387.39062,0.6435274,6827.49,1.521406932855266,0.1335423598326641,-2.32854,356.53987366608385,-30.041,372.316,268.754,,2902.823,75.17412633391613,0.9222905165609706,0.05333773872446789,0.2977501068025971,0.6815608380478028,1.0197558622359677,0.2794564204036836
1996,SWE,main,337.9313799495187,966.0926200504812,6802.485711627511,1304.024,0.0496776317180485,0.0434997711964277,0.3497919070449589,7.041235561112206,0.2591450617086179,2952.308,0.6631469345339308,10555.4133,0.6444547,6825.41,1.5464878007328495,0.1415435292605837,-2.86907,310.4053799495187,-27.526,392.054,283.771,,2952.308,79.21162005048124,0.9185455934748885,0.04563116970888181,0.2591450617086179,0.6660612295141416,1.029004729942897,0.2796961062623668
1997,SWE,main,348.54528843642566,1009.9007115635744,7016.746814014464,1358.446,0.0496733454512396,0.0434235198849503,0.3451282729534787,6.947957094862144,0.2565764766773399,3042.796,0.673084557755433,10711.14496,0.6550884,6756.94,1.585206463280716,0.1494612519222568,-2.28812,323.30328843642565,-25.242,403.634,301.616,,3042.796,83.38471156357436,0.9275789952197155,0.04607595186286266,0.2565764766773399,0.6632846026408418,1.0274713424255917,0.28407756699802894
1998,SWE,main,350.31678885369496,1011.1342111463052,7264.323430994358,1361.451,0.0482242829881464,0.0423320140108984,0.3464592385382223,7.184331566389117,0.2573113456552567,3171.988,0.6789202859531626,10890.10409,0.6670573000000001,6866.18,1.5860498981966684,0.1472629921071549,-0.86957,336.373788853695,-13.943,442.81,323.434,,3171.988,82.25921114630508,0.9601988815733776,0.04630490258989623,0.25731134565525676,0.6321959278894577,1.0177840583607471,0.29127251436583834
1999,SWE,main,351.0399066905922,1072.061093309408,7564.445796501304,1423.101,0.0464065598636392,0.0406460518319908,0.3274439384857692,7.0559838834838935,0.2466725177556563,3305.247,0.6857363458767226,11079.19207,0.6827615,7052.7,1.5709149786606549,0.1520071877875718,0.41442,347.7049066905922,-3.335,479.457,350.355,,3305.247,86.8760933094078,0.9904996556333424,0.04596568156406272,0.24667251775565627,0.6278770877747816,1.004357079121659,0.29832924450780823
2000,SWE,main,351.02098326213496,1178.695016737865,7953.277057546481,1529.716,0.0441353898175932,0.0384386833869773,0.2978047571912319,6.747527515266695,0.2294680733300396,3458.317,0.696516542584153,11280.73042,0.7050320999999999,7142.44,1.5793944954385335,0.1650269399165922,1.97243,352.784983262135,1.764,523.75,381.659,,3458.317,93.42801673786504,1.005025340603877,0.04435718518411148,0.22946807333003968,0.6350597295305704,0.9879217451009011,0.3065685351250509
2001,SWE,main,315.5879457199961,1255.666054280004,8376.292167135824,1571.254,0.0376763297438689,0.0327646713643663,0.2513311119977305,6.670796059656777,0.200851005451694,3505.378,0.7145546072349401,11479.44423,0.7296775,7189.45,1.596706873265688,0.1746539796896847,0.34506,317.92894571999614,2.341,555.575,410.578,,3505.378,94.7090542800039,1.0074179005622637,0.03795580901145997,0.2008510054516941,0.6273011964305105,0.9792745524357543,0.30536129883702573
2002,SWE,main,329.62256889342666,1296.8804311065733,8710.641321836716,1626.503,0.0378413662914917,0.0329374821290278,0.2541657357048511,6.71661096343654,0.2026572154452999,3585.221,0.726155235618669,11656.82911,0.7472565,7090.63,1.6439765027931228,0.1829005929101607,-0.29721,337.56556889342664,7.943,564.083,431.531,,3585.221,96.04143110657331,1.0240972577413778,0.03875323944830366,0.20265721544529994,0.6247546022992002,0.971761685068874,0.30756400099615083
2003,SWE,main,360.2944353868997,1336.8045646131004,8832.229417637009,1697.0990000000002,0.040793147273488,0.0354305468951906,0.2695191540516444,6.606971319097226,0.212300187194088,3652.66,0.7395733520229093,11830.70188,0.7465516,6991.6,1.692130825562103,0.1912015224859975,-1.1582,406.2714353868996,45.977,569.972,440.167,,3652.66,94.72156461310038,1.1276095201154794,0.04599874122105788,0.21230018719408805,0.6282271110272044,0.9906526916865617,0.3087441503512892
2004,SWE,main,404.5049463825397,1386.4520536174605,9022.580192451036,1790.957,0.044832513289378,0.0388609562176466,0.2917554525792118,6.507675594630033,0.2258596640692879,3805.32599,0.7426396601569476,12030.16146,0.7499966,7055.7,1.7050273481015348,0.1965009926183738,0.27925,420.88894638253976,16.384,603.268,453.674,,3805.32599,103.70205361746022,1.0405038310322805,0.04664840183240344,0.2258596640692879,0.6337458855068638,0.9901907024071144,0.3163154545059614
2005,SWE,main,416.0628144006277,1431.9781855993722,9284.46077230746,1848.041,0.0448128140776477,0.038824726761836,0.2905510842167469,6.483660760810636,0.2251372206572406,3911.61399,0.7483169370707767,12236.65063,0.758742,7048.85,1.7359782985877128,0.2031506111776207,0.56672,456.6228144006277,40.56,629.617,472.945,,3911.61399,105.16618559937238,1.0974852800975017,0.049181403809964455,0.22513722065724068,0.6313497842765278,0.9862600687332146,0.31966377959750575
2006,SWE,main,484.3661523671848,1504.8818476328154,9626.057011354103,1989.248,0.0503182301741893,0.0435153007759193,0.3218632433696336,6.3965533417098,0.2434920896575916,4094.52399,0.761382521537015,12504.58171,0.7698024,7175.16,1.7427599816589456,0.2097349533157191,2.61244,566.3781523671848,82.012,703.233,496.979,,4094.52399,112.14384763281524,1.1693181895538998,0.058838021808839444,0.2434920896575916,0.6380909825472278,0.9890622860321233,0.32744189969390025
2007,SWE,main,490.7578755001176,1623.5311244998825,10082.642221700971,2114.289,0.0486735386131082,0.041922997463504,0.3022780826892322,6.21031655602344,0.232114850666166,4226.56699,0.7836466351619331,12826.90948,0.7860539,7398.49,1.7337199185239152,0.2194408757057024,3.36042,591.7438755001176,100.986,778.676,525.309,,4226.56699,119.9601244998824,1.2057756075683717,0.05868936559372313,0.23211485066616605,0.6383462630599297,0.9969375320979047,0.3295078207724282
2008,SWE,main,421.4981387749391,1698.800861225061,10733.833485587213,2120.299,0.039268183109129,0.0339025605529057,0.2481150960042385,6.318476597572887,0.198791839629665,4187.551,0.8099896574393959,13125.97078,0.8177554,7500.61,1.7499871050487894,0.2264883604433587,0.35612,540.9931387749391,119.495,813.894,569.335,,4187.551,118.15086122506094,1.2835006587391005,0.05040073888805469,0.198791839629665,0.625111553410166,0.9905035875512358,0.31902790812094134
2009,SWE,main,338.95469635106133,1701.8553036489386,11172.70829416851,2040.81,0.030337737943805,0.0263274707352816,0.1991677527603612,6.565016585260314,0.1660883160857999,4009.345,0.8290967726648618,13289.99762,0.8406855,7279.03,1.8257923954153232,0.233802485173016,-5.28114,419.24169635106136,80.287,733.52,595.625,,4009.345,122.21230364893864,1.2368664628763408,0.037523730622223445,0.1660883160857999,0.6139371595918938,0.9862151454555381,0.30168139337860916
2010,SWE,main,473.5885292275572,1758.1244707724427,11434.57845976752,2231.713,0.0414172267822443,0.035897763462197,0.2693714450260072,6.5038503529523535,0.2122085273633111,4239.913,0.8376384138070758,13507.87521,0.846512,7453.13,1.812376170816825,0.2358907560679127,-1.49055,578.2875292275571,104.699,782.994,598.558,,4239.913,128.50747077244282,1.2210758781906488,0.05057357656535021,0.21220852736331114,0.6283835569844298,0.989517471467712,0.31388452544047446
2011,SWE,main,505.6196982535578,1855.0583017464423,11696.39973437766,2360.678,0.0432286609329414,0.0373110920541338,0.2725626993920044,6.305138616595554,0.2141841023017784,4374.059,0.8469974913461387,13769.61492,0.8494355,7629.4,1.8048096731066663,0.2431460274394372,0.01336,589.6036982535578,83.984,830.127,607.796,,4374.059,128.95530174644225,1.1661011236114536,0.05040899008612151,0.21418410230177848,0.6371915265990196,0.9971298484065461,0.3176602269135933
2012,SWE,main,420.2011499473467,1929.1188500526528,11997.086419590476,2349.32,0.035025266573156,0.0301734134899847,0.2178202498699744,6.218946240281167,0.1788607554302295,4355.933,0.8550395518021053,14005.34833,0.8566075,7620.57,1.837834745957324,0.2531462672808797,-1.79743,507.3451499473467,87.144,828.987,627.056,,4355.933,131.67485005265323,1.207386391043717,0.04228903020310696,0.17886075543022947,0.6307754474096489,0.9981695838550391,0.3110192547420918
2013,SWE,main,409.0625606376233,1986.029439362377,12293.59818245814,2395.092,0.0332744371962082,0.0286465845938825,0.205970038776945,6.190038243544391,0.170792003245647,4405.489,0.8636898196772255,14229.8726,0.8639288999999999,7652.91,1.8594067616109429,0.259512974719731,-2.16285,496.54856063762327,87.486,835.789,641.816,,4405.489,134.02343936237676,1.2138694870135067,0.0403908240100244,0.17079200324564703,0.629463103052424,0.9997232638903798,0.3095944091586596
2014,SWE,main,446.3059426757269,2060.076057324273,12762.730784451727,2506.382,0.0349694708925022,0.0301094082544391,0.2166453714604162,6.19527164498411,0.1780678055762158,4506.629,0.8795190374002387,14492.70794,0.8806312,7769.28,1.8653862314139795,0.2651566242076837,-1.63178,529.2789426757269,82.973,899.482,668.021,,4506.629,135.81505732427306,1.1859105874830032,0.04147066577009706,0.1780678055762158,0.6323393545268445,0.9987370847185959,0.31095838118435165
2015,SWE,main,538.5549081152121,2145.830091884788,13333.054295438344,2684.385,0.0403924634357387,0.0347928761943772,0.2509774236795108,6.213471581865678,0.2006250623942587,4704.391,0.8993589180831271,14807.60114,0.9004196,7894.41,1.8757071320085985,0.2718163981709574,0.6534,568.7189081152121,30.164,983.314,699.778,,4704.391,137.34509188478785,1.0560091451131053,0.04265481078178679,0.20062506239425867,0.6344659905042289,0.9988220137401796,0.31770108848299244
2016,SWE,main,509.5377875464918,2239.7872124535083,13871.221532514006,2749.325,0.0367334474726786,0.0316266843133365,0.2274938372330172,6.193097922600955,0.1853319587704225,4804.65,0.9142811651212888,15159.28639,0.9150313,8112.15,1.8687137676201744,0.2761027856306292,0.67162,520.9497875464918,11.412,1048.624,726.821,,4804.65,133.6642124535082,1.0223967687557594,0.037556158001326015,0.1853319587704225,0.6258706005575941,0.9991802085035657,0.31694433869719907
2017,SWE,main,505.3369276439008,2343.6520723561,14646.590121345813,2848.989,0.034502018794629,0.0297427736392847,0.2156194315719739,6.249472903467891,0.177374123818625,4895.113,0.9346288839501764,15537.02478,0.9426895,8247.07,1.8839448167652268,0.2841799660189739,0.34697,570.4339276439008,65.097,1124.621,768.531,,4895.113,135.33707235609918,1.1288190045867226,0.0389465345119855,0.17737412381862508,0.6227143192497497,0.9914493414323342,0.3150611567731567
2018,SWE,main,488.207526880621,2476.569473119379,15483.452111846816,2964.777,0.03153092239082,0.0271830144841966,0.1971305599053904,6.251975678414761,0.1646692236483961,4981.769,0.9590643403979592,15907.51954,0.9733417,8380.67,1.898120262461116,0.2955097233418544,0.00569,574.837526880621,86.63,1176.008,815.39,,4981.769,140.444473119379,1.1774450315289449,0.037125927908595764,0.16466922364839615,0.6205270292812415,0.9853316059488247,0.3131706981389004
2019,SWE,main,579.7544497899033,2565.867550210097,16093.611318053809,3145.622,0.0360238878852215,0.0310702380212746,0.225948704851282,6.272190985359334,0.184305186633964,5111.705,0.9823301618540192,16256.38159,0.9899873,8356.43,1.945373992243099,0.3070530777150166,0.53841,725.8124497899033,146.058,1197.155,851.786,,5111.705,144.08855021009663,1.2519307959653088,0.045099414633910394,0.18430518663396409,0.6264454685980871,0.9922654178028538,0.31444297562161244
2020,SWE,main,597.3907686353625,2595.445231364637,16605.40159,3192.836,0.0359756893199812,0.0311127302974288,0.2301688979664061,6.397900980275814,0.1871034931438265,5012.855,1.0,16605.40159,1.0,8085.97,2.0536066285182857,0.3209813085337489,-3.08708,775.9107686353625,178.52,1229.784,880.764,,5012.855,148.59323136463746,1.298832873510581,0.0467264079359951,0.18710349314382654,0.6369296538599262,1.0,0.30188098570400185
2021,SWE,main,666.6607830686758,2756.3822169313244,17631.778819092364,3423.043,0.0378101829604843,0.0326984264000445,0.2418607909213941,6.396710409313913,0.1947567655646381,5274.82,1.0270985550217828,17012.95635,1.0363736,8296.4,2.0506432127187697,0.3322383463829281,0.21794,871.4657830686758,204.805,1360.714,938.335,,5274.82,154.93721693132423,1.3072102112520727,0.0494258572552542,0.19475676556463817,0.6318188697912053,0.9910504812374447,0.31004723056260586
2022,SWE,main,663.4625520670212,2911.001447932979,19676.969255416327,3574.464,0.0337177206232812,0.0293723841234061,0.2279155692410003,6.759518882887672,0.1856117594321893,5341.04199,1.0890037956807002,17391.54771,1.1314099,8554.59,2.033007743211539,0.3402853261153344,-0.07454,904.0285520670212,240.566,1488.467,1060.125,,5341.04199,157.0294479329788,1.3625916779334648,0.04594348552016852,0.18561175943218933,0.6145476208282937,0.9625192387663394,0.3071056169962921
2023,SWE,main,666.0197689335396,3102.2232310664604,21021.116865348788,3768.243,0.0316833674062012,0.0276089366676263,0.2146911164431516,6.776145783075158,0.1767454404966823,5330.143,1.1525369957241296,17738.59216,1.1850499,8644.86,2.051923589277328,0.3588517605914335,-1.59113,957.9167689335396,291.897,1561.103,1149.838,,5330.143,164.58923106646043,1.438270774555834,0.04556926137985407,0.1767454404966823,0.6134019687175404,0.9725641052955909,0.30048286537751934
2024,SWE,main,699.0969631716526,3252.322036828348,21969.290434107814,3951.419,0.031821554058309,0.0277181708337343,0.2149531796837097,6.754955439631736,0.176923015041344,5384.393,1.1870597112803616,18085.0443,1.2147767,8617.0,2.098763409539283,0.3774308966958741,-1.85726,1007.2949631716526,308.198,1604.42,1183.558,,5384.393,169.97803682834737,1.4408515788736542,0.04585013640712786,0.17692301504134406,0.6182210202271858,0.9771834702463107,0.2977262820417863
