time,PI,W,K,geo,source,D43_rec,D43_pay,r_dom,r_full,r_full_net,share_D43
2000,12020,36862,97582.8,PRT,Eurostat S11,144,630,0.12317744520550752,0.12465311509815254,0.1181970593178306,0.01183821111476488
2001,11460,38928,105925.7,PRT,Eurostat S11,220,117,0.10818904194166289,0.11026596944839638,0.1091614216379972,0.018835616438356163
2002,11546,40265,113328.3,PRT,Eurostat S11,-300,-424,0.10188099530302669,0.09923381891372234,0.10297516154393915,-0.026676151520540637
2003,11900,40635,119583.3,PRT,Eurostat S11,147,-55,0.09951222286054992,0.10074149149588613,0.10120142193767859,0.01220220801859384
2004,11917,42148,126564.6,PRT,Eurostat S11,224,297,0.09415745002947111,0.09592729720632782,0.09358066947629906,0.018449880569969525
2005,11546,43684,134646.7,PRT,Eurostat S11,373,315,0.08575033773571873,0.08852055044795007,0.08618109467220511,0.031294571692256065
2006,12217,45480,143929.7,PRT,Eurostat S11,551,603,0.08488171656023738,0.08870997438332741,0.08452042907058098,0.043154761904761904
2007,15083,48029,154278.4,PRT,Eurostat S11,51,652,0.09776481996183523,0.09809539118891562,0.0938692649132996,0.0033698955993128055
2008,13228,49877,166907.8,PRT,Eurostat S11,246,459,0.07925333627308011,0.08072720388142436,0.07797718261219667,0.018257384592548612
2009,14513,48715,167799.1,PRT,Eurostat S11,207,-140,0.08649033278485999,0.08772395084359809,0.08855828189781709,0.0140625
2010,15463,50167,170224.5,PRT,Eurostat S11,986,1445,0.09083886279589601,0.09663121348572033,0.08814242368166744,0.059942853668916045
2011,14641,49341,172915.6,PRT,Eurostat S11,-348,-1400,0.08467136568360518,0.08265882314840303,0.09075525863484844,-0.02434758273280627
2012,15154,46132,173002.3,PRT,Eurostat S11,732,145,0.08759421117522716,0.09182536879567497,0.09098722964954802,0.046078307944101726
2013,17694,45428,171459.4,PRT,Eurostat S11,857,383,0.1031964418398758,0.10819470965138103,0.10596094469011323,0.04619697051371894
2014,18499,46541,174175.7,PRT,Eurostat S11,205,220,0.1062088454359592,0.1073858178838954,0.10612272550074435,0.01096022241231822
2015,20334,48635,177966.1,PRT,Eurostat S11,278,957,0.114257715373883,0.11581981062685534,0.11044238200421316,0.013487288957888609
2016,22106,50967,183737.0,PRT,Eurostat S11,644,723,0.12031327386427339,0.12381828374252328,0.11988331147237628,0.028307692307692308
2017,23425,54819,192331.3,PRT,Eurostat S11,1090,980,0.12179504843985353,0.1274623527215799,0.12236697822975252,0.04446257393432592
2018,22719,59737,204028.3,PRT,Eurostat S11,1002,789,0.11135219967033985,0.11626328308376829,0.11239617249175728,0.042241052232199316
2019,22678,64086,215541.3,PRT,Eurostat S11,-641,950,0.1052141747312464,0.10224026671454613,0.09783275873347708,-0.029087443844443436
2020,15442,63591,222540.7,PRT,Eurostat S11,-335,238,0.06938955436016872,0.06788421174194204,0.06681474444899292,-0.02217515059244059
2021,17129,69150,241815.6,PRT,Eurostat S11,834,1282,0.07083496680942007,0.07428387581280943,0.06898231545028526,0.04642877024995825
2022,21408,77498,276284.3,PRT,Eurostat S11,525,2768,0.07748540181255323,0.07938561836485099,0.06936695280911728,0.023936533989878266
2023,22681,88209,295739.3,PRT,Eurostat S11,1414,3284,0.076692546442086,0.08147378451223763,0.07036940981465771,0.058684374351525216
