country,O_raw,O_adj,N_raw,commodity_share_X
NOR,-0.7099121388513405,-1.4651804772723245,-0.32895934245972275,0.6271457853101118
LUX,-0.4002852934839477,-0.02130896694809112,-0.287054279709062,0.007115369389660713
BEL,-0.3773010358667331,0.0027094316375862126,-0.3170698109884601,0.021221126376532187
NLD,-0.37644354156861376,0.08641101232175986,-0.240571449231351,0.13201850649373295
DNK,-0.29936627019892037,0.09735002117072726,-0.23565915361873238,0.13088212438012672
DEU,-0.2818220855463761,-0.11833997665571969,-0.15580159501788016,0.01392478115092528
IRL,-0.27375742090306104,0.044038122995875055,-0.12742515565386772,0.029308627258062808
CHE,-0.23477394799506796,-0.6907083057319507,-0.17876628557063795,0.00991218473934588
FIN,-0.2227075201954025,0.015225529667446435,-0.18779685178249425,0.04908275753198939
SWE,-0.21951864582686428,-0.05920655268586726,-0.15256637306543294,0.03638790115052031
AUT,-0.1636112034074693,-0.0075883112195928,-0.14550424822137717,0.03381439497777421
FRA,-0.15273892469923636,0.022646853085674618,-0.17646379040380092,0.038084226267864715
GBR,-0.15070212125056168,-0.05808708895711041,-0.20781053329635255,0.07570823422400534
AUS,-0.1341455778348793,0.07727581640416632,-0.12989503927704538,0.40633494484261345
ITA,-0.09949888373308595,0.020508342979576034,-0.1010707990815328,0.03458383980124565
JPN,-0.09215389725391931,-0.08218842281433807,-0.06436681413222144,0.00932490857011438
CYP,-0.08929844382851845,-0.05221077302560772,-0.3102702278123591,0.028923814748535275
CAN,-0.0818217096041678,0.06747916233394582,-0.045146441525686816,0.23465307437292948
ROU,-0.05124594388013647,-0.090976336866667,-0.07478086118986658,0.07826791334105615
ESP,-0.03151522227379582,0.06481877888528342,-0.07946422115170318,0.07452699975685997
GRC,-0.0015351325036758346,0.008335549457182507,-0.16254438527237924,0.08543115160967879
SVN,0.011355978449232232,-0.01137275009701668,-0.05034221163661336,0.02717772105158333
KOR,0.0202371938992537,0.03190102315239711,0.04846988086330982,0.017262866922341486
PRT,0.04495383777176111,0.01738299544799719,-0.04311603008240509,0.05434267324070677
RUS,0.04535134192991418,0.005320428234590479,0.061252603631679045,0.32377278674234217
IND,0.05658457303116349,0.0444481396387322,0.05570499886975385,0.21111169787362025
LTU,0.06298942444872127,0.0959174997114741,-0.017326666432318612,0.06779453746779614
BRA,0.06519811899528928,0.0885202265021352,0.06456700932409638,0.3089774049274207
TUR,0.07347806135295959,0.08641315038325592,0.07457168038979879,0.09692046678808733
MEX,0.07435545947774808,0.02511872206819216,0.07720707214888546,0.2600583689109045
SVK,0.07824999315752995,0.07079414166199934,0.04368567667320635,0.0531379263579216
LVA,0.0907575798990114,0.11587894180079458,0.01626298997619708,0.09180884815412929
HRV,0.09269255766132549,0.020072047413927485,0.0324964959421522,0.10553978884532533
IDN,0.09362121538250327,0.05502395688820473,0.10173334475069977,0.3916598074337089
TWN,0.1041645785462842,0.06278634450919914,0.13349166875086999,0.012045730720906287
MLT,0.1070840243557837,0.15272901371827238,0.009962574257345288,0.011956045233442594
EST,0.1153126321024131,0.15846693494637087,0.059211641526562456,0.0803194341874637
CZE,0.1266604276384016,0.09774605977505174,0.13414671238726142,0.050423031549640875
BGR,0.13881107112643454,0.11695158143098097,0.08899421008957045,0.1460622280081877
POL,0.14536198185035054,0.09927759249464688,0.13581984426964647,0.07957112202816044
HUN,0.14820869162228642,0.1604231333829721,0.13857095806847608,0.059662485587943404
CHN,,,,0.1515800346651902
