O*NET-SOC Code,freedom,structured,pace,repeat,autonomy,job_zone
11-2011.00,,,-0.49959197149526846,2.1328141092039927,,0.0
11-2021.00,,,-0.2270872597705764,2.549379364907897,,0.0
11-2022.00,-0.8084782852763881,-0.4279618229749789,-1.7107240236050096,-1.6329358023593066,-0.6182200541256835,0.0
11-3021.00,,,-0.711540080614473,4.248965608179828,,-1.0
11-3031.01,,,-0.4541745195411528,2.3827532626263355,,-1.0
11-3051.00,-0.9148570070232828,-0.49928879347080946,1.9378112833755867,0.1499634920534062,-0.7070729002470462,0.0
11-3061.00,,,0.18166980781646103,3.999026454757485,,0.0
11-9021.00,,,1.6653065716508946,3.4991481479127993,,0.0
11-9031.00,,,0.030278301302743563,4.049014285441954,,0.0
11-9032.00,,,-0.2270872597705764,1.066407054601996,,1.0
11-9033.00,,,-0.24222641042194817,1.832887125097181,,0.0
11-9041.00,,,-0.923488189733678,3.2991968251749255,,0.0
11-9051.00,,,0.46931367019252457,3.3658472660875502,,-2.0
11-9071.00,,,0.4541745195411531,3.6990994706506743,,-1.0
11-9081.00,,,0.711540080614473,4.398929100233233,,1.0
11-9111.00,-1.595680826203397,-1.9258282033874072,-0.04541745195411535,1.832887125097181,-1.7607545147954022,0.0
11-9121.00,,,-0.16653065716508958,2.699342856961303,,0.0
11-9131.00,,,2.4071249535681107,3.71576208087883,,-2.0
11-9141.00,,,0.07569575325685857,2.999269841068114,,0.0
11-9151.00,,,0.1211132052109739,3.215883774034145,,0.0
13-1011.00,,,0.0,2.5993671955923654,,1.0
13-1021.00,,,-0.4087570675870378,4.332278659320609,,0.0
13-1022.00,0.3404119095900585,3.067059731320687,-1.6047499690454075,0.03332522045631167,1.7037358204553728,0.0
13-1023.00,,,0.2725047117246917,4.748843915024514,,0.0
13-1032.00,,,0.2725047117246917,3.6491116399662054,,-1.0
13-1041.01,,,-0.1513915065137178,2.832643738786552,,1.0
13-1041.03,,,0.529870272798012,2.1661393296603046,,0.0
13-1041.04,,,0.43903536888978134,2.5160541444515845,,0.0
13-1041.06,,,-0.37847876628429417,2.416078483082648,,-1.0
13-1051.00,-1.5318535931552615,-1.6642959782360311,-0.5147311221466399,-0.03332522045631241,-1.5980747856956463,0.0
13-1111.00,,,-0.22708725977057673,2.4993915342234287,,0.0
13-1121.00,,,0.4087570675870378,2.7326680774176153,,0.0
13-2031.00,,,0.030278301302743563,5.33203527300998,,0.0
13-2041.00,,,-0.5298702727980117,3.332522045631237,,0.0
13-2052.00,,,-0.3330613143301788,2.2994402114855546,,1.0
13-2053.00,,,0.10597405455960213,3.382509876315706,,0.0
13-2061.00,,,0.18166980781646103,1.3330088182524957,,0.0
13-2071.00,,,-0.06055660260548713,4.1656525570390475,,0.0
13-2072.00,,,0.04541745195411535,3.1159081126652075,,0.0
13-2081.00,,,0.3633396156329224,4.148989946810891,,-1.0
13-2082.00,,,0.0,3.7324246911069867,,1.0
15-2011.00,,,-0.2119481091192046,2.8659689592428648,,-1.0
15-2021.00,,,0.0,0.8331305114078095,,0.0
15-2031.00,,,0.3482004649815506,0.9997566136893715,,1.0
15-2041.00,,,-0.7569575325685883,2.3327654319418665,,1.0
17-1011.00,-1.9360927357934556,-1.9258282033874083,-0.16653065716508958,-0.6998296295825599,-1.930960469590432,1.0
17-1012.00,-1.595680826203398,-1.8545012328915789,-0.09083490390823035,-0.9497687830049033,-1.7250910295474884,-1.0
17-1021.00,,,-0.4541745195411531,2.849306349014708,,0.0
17-1022.00,,,0.0,3.082582892208895,,0.0
17-2011.00,,,0.015139150651371782,1.7329114637282435,,-1.0
17-2021.00,,,1.0143230936419083,2.0828262785195237,,-1.0
17-2041.00,,,-0.6812617793117295,1.6329358023593066,,-1.0
17-2051.00,-1.5318535931552624,-0.21398091148748946,-0.12111320521097425,1.6495984125874623,-0.872917252321376,0.0
17-2061.00,,,-1.4079410105775743,2.2661149910292417,,0.0
17-2071.00,,,1.4079410105775747,3.1325707228933637,,-1.0
17-2072.00,,,-0.5904268754034991,0.8497931216359653,,-1.0
17-2111.02,,,0.09083490390823035,1.7495740739564,,0.0
17-2112.00,,,0.968905641687793,3.2825342149467693,,0.0
17-2131.00,,,-0.3633396156329224,1.6495984125874628,,-1.0
17-2141.00,,,-0.030278301302743563,2.299440211485554,,0.0
17-2151.00,,,0.6661226286603577,3.482485537684644,,0.0
17-2161.00,,,-1.741002324907753,2.182801939888461,,-1.0
17-2171.00,,,-0.10597405455960247,1.6162731921311508,,-1.0
17-3013.00,,,-0.4087570675870378,2.7326680774176153,,-1.0
17-3021.00,,,0.24222641042194817,2.7493306876457715,,-1.0
17-3022.00,,,0.2119481091192046,3.0992455024370513,,-1.0
17-3024.00,,,0.5904268754034988,2.4327410933108036,,-1.0
17-3026.00,,,-0.030278301302743227,3.0159324512962704,,0.0
17-3027.00,,,1.105157997550139,2.616029805820522,,-1.0
19-1011.00,,,0.1968089584678328,2.599367195592366,,0.0
19-1012.00,,,1.5441933664399203,2.4993915342234283,,0.0
19-1022.00,,,0.832653285825447,3.299196825174926,,-1.0
19-1023.00,,,0.6964009299631012,2.9326194001554895,,-1.0
19-1031.02,,,0.4087570675870378,2.1994645501166166,,-1.0
19-1031.03,,,0.24222641042194817,2.1494767194321485,,0.0
19-1032.00,-0.6382723304813607,-0.8796993027819007,0.6812617793117295,-0.3332522045631241,-0.7589858166316307,0.0
19-1041.00,,,-0.666122628660358,2.016175837606899,,1.0
19-1042.00,,,1.0597405455960234,4.265628218407985,,1.0
19-2011.00,,,-0.16653065716508958,0.6665044091262474,,0.0
19-2012.00,,,-0.6055660260548705,0.6165165784417789,,0.0
19-2021.00,,,0.13625235586234602,1.0497444443738397,,0.0
19-2031.00,,,0.9386273403850498,2.632692416048678,,0.0
19-2032.00,,,1.362523558623459,1.416321869393276,,0.0
19-2041.00,,,-0.12111320521097425,2.749330687645771,,-1.0
19-2043.00,,,0.7720966832199602,2.166139329660305,,0.0
19-3011.00,,,-0.4541745195411531,0.9164435625485905,,0.0
19-3032.00,,,0.06055660260548713,1.9995132273787426,,0.0
19-3041.00,,,-0.1513915065137178,1.516297530762213,,2.0
19-3051.00,-0.680823819180117,-0.40418616614303615,-0.06055660260548713,-2.1661393296603046,-0.5425049926615766,1.0
19-3092.00,,,-0.15139150651371747,0.7498174602670288,,0.0
19-3093.00,,,0.2725047117246917,2.4660663137671164,,1.0
19-3094.00,,,-0.030278301302743563,1.4329844796214324,,0.0
19-4021.00,,,0.6207051767062424,2.616029805820522,,2.0
19-4031.00,,,2.3465683509626243,2.8659689592428648,,0.0
19-4051.02,,,-0.3027830130274356,2.79931851833024,,0.0
19-4092.00,,,-0.24222641042194817,2.7493306876457715,,-1.0
21-1011.00,,,-0.25736556107332026,4.015689064985642,,1.0
21-1012.00,,,0.06055660260548713,3.565798588825424,,1.0
21-1014.00,,,-0.2876438623760635,0.8497931216359657,,1.0
21-1021.00,0.1276544660962729,0.42796182297498103,-0.6509834780089859,1.9328627864661183,0.27780814453562697,0.0
21-1022.00,-0.2765846765419221,-0.3804105093110933,0.1968089584678328,0.5831913579854664,-0.3284975929265077,1.0
21-1023.00,-0.19148169914440746,1.0461289006055057,-0.2270872597705764,1.199707936427246,0.4273236007305491,1.0
21-1091.00,,,0.16653065716508958,3.749087301335143,,-1.0
21-1092.00,,,0.393617916935666,4.498904761602171,,1.0
21-1093.00,,,0.6964009299631012,3.515810758140957,,2.0
21-2011.00,,,0.0,2.9492820103836457,,0.0
21-2021.00,,,0.0,0.6165165784417792,,-1.0
23-1011.00,,,0.0,2.8493063490147086,,0.0
23-1021.00,,,-0.12111320521097425,4.448916930917703,,0.0
23-1022.00,,,-0.1513915065137178,1.1663827159709337,,0.0
23-1023.00,,,0.0,3.6324490297380496,,0.0
23-2011.00,,,0.16653065716508958,4.099002116126423,,-1.0
25-1021.00,,,-1.1354362988528826,0.7998052909514971,,0.0
25-1022.00,,,-0.12111320521097425,2.1828019398884604,,0.0
25-1032.00,,,0.6207051767062424,1.6995862432719318,,0.0
25-1041.00,,,0.030278301302743563,2.2494523808010856,,0.0
25-1042.00,,,0.015139150651371782,1.7995619046408682,,0.0
25-1043.00,,,0.0,1.5996105819029944,,0.0
25-1052.00,,,-0.1211132052109739,2.699342856961303,,0.0
25-1054.00,,,0.0908349039082307,1.316346208024339,,0.0
25-1061.00,,,0.3482004649815506,2.5660419751360535,,0.0
25-1062.00,,,0.015139150651371782,1.0997322750583083,,0.0
25-1063.00,,,0.030278301302743563,1.732911463728244,,0.0
25-1065.00,,,0.0,1.4663097000777445,,0.0
25-1066.00,,,0.0,3.165895943349676,,0.0
25-1067.00,,,0.030278301302743563,3.449160317228331,,0.0
25-1071.00,,,0.04541745195411535,1.083069664830152,,0.0
25-1072.00,,,-0.5147311221466402,3.1159081126652075,,0.0
25-1121.00,,,0.06055660260548713,1.9828506171505869,,0.0
25-1123.00,,,0.06055660260548713,2.3660906523981793,,0.0
25-1124.00,,,0.0756957532568589,0.36657742501943613,,0.0
25-1125.00,,,0.0,3.4991481479128,,0.0
25-1194.00,,,0.0908349039082307,2.9326194001554895,,-1.0
25-2011.00,,,-0.12111320521097425,0.8497931216359653,,-1.0
25-2012.00,,,0.42389621823840956,1.716248853500088,,0.0
25-2021.00,,,-0.2119481091192046,1.2496957671117142,,0.0
25-2022.00,,,0.015139150651371782,2.3660906523981793,,0.0
25-2023.00,,,0.6661226286603577,1.6329358023593061,,0.0
25-2031.00,,,0.1816698078164614,0.7664800704951843,,0.0
25-2032.00,,,0.9991839429905366,2.216127160344773,,0.0
25-3011.00,,,-0.31792216367880705,1.6662610228156194,,0.0
25-3021.00,,,-0.04541745195411535,1.9995132273787426,,-1.0
25-4011.00,,,-0.04541745195411535,3.6990994706506743,,0.0
25-4012.00,,,0.0,2.049501058063211,,1.0
25-4013.00,,,-0.2119481091192046,2.882631569471021,,1.0
25-4031.00,,,0.0,4.248965608179829,,1.0
25-9021.00,,,-0.1968089584678328,0.8331305114078091,,1.0
25-9031.00,,,-0.1513915065137178,2.3161028217137103,,0.0
27-1011.00,-0.4680663756863295,0.3804105093110933,0.4087570675870378,1.1830453261990894,-0.0438279331876181,0.0
27-1021.00,,,-0.1513915065137178,3.449160317228331,,0.0
27-1022.00,,,1.1505754495042546,2.0661636682913676,,0.0
27-1023.00,,,-0.1513915065137178,0.516540917072842,,0.0
27-1024.00,-0.08510297739751463,-0.21398091148749157,-1.407941010577574,-0.6331791886699351,-0.1495419444425031,0.0
27-1025.00,,,0.1816698078164614,2.7993185183302396,,0.0
27-1026.00,,,-0.529870272798012,1.7995619046408686,,0.0
27-2011.00,,,0.18166980781646103,1.8162245148690244,,-1.0
27-2012.03,,,1.3171061066693437,3.3491846558593936,,-1.0
27-2012.04,,,0.0908349039082307,1.0164192239175278,,1.0
27-2012.05,,,1.150575449504254,3.14923333312152,,0.0
27-2021.00,,,0.7418183819172166,1.6329358023593066,,-1.0
27-2022.00,,,0.2725047117246917,0.9164435625485905,,-1.0
27-2023.00,,,0.4844528208438967,0.03332522045631241,,-1.0
27-2031.00,,,1.0143230936419083,1.0164192239175274,,-1.0
27-2032.00,,,0.30278301302743527,1.1663827159709328,,-2.0
27-3011.00,,,2.0589244885865607,2.8326437387865524,,2.0
27-3031.00,,,-0.31792216367880705,1.2663583773398701,,0.0
27-3041.00,,,-0.0756957532568589,2.749330687645771,,0.0
27-3042.00,,,0.1513915065137178,4.815494355937139,,-1.0
27-3091.00,,,0.8932098884309344,4.099002116126423,,1.0
27-4011.00,,,1.4382193118803182,4.948795237762388,,-1.0
27-4012.00,,,0.5147311221466405,1.782899294412712,,-1.0
27-4014.00,,,-0.575287724752127,2.4160784830826474,,0.0
27-4031.00,,,0.04541745195411501,0.7331548500388723,,-1.0
27-4032.00,,,-0.8477924364768191,2.7160054671894587,,0.0
29-1011.00,,,0.0,5.015445678675013,,0.0
29-1021.00,,,0.42389621823840956,4.932132627534232,,0.0
29-1022.00,,,-0.2119481091192046,3.14923333312152,,0.0
29-1023.00,,,1.6198891196967788,3.465822927456488,,0.0
29-1024.00,,,0.46931367019252457,3.432497707000175,,0.0
29-1031.00,-0.7872025409270099,-1.6405203214040873,0.0908349039082307,1.516297530762213,-1.2138614311655487,1.0
29-1041.00,-0.5106178643850878,-0.9748019301096761,0.4087570675870378,2.3161028217137107,-0.742709897247382,1.0
29-1051.00,,,0.19680895846783317,4.8154943559371395,,1.0
29-1071.00,,,-0.21194810911920495,1.7662366841845563,,1.0
29-1081.00,,,-0.16653065716508925,3.2492089944904574,,1.0
29-1122.00,-0.8297540296257663,-0.8083723322860723,0.0,0.9164435625485908,-0.8190631809559192,1.0
29-1123.00,0.9361327513726609,0.16642959782360386,0.1211132052109739,1.899537566009806,0.5512811745981324,1.0
29-1124.00,,,2.876438623760636,4.132327336582734,,-1.0
29-1125.00,0.29786042089130027,0.14265394099166107,0.3633396156329224,-0.566528747757311,0.22025718094148067,0.0
29-1126.00,-0.7659267965776307,-0.832147989118015,1.1808537508069978,3.01593245129627,-0.7990373928478229,0.0
29-1127.00,,,0.393617916935666,0.8831183420922777,,1.0
29-1131.00,,,0.5904268754034988,3.1992211638059884,,0.0
29-2011.00,,,1.937811283375586,4.798831745708982,,0.0
29-2012.00,,,1.8772546807700996,4.1656525570390475,,1.0
29-2031.00,,,1.4836367638344334,3.0159324512962713,,0.0
29-2032.00,-0.6169965861319806,-2.116033458042954,-0.5450094234493837,0.4498904761602179,-1.3665150220874673,
29-2033.00,,,2.0135070366324452,2.132814109203992,,-1.0
29-2051.00,,,0.42389621823840956,3.5324733683691125,,-1.0
29-2052.00,,,1.3473844079720876,3.982363844529329,,1.0
29-2053.00,,,0.30278301302743527,2.5827045853642097,,0.0
29-2055.00,,,0.7418183819172166,4.015689064985641,,0.0
29-2061.00,-1.4041991270589895,-1.9258282033874083,1.0597405455960236,0.03332522045631241,-1.6650136652231988,0.0
29-2081.00,,,0.9386273403850495,4.298953438864297,,-1.0
29-2091.00,,,0.16653065716508925,1.499634920534057,,2.0
29-9091.00,,,0.24222641042194817,3.0492576717525823,,0.0
31-2011.00,,,0.393617916935666,2.9492820103836466,,1.0
31-2012.00,,,-0.19680895846783317,1.3829966489369638,,1.0
31-2021.00,,,-0.12111320521097425,2.6826802467331463,,1.0
31-2022.00,,,0.48445282084389635,2.0328384478350547,,0.0
31-9091.00,-0.23403318784316476,-0.8796993027819028,0.8326532858254473,1.4496470898495888,-0.5568662453125338,0.0
31-9092.00,,,-1.0597405455960236,4.365603879776922,,0.0
31-9093.00,,,2.6644905146414306,5.048770899131325,,0.0
31-9096.00,,,-0.015139150651371445,4.782169135480826,,-1.0
33-1012.00,-0.10637872174689471,0.023775656831942805,-0.8326532858254473,-0.4332278659320613,-0.04130153245747595,-2.0
33-2022.00,,,1.3473844079720876,3.432497707000175,,1.0
33-3011.00,,,0.0,2.349428042170023,,2.0
33-3012.00,,,0.6509834780089859,3.9157134036167047,,0.0
33-3021.02,,,0.2119481091192046,2.4160784830826474,,0.0
33-3031.00,,,-0.10597405455960213,2.016175837606899,,1.0
33-3041.00,,,2.48282070682497,1.5829479716748383,,1.0
33-3052.00,,,0.5752877247521273,2.299440211485554,,1.0
33-9011.00,,,-0.0756957532568589,2.5660419751360535,,0.0
33-9021.00,,,0.31792216367880705,2.716005467189459,,1.0
33-9032.00,,,1.680445722302266,3.899050793388548,,1.0
33-9091.00,,,-0.4087570675870378,-1.5162975307622135,,1.0
33-9092.00,,,0.2119481091192046,0.11663827159709306,,0.0
35-1011.00,,,0.6964009299631012,2.649355026276834,,-1.0
35-1012.00,,,0.4844528208438967,2.965944620611802,,-1.0
35-2011.00,,,0.37847876628429383,0.3332522045631241,,-1.0
35-2012.00,,,1.2565495040638568,0.8497931216359653,,0.0
35-2014.00,,,0.5147311221466399,1.96618800692243,,-1.0
35-2015.00,,,-0.24222641042194817,1.083069664830152,,1.0
35-2021.00,,,0.8932098884309341,1.832887125097181,,1.0
35-3011.00,,,-0.015139150651371782,1.8162245148690244,,1.0
35-3031.00,,,-0.13625235586234602,1.7495740739563996,,1.0
35-3041.00,,,1.741002324907753,2.9492820103836457,,1.0
35-9011.00,,,0.5450094234493834,-0.5831913579854668,,0.0
35-9021.00,,,2.2860117483571374,-0.18328871250971826,,0.0
35-9031.00,,,0.3482004649815506,2.3494280421700227,,-2.0
37-2011.00,,,-0.5450094234493837,1.3996592591651198,,2.0
37-2012.00,,,0.4541745195411531,1.2330331568835584,,0.0
37-2021.00,,,0.7115400806144734,3.032595061524426,,0.0
37-3011.00,,,3.406308896558648,1.2996835977961825,,0.0
37-3012.00,,,0.6661226286603577,1.4329844796214328,,0.0
37-3013.00,,,0.1968089584678328,1.3663340387088072,,0.0
39-2011.00,,,0.0908349039082307,1.5662853614466818,,-1.0
39-2021.00,,,-0.18166980781646103,2.9159567899273333,,1.0
39-3011.00,,,0.42389621823840956,2.166139329660305,,0.0
39-3012.00,,,1.6198891196967788,3.0992455024370518,,0.0
39-3021.00,,,-1.0597405455960234,0.516540917072842,,0.0
39-3031.00,,,1.0294622442932801,1.016419223917528,,1.0
39-3091.00,,,-0.0756957532568589,2.0994888887476795,,0.0
39-3092.00,,,0.6358443273576141,2.79931851833024,,-2.0
39-3093.00,,,-0.37847876628429417,0.7998052909514971,,1.0
39-4011.00,,,0.12111320521097425,3.8157377422477676,,-1.0
39-4021.00,,,0.4087570675870378,2.0828262785195237,,1.0
39-5011.00,,,0.7418183819172166,0.5498661375291544,,0.0
39-5012.00,-0.5106178643850878,-0.7132697049582989,0.4693136701925249,-0.06665044091262481,-0.6119437846716933,0.0
39-5091.00,,,0.3482004649815506,1.1330574955146209,,1.0
39-5092.00,,,0.8326532858254473,-0.24993915342234269,,1.0
39-6011.00,,,1.498775914485805,2.5327167546797407,,1.0
39-9011.00,,,0.2725047117246917,1.7162488535000875,,1.0
39-9031.00,,,0.2725047117246917,2.5327167546797407,,0.0
39-9032.00,,,-0.07569575325685857,3.5824611990535806,,1.0
39-9041.00,,,-0.16653065716508925,3.515810758140957,,0.0
41-1011.00,0.127654466096271,0.7608210186221867,-0.9537664910364215,1.4829723103059003,0.44423774235922886,-1.0
41-1012.00,,,1.0294622442932801,4.148989946810891,,1.0
41-2011.00,,,0.42389621823840956,1.949525396694274,,1.0
41-2021.00,-0.6169965861319816,-0.9748019301096751,-1.3625235586234592,0.23327654319418686,-0.7958992581208284,1.0
41-2022.00,,,-0.2119481091192046,4.182315167267204,,0.0
41-2031.00,-0.40423914263819405,0.7608210186221867,-0.4087570675870378,0.8331305114078095,0.1782909379919963,0.0
41-3011.00,,,0.42389621823840956,2.282777601257398,,1.0
41-3021.00,-1.595680826203398,-1.7356229487318606,-0.2876438623760635,-0.31658959433496753,-1.6656518874676292,1.0
41-3041.00,0.17020595479502926,1.28388546892494,-0.5450094234493837,-0.08331305114078065,0.7270457118599846,1.0
41-4012.00,,,-0.04541745195411535,3.515810758140956,,2.0
41-9011.00,,,0.529870272798012,1.5162975307622135,,1.0
41-9012.00,,,-0.06055660260548679,0.5332035273009978,,1.0
41-9022.00,,,0.2270872597705764,2.4993915342234283,,1.0
41-9031.00,,,-0.46931367019252457,2.93261940015549,,-1.0
41-9041.00,,,1.1202971482015107,4.282290828636141,,1.0
41-9091.00,,,-0.24222641042194817,0.7331548500388723,,0.0
43-2011.00,,,-0.787235833871332,1.7995619046408686,,1.0
43-3011.00,,,-0.015139150651371782,3.4991481479127993,,0.0
43-3031.00,,,-0.8326532858254473,3.032595061524427,,1.0
43-3051.00,,,0.3330613143301788,3.615786419509894,,1.0
43-3061.00,,,0.0756957532568589,5.115421340043951,,1.0
43-3071.00,,,0.5450094234493837,4.398929100233233,,0.0
43-4011.00,,,0.6207051767062424,4.015689064985641,,1.0
43-4021.00,,,1.1202971482015107,5.33203527300998,,0.0
43-4071.00,,,1.105157997550139,2.4327410933108027,,1.0
43-4081.00,,,0.37847876628429417,3.465822927456488,,0.0
43-4111.00,,,1.4079410105775743,5.38202310369445,,2.0
43-4121.00,,,0.5904268754034988,1.999513227378743,,1.0
43-4131.00,,,0.015139150651371782,4.332278659320608,,1.0
43-4141.00,,,0.1513915065137178,3.8823881831603915,,1.0
43-4151.00,,,-0.1362523558623457,1.9495253966942747,,0.0
43-4161.00,,,-0.8629315871281908,2.0994888887476804,,1.0
43-4171.00,0.10637872174689376,-1.5216420372443722,0.0756957532568589,-0.36657742501943574,-0.7076316577487393,1.0
43-5011.00,,,-0.2725047117246917,1.6495984125874632,,0.0
43-5021.00,,,-0.8477924364768191,1.7995619046408686,,1.0
43-5031.00,,,-0.015139150651371782,4.115664726354579,,0.0
43-5032.00,,,1.2111320521097415,2.999269841068114,,0.0
43-5041.00,,,3.058108431577097,3.165895943349676,,1.0
43-5051.00,,,-0.04541745195411535,2.4327410933108036,,0.0
43-5052.00,,,0.04541745195411501,2.932619400155489,,1.0
43-5061.00,,,2.7099079665955466,0.7998052909514971,,0.0
43-5071.00,,,2.2405942964030214,3.1159081126652075,,1.0
43-5111.00,,,3.3306131433017887,2.6160298058205216,,1.0
43-6011.00,,,-0.25736556107332026,3.0492576717525828,,-1.0
43-6012.00,0.3829633982888149,-0.5706157639666389,-0.015139150651371782,-0.2832643738786551,-0.093826182838912,0.0
43-6013.00,1.0425114731195537,-0.57061576396664,-0.6812617793117298,2.582704585364209,0.23594785457645684,-1.0
43-6014.00,,,-0.7266792312658448,2.8659689592428643,,0.0
43-9021.00,,,-0.529870272798012,1.0164192239175267,,0.0
43-9022.00,-0.10637872174689376,0.3328591956472056,-0.37847876628429417,1.9162001762379617,0.11324023695015592,0.0
43-9031.00,,,-0.8326532858254473,2.7160054671894587,,-1.0
43-9061.00,-1.191441683565204,-1.3552124394207683,-0.2876438623760635,-0.09997566136893797,-1.2733270614929861,1.0
43-9081.00,,,-0.12111320521097425,2.4494037035389593,,2.0
43-9111.00,,,-1.498775914485805,-0.5998539682136226,,2.0
45-2011.00,,,2.407124953568111,3.5324733683691125,,-2.0
45-2021.00,,,0.10597405455960247,0.9997566136893712,,-1.0
45-2041.00,,,2.1800376937975345,-1.9495253966942747,,0.0
45-2091.00,,,0.5904268754034985,-0.14996349205340548,,-1.0
45-2093.00,,,0.4844528208438967,0.933106172776746,,1.0
45-4011.00,,,1.6350282703481511,0.8997809523204343,,1.0
45-4021.00,,,0.8477924364768183,-0.6165165784417792,,0.0
45-4023.00,,,2.6493513639900597,3.2658716047186136,,0.0
47-2011.00,,,1.1657146001556262,2.066163668291368,,-2.0
47-2021.00,,,1.226271202761113,0.3665774250194365,,-1.0
47-2022.00,,,1.1202971482015112,1.666261022815619,,-2.0
47-2041.00,,,0.18166980781646103,-0.28326437387865583,,-2.0
47-2042.00,,,-0.37847876628429417,0.466553086388373,,-1.0
47-2043.00,,,0.4087570675870378,0.466553086388373,,-1.0
47-2044.00,,,0.9386273403850498,1.8828749557816493,,0.0
47-2051.00,,,3.1640824861366994,0.6498417988980909,,-2.0
47-2053.00,,,1.5441933664399203,0.09997566136893649,,-1.0
47-2061.00,,,1.332245257320716,-0.5831913579854668,,0.0
47-2071.00,,,1.5139150651371767,0.9331061727767467,,0.0
47-2072.00,,,0.6964009299631012,1.9828506171505864,,0.0
47-2082.00,,,0.7720966832199602,1.2496957671117142,,0.0
47-2111.00,,,1.2565495040638568,2.2827776012573984,,0.0
47-2121.00,,,1.211132052109741,0.9664313932330592,,-1.0
47-2131.00,,,0.9840447923391648,0.5498661375291536,,-1.0
47-2132.00,,,-0.0756957532568589,0.39990264547574816,,-1.0
47-2141.00,,,1.438219311880318,1.2496957671117142,,-2.0
47-2142.00,,,0.43903536888978134,0.466553086388373,,0.0
47-2151.00,,,2.1800376937975345,-0.8831183420922777,,-1.0
47-2161.00,,,2.9218560757147514,0.516540917072842,,-3.0
47-2171.00,,,1.907532982072843,2.599367195592366,,-1.0
47-2181.00,,,1.9529504340269577,-0.23327654319418686,,-1.0
47-2211.00,,,0.8023749845227034,1.6329358023593066,,-1.0
47-2221.00,,,1.2565495040638568,0.5498661375291544,,-1.0
47-3011.00,,,3.300334841999045,2.066163668291368,,1.0
47-3012.00,,,1.2565495040638568,0.41656525570390474,,1.0
47-3013.00,,,0.4541745195411531,1.96618800692243,,0.0
47-3014.00,,,1.9075329820728428,1.083069664830152,,0.0
47-3015.00,,,1.5896108183940354,1.1330574955146204,,0.0
47-4011.00,0.23403318784316382,-0.2377565683194323,-1.1051579975501393,-0.2999269841068117,-0.0018616902381342337,0.0
47-4021.00,,,1.7561414755591254,3.765749911563299,,-1.0
47-4031.00,,,1.6653065716508946,3.032595061524427,,0.0
47-4051.00,,,2.649351363990059,2.6826802467331463,,1.0
47-4061.00,,,1.907532982072843,2.582704585364209,,1.0
47-4071.00,,,2.074063639237932,2.782655908102084,,-1.0
47-5011.00,,,1.8166980781646125,4.448916930917703,,-1.0
47-5012.00,,,2.7099079665955466,4.598880422971108,,-1.0
47-5013.00,,,3.133804184833956,3.6824368604225177,,-2.0
47-5041.00,,,0.9234881897336776,1.7828992944127127,,0.0
47-5051.00,,,2.1346202418434195,1.2830209875680267,,-1.0
47-5071.00,,,2.164898543146163,1.9661880069224307,,-1.0
47-5081.00,,,2.4374032548708553,2.0495010580632114,,1.0
49-1011.00,,,-0.0908349039082307,3.4491603172283316,,-1.0
49-2021.00,,,0.2422264104219485,2.4993915342234283,,0.0
49-2091.00,,,0.43903536888978134,1.6329358023593066,,-1.0
49-2093.00,,,1.0900188468987668,2.0495010580632114,,0.0
49-2094.00,0.44679063133695135,0.3804105093110933,0.3633396156329228,0.9664313932330592,0.4136005703240223,0.0
49-2095.00,,,0.9386273403850498,3.6491116399662062,,-2.0
49-2096.00,,,0.8780707377795627,2.599367195592366,,0.0
49-2097.00,,,0.42389621823840956,1.316346208024339,,0.0
49-3021.00,,,-0.06055660260548713,1.2830209875680267,,-1.0
49-3022.00,,,-0.2422264104219485,2.282777601257398,,0.0
49-3031.00,,,0.6964009299631012,2.6660176365049906,,0.0
49-3041.00,,,0.9840447923391651,2.616029805820522,,0.0
49-3042.00,,,0.7720966832199598,2.366090652398179,,-1.0
49-3043.00,,,1.4836367638344332,2.166139329660304,,-1.0
49-3051.00,,,0.787235833871332,1.8328871250971805,,0.0
49-3052.00,,,0.19680895846783317,3.799075132019611,,1.0
49-3053.00,,,-0.42389621823840956,2.6160298058205216,,-1.0
49-3091.00,,,0.21194810911920495,1.6162731921311508,,0.0
49-3092.00,,,-0.030278301302743563,1.5496227512185259,,0.0
49-3093.00,,,1.9680895846783295,2.599367195592366,,1.0
49-9011.00,,,-0.8326532858254476,1.2996835977961831,,-1.0
49-9041.00,,,2.1346202418434195,1.6995862432719313,,0.0
49-9043.00,,,1.3019669560179719,2.632692416048678,,2.0
49-9044.00,,,1.150575449504254,3.465822927456488,,-2.0
49-9045.00,,,2.074063639237932,0.5998539682136226,,1.0
49-9051.00,,,2.48282070682497,0.683167019354404,,-2.0
49-9052.00,,,1.4987759144858053,3.0992455024370513,,-1.0
49-9061.00,,,-0.31792216367880705,2.016175837606899,,-1.0
49-9062.00,,,0.5752877247521273,2.8326437387865524,,0.0
49-9064.00,,,-0.8629315871281908,1.1997079364272456,,0.0
49-9091.00,,,0.9083490390823062,3.915713403616704,,0.0
49-9092.00,,,0.9991839429905366,1.8162245148690253,,1.0
49-9094.00,,,0.6207051767062427,2.6660176365049906,,-1.0
49-9095.00,,,2.028646187283817,2.0828262785195237,,0.0
49-9096.00,,,2.7250471172469184,1.4163218693932755,,-1.0
49-9097.00,,,0.8629315871281905,2.1994645501166166,,-1.0
49-9098.00,,,0.3936179169356656,0.3665774250194365,,1.0
51-1011.00,,,3.527422101769622,3.3991724865438626,,0.0
51-2021.00,,,-0.8932098884309341,2.216127160344773,,0.0
51-2022.00,,,1.5896108183940356,1.2330331568835577,,-1.0
51-2023.00,,,0.923488189733678,2.0828262785195237,,-1.0
51-2031.00,,,1.1505754495042546,1.682923633043775,,-1.0
51-3021.00,,,3.4517263485127634,1.3330088182524948,,-1.0
51-3022.00,,,3.8604834160998003,1.5662853614466818,,0.0
51-3023.00,,,3.587978704375109,0.11663827159709306,,0.0
51-3091.00,,,1.8621155301187273,1.6329358023593066,,1.0
51-3092.00,,,3.315473992650417,3.1492333331215194,,-1.0
51-3093.00,,,0.7418183819172169,2.216127160344773,,1.0
51-4021.00,,,1.4533584625316895,2.0994888887476795,,0.0
51-4022.00,,,2.0589244885865594,1.5996105819029942,,0.0
51-4023.00,,,1.0900188468987675,2.166139329660305,,0.0
51-4032.00,,,0.7115400806144734,0.683167019354404,,0.0
51-4034.00,,,-0.2725047117246914,1.2996835977961825,,-1.0
51-4035.00,,,1.3473844079720876,2.132814109203992,,-1.0
51-4041.00,,,2.5130990081277136,2.599367195592366,,-1.0
51-4051.00,,,2.7401862678982902,2.3827532626263355,,0.0
51-4052.00,,,2.149759392494791,0.3332522045631241,,1.0
51-4061.00,,,1.150575449504254,3.0492576717525828,,-1.0
51-4062.00,,,0.4238962182384092,1.899537566009806,,-1.0
51-4071.00,,,1.2414103534124854,0.26660176365049926,,0.0
51-4111.00,,,1.2716886547152289,0.44989047616021716,,-1.0
51-4192.00,,,1.2111320521097415,1.4496470898495888,,-1.0
51-4194.00,,,1.3928018599262024,-0.18328871250971787,,-1.0
51-6041.00,,,1.0900188468987668,-1.0164192239175274,,0.0
51-6042.00,,,1.2262712027611133,0.5831913579854668,,1.0
51-6051.00,,,3.209499938090815,-0.1166382715970938,,0.0
51-6061.00,,,1.3473844079720876,1.849549735325337,,1.0
51-6062.00,,,1.9680895846783295,1.2830209875680267,,-1.0
51-6063.00,,,2.119481091192048,1.6329358023593066,,-1.0
51-6064.00,,,2.074063639237932,1.4329844796214322,,-1.0
51-6092.00,,,-0.666122628660358,0.23327654319418686,,1.0
51-6093.00,,,1.211132052109741,0.6831670193544036,,-1.0
51-7011.00,,,1.0748796962473954,1.4496470898495883,,-1.0
51-7021.00,,,1.423080161228946,0.3332522045631241,,0.0
51-7031.00,,,1.3322452573207153,1.8328871250971803,,-1.0
51-7032.00,,,1.8166980781646125,2.5160541444515845,,-1.0
51-8011.00,,,-0.8477924364768191,2.8159811285583958,,-1.0
51-8012.00,,,-0.06055660260548713,3.749087301335142,,-1.0
51-8031.00,-1.3616476383602323,-1.2363341552610512,0.10597405455960213,0.466553086388373,-1.2989908968106416,0.0
51-8091.00,,,3.9513183200080317,4.398929100233234,,0.0
51-9012.00,,,0.49959197149526846,0.9830940034612157,,1.0
51-9021.00,,,0.3482004649815513,1.4663097000777445,,1.0
51-9022.00,,,0.8175141351740756,0.9497687830049025,,1.0
51-9023.00,,,0.43903536888978134,3.0659202819807394,,1.0
51-9031.00,,,1.3625235586234592,-0.3332522045631234,,0.0
51-9051.00,,,1.4382193118803175,1.2830209875680267,,1.0
51-9071.06,,,-0.6055660260548709,2.6826802467331463,,1.0
51-9081.00,,,1.3473844079720871,1.9162001762379617,,-1.0
51-9082.00,,,0.5147311221466402,2.016175837606899,,1.0
51-9111.00,,,2.1648985431461623,2.3161028217137107,,1.0
51-9123.00,,,0.7720966832199602,0.049987830684468985,,0.0
51-9141.00,,,1.9529504340269581,2.1494767194321485,,1.0
51-9191.00,,,0.3027830130274356,1.7495740739563996,,1.0
51-9192.00,,,0.620705176706242,0.7831426807233405,,1.0
51-9193.00,,,2.22545514575165,1.899537566009806,,1.0
51-9195.03,,,2.4676815561735985,1.033081834145683,,-1.0
51-9195.04,,,3.4971438004668776,0.18328871250971787,,-2.0
51-9195.05,,,-1.9832287353297013,0.7664800704951846,,-1.0
51-9196.00,,,1.6804457223022666,2.0495010580632114,,0.0
51-9197.00,,,0.6358443273576141,2.0828262785195237,,1.0
53-2011.00,,,2.119481091192047,2.116151498975836,,0.0
53-2012.00,,,-0.030278301302743563,1.61627319213115,,-1.0
53-2021.00,,,0.7266792312658444,2.6160298058205216,,-1.0
53-3011.00,,,0.13625235586234602,3.9323760138448605,,1.0
53-3031.00,,,1.2868278053666005,3.84906296270408,,1.0
53-3033.00,,,0.3482004649815506,2.3827532626263355,,1.0
53-4011.00,,,-0.6661226286603577,3.515810758140956,,-2.0
53-4013.00,,,-1.1808537508069976,2.4494037035389598,,0.0
53-4031.00,,,0.8629315871281912,2.632692416048678,,-2.0
53-4041.00,,,1.8621155301187273,2.166139329660304,,0.0
53-5022.00,,,0.1059740545596028,3.2991968251749255,,0.0
53-5031.00,,,0.5298702727980114,3.099245502437051,,-2.0
53-6011.00,,,0.1968089584678328,3.5824611990535806,,0.0
53-6021.00,,,1.8621155301187273,2.282777601257398,,1.0
53-6031.00,,,0.37847876628429417,1.7995619046408686,,1.0
53-6041.00,,,1.059740545596024,3.232546384262301,,-1.0
53-6051.01,,,0.21194810911920495,4.248965608179828,,-1.0
53-7011.00,,,1.8166980781646125,1.033081834145684,,0.0
53-7021.00,,,0.5601485741007556,0.5998539682136226,,1.0
53-7031.00,,,0.1513915065137178,0.8831183420922785,,0.0
53-7041.00,,,2.301150899008509,1.6162731921311508,,1.0
53-7051.00,,,2.634212213338688,1.1163948852864654,,1.0
53-7061.00,,,-0.22708725977057673,0.6998296295825599,,1.0
53-7063.00,,,0.16653065716508994,-0.36657742501943574,,1.0
53-7064.00,,,2.028646187283817,1.949525396694274,,1.0
53-7072.00,,,-0.8477924364768191,2.8326437387865524,,0.0
53-7073.00,,,-0.37847876628429417,2.0828262785195237,,-2.0
53-7081.00,,,0.878070737779562,0.683167019354404,,1.0
53-7121.00,,,2.3617075016139957,4.915470017306077,,-1.0
