country,T,x,year,t,CAP,K,LAB,VA,r,ls
AUS,189117.6449800552,224023.8004184425,2000,0.8441855045169848,183316.45,961055.999,292186.331,475502.792,0.19074481631741005,0.6144786863838225
AUT,19142.22810094945,103274.08884,2000,0.18535363822580933,54822.7,329559.9,86797.09,141619.8,0.16635124601020934,0.6128880989805098
BEL,-17167.27413098283,163319.07968,2000,-0.10511493307836176,59970.9,350391.899,103103.4,163074.3,0.17115378572151294,0.6322479998381106
BGR,39223.47664987391,10816.55668,2000,3.626244267031744,7458.97,35031.695,10048.97,17508.2,0.21292061374706533,0.5739579168618133
BRA,424734.90277971776,435402.14954577,2000,0.9755002432184113,371290.67,1350370.134,346576.398,717867.067,0.2749547406681611,0.48278631787408627
CAN,125639.63043285823,417877.13541363593,2000,0.3006616533553428,279438.31,729735.001,407385.766,686824.069,0.38293121423128773,0.5931442772428525
CHE,-87082.98162637807,145612.71095641472,2000,-0.5980451916209707,113949.48999999999,556345.06,214765.664,328715.168,0.20481801348249587,0.6533488104814196
CHN,-1717077.0527582252,1917910.1888005836,2000,-0.8952854324383381,4539496.85,16953161.96,4164111.906,8703608.74,0.26776697236248187,0.4784350986347302
CYP,2477.625468797262,3014.81512,2000,0.8218167184982347,3518.61,12256.437,3750.5,7269.2,0.2870826162611532,0.5159439828316734
CZE,46575.62400867712,54975.6168772,2000,0.847205118456677,837027.0,5272523.0,854733.97,1691761.0,0.15875265029664168,0.5052332864985065
DEU,-300756.5446083705,1220734.1268,2000,-0.24637350427546884,437940.0,2392205.0,929794.0,1367734.0,0.18306959478807208,0.6798061611395199
DNK,35458.32019989453,75914.69802600001,2000,0.4670810939371769,298502.0,1653270.0,489297.0,787799.0,0.18055248084099995,0.6210937053740866
ESP,189254.1149939305,379933.0196,2000,0.4981249463212765,172404.6,790052.1309999999,278718.4,451123.0,0.21821927090023888,0.6178323871760031
EST,6430.114629403544,3675.411088944102,2000,1.749495355429978,1893.2,4852.601000000001,2152.5,4046.2,0.39014128711591983,0.5319806237951659
FIN,16666.91299255192,99465.2548,2000,0.1675651766646047,33931.6,141925.0,52128.3,86060.0,0.23908120486172274,0.6057204276086452
FRA,211096.4213673712,704266.2427999999,2000,0.2997395140339264,321534.1,931466.0,578818.9,900353.0,0.3451914508956848,0.6428799593048504
GBR,-212100.87390426677,670287.3921,2000,-0.31643273676945943,220863.0,1280058.0,456536.0,677400.0,0.1725414004677913,0.6739533510481251
GRC,42320.28981857471,52789.90952497817,2000,0.801673846373053,45409.28,127936.468,44458.11,89867.3,0.35493617034980207,0.4947084200816092
HRV,5662.010376223521,13288.110279999995,2000,0.426095980309965,15456.8,195609.861,92088.99,107546.0,0.07901851123957396,0.8562753612407714
HUN,71270.8826901743,45402.869472,2000,1.5697440166006937,3404272.48,29224999.88,4986120.52,8390393.0,0.1164849441908706,0.5942654319052754
IDN,394610.1279130412,191998.05644728764,2000,2.055281887821505,686012739.63,3130076849.567,663923673.88,1349936415.74,0.21916801810310177,0.49181847836592685
IND,1846889.617597168,455687.70858064544,2000,4.052972206228192,8433522.59,38115624.32,7876966.984,16310489.572999999,0.22126156242900025,0.48293872165795354
IRL,9177.7092381206,72680.76243999999,2000,0.1262742564883941,38053.13,81013.741,38596.6,76649.8,0.4697120455158342,0.503544692875911
ITA,92691.0666672026,778248.9117999999,2000,0.11910208323043955,347882.1,1316587.799,460331.5,808213.6,0.2642300804125863,0.5695666343649748
JPN,-1757625.8045785814,2920397.1690463023,2000,-0.6018447844039513,131811641.31,821549932.8,235875647.81,367687288.42,0.16044264146034387,0.6415115649594204
KOR,-139113.71385186908,574574.0314235449,2000,-0.24211625698990558,149179159.33,1143613995.35,292767925.82,441947086.83,0.13044537749325474,0.6624501768299166
LTU,17861.321486058594,7285.965819862885,2000,2.451469294210157,4706.04,20586.701,4255.88,8962.1,0.22859612135038052,0.4748753082424878
LUX,-1150.3357268471473,6668.905948466209,2000,-0.17249242015651975,7233.1900000000005,21522.7,8761.9,15995.300000000001,0.3360726117076389,0.5477796602752057
LVA,8441.358812051818,4076.697526243546,2000,2.0706365281483294,2282.7400000000002,12252.187,2395.64,4678.6,0.18631285990003257,0.5120420638652587
MEX,125485.00591250006,489707.8931215332,2000,0.25624460555990636,3669643.2399999998,14074812.494,1570191.034,5239834.279,0.26072412982868115,0.2996642547060981
MLT,-291.47036137831435,3113.476463987325,2000,-0.09361572658398644,1369.44,5858.367,1551.09,2920.6,0.23375797385175767,0.5310860782031089
NLD,45578.19456720436,221098.7568,2000,0.2061440562889875,108309.0,469728.699,191544.0,299853.0,0.2305777786849681,0.6387930085742014
NOR,-79052.00125273952,100652.842996,2000,-0.7853926317399805,512463.0,1942601.0,477733.0,990194.0,0.26380249984428095,0.48246404239977214
POL,186384.7575412081,115918.13468335342,2000,1.6078999032407146,240858.5,805267.998,283605.4,524466.0,0.29910352900923304,0.5407507827008805
PRT,32733.85198314657,70589.45495999999,2000,0.46372155730194314,29528.13,136262.74,50972.87,80501.0,0.21669995774340076,0.6331954882548043
ROU,-24488.578438193166,33160.323053999346,2000,-0.73849034577604,29503.9,142230.12,29634.8,59139.3,0.2074377775959129,0.5011016363061449
RUS,386991.3902307663,196679.9828846721,2000,1.9676196049787527,3095148.17,17259634.763,2650726.874,5745875.045,0.17932871769889142,0.4613269264020342
SVK,25327.65159682017,19082.569826077823,2000,1.3272662868607956,10574.03,95298.19900000001,11128.98,21703.3,0.11095729101868966,0.512778241096976
SVN,5749.821810571587,14976.79254560346,2000,0.38391543403326944,3619.48,34577.399,8778.16,12397.9,0.10467762482655217,0.7080360383613354
SWE,-34250.03716648296,163224.98902500002,2000,-0.2098332943446369,649768.0,2798830.0,817872.0,1467639.0,0.23215700846425114,0.5572705549525462
TUR,262200.8868867938,264762.2468027305,2000,0.9903258113765552,74121.21,324277.262,53293.107,127414.31999999999,0.22857356554342687,0.41826622784628925
TWN,-81128.72525076919,321502.2802095743,2000,-0.2523426123070874,-3585626.52,12872186.071,11195896.435999999,7610269.971,-0.27855614424950925,1.4711562768027324
USA,-413907.5680766229,4704787.953510934,2000,-0.08797581786183278,2671019.97,9966413.499,4489007.131,7160027.098,0.268002122355048,0.6269539304193287
AUS,196955.5070288105,209025.0760081227,2001,0.9422577940895323,201614.88,998343.001,306758.301,508373.162,0.2019495101363464,0.6034116745919014
AUT,14140.133729313602,105916.70104,2001,0.13350239943720968,57801.96,339367.7,88573.13,146375.1,0.17032251448797278,0.6051106369867553
BEL,-21442.66757099933,159550.15483999997,2001,-0.13439452686525097,58874.5,360137.6,109285.0,168159.5,0.16347779293247916,0.6498889447221239
BGR,37367.07619670457,11611.242409183593,2001,3.2181806976271643,8630.62,38899.493,11410.43,20041.4,0.2218697297674291,0.5693429600726496
BRA,454969.69340138393,377867.876974574,2001,1.2040443793320859,405136.25,1559797.957,375299.066,780435.339,0.25973636404756495,0.4808842542687575
CAN,101013.19194429155,394553.5767312406,2001,0.25601894876015546,285415.62,766331.001,424392.012,709807.637,0.3724443088268068,0.59789721873618
CHE,-93651.36242207629,149540.13983064904,2001,-0.6262623702782036,120283.82,551687.766,214746.874,335030.723,0.21802879710767417,0.6409766605195787
CHN,-1823227.6404954093,2028353.5131386851,2001,-0.8988707484594917,5014554.26,18755452.34,4545169.084,9559723.398,0.26736514636362,0.4754498529686434
CYP,2488.6292601237924,3155.7247165542044,2001,0.7886078424613583,3800.88,12964.083999999999,4024.26,7825.2,0.2931853881847727,0.51426928385217
CZE,41168.416949291895,61662.1014712,2001,0.6676453764476399,917989.37,5617733.0,914131.63,1832121.0,0.16340922040972755,0.49894719289828565
DEU,-326306.1786853641,1214611.8243999998,2001,-0.26865058624516064,467637.0,2428831.0,942736.0,1410373.0,0.1925358330818406,0.668430266319619
DNK,31329.66636917883,75970.794774,2001,0.4123909255178807,294791.0,1733400.0,512692.0,807482.0,0.17006518980039229,0.6349268466665511
ESP,163799.0309193785,396933.5024,2001,0.4126611382737707,189951.7,860349.067,300564.2,490516.0,0.22078445515417755,0.6127510621468005
EST,6475.788557306722,4137.025580756743,2001,1.5653247558895138,2197.0,5926.401,2445.0,4641.7,0.37071403031958183,0.5267466660921646
FIN,13329.305778091672,94959.5724,2001,0.1403682160861507,37149.1,149031.0,54771.9,91921.0,0.24927095704920452,0.5958584001479531
FRA,167920.95918629755,700256.206,2001,0.2397993159467944,332381.4,978831.002,604619.6,937001.0,0.33956975138799295,0.6452710295933515
GBR,-201572.928612956,627360.3328399999,2001,-0.32130327351181853,213407.0,1350361.0,486040.0,699447.0,0.15803699899508353,0.6948918216819859
GRC,38555.63842224464,53975.37586262337,2001,0.7143190354130259,47296.36,146973.09,48080.79,95377.2,0.32180285520294905,0.5041119890288245
HRV,3862.5766053494895,13867.613052494078,2001,0.27853218796401363,25283.120000000003,207530.242,93970.16,119253.5,0.12182860558703537,0.787986599974005
HUN,74893.69053986024,49422.50622252,2001,1.5153762175203889,4110667.25,32011999.977,5754851.64,9865519.0,0.12841019783060834,0.5833298420488572
IDN,392787.2188136474,187479.86164160265,2001,2.0950901892840212,841324179.6,3508724459.023,752796491.27,1594120671.74,0.23978063522100157,0.472233065297569
IND,1860926.8494797908,464596.5517395737,2001,4.0054684919894115,9349546.33,41644834.812,8400874.982,17750421.35,0.22450674548733998,0.47327749670573316
IRL,-192.0906031846552,83735.55495999998,2001,-0.002294014809795144,42802.75,91828.003,42641.04,85443.8,0.4661187067304513,0.4990536469585856
ITA,67344.33056292767,769938.364,2001,0.0874671710253,368454.8,1383871.198,482020.6,850475.4,0.2662493449769738,0.5667660698945554
JPN,-1398089.5665081886,2478161.673450374,2001,-0.5641639855407867,129797525.87,852902789.8,227322657.52,357120182.91,0.15218325865769142,0.6365438538579852
KOR,-93485.77088075186,516290.7960242705,2001,-0.18107193000658714,151306808.88,1248369784.58,321271859.45,472578669.25,0.1212035173783908,0.6798272549200548
LTU,16273.316206089476,7656.561578671701,2001,2.1254078660349065,5060.74,21422.501,4564.04,9624.5,0.23623478883254573,0.47421060834329054
LUX,-1267.2803655245186,6530.438972889813,2001,-0.1940574547569394,6494.22,23615.001,9736.1,16230.5,0.2750040112215113,0.5998644527278889
LVA,8487.330771379982,4326.55404,2001,1.9616837540714,2683.66,13302.138,2494.37,5177.9,0.2017465162367132,0.4817339075687055
MEX,97741.61402096454,493175.7046176152,2001,0.19818821792275573,3818104.25,15188865.737,1662186.889,5480291.144,0.251375205766624,0.3033026613594819
MLT,25.860612713671514,2529.866915455301,2001,0.010222123762987497,1336.95,6337.963,1577.15,2914.4,0.21094316896453957,0.541157699698051
NLD,19428.448924362045,220035.486,2001,0.0882968891861472,121255.0,494520.001,200154.0,321409.0,0.2451973626037423,0.6227392512344085
NOR,-78135.51859959401,98866.30356,2001,-0.7903149585457608,513130.0,2029748.0,502574.0,1015705.0,0.2528047816773314,0.4948031170467803
POL,165086.55751560174,125227.69311254,2001,1.3182911336332073,242252.5,843079.001,300828.0,543083.0,0.2873425855852861,0.553926379577339
PRT,30302.35939510657,69921.5287372156,2001,0.4333766715683691,31243.98,139518.001,53745.2,84989.4,0.2239422854116151,0.6323753315119297
ROU,-27010.65628145624,37208.81601610623,2001,-0.7259208750357546,40267.5,211477.29499999998,47390.0,87657.6,0.19041051191807615,0.5406262548826342
RUS,384095.7551005684,231352.5236411707,2001,1.660218566261691,3541558.31,20073380.395,3338637.656,6880195.937,0.17643058818743618,0.48525328153020014
SVK,22987.23216125012,19718.87922072017,2001,1.1657473989239528,12097.78,105799.223,11816.97,23914.8,0.11434658645839016,0.49412790405941087
SVN,4623.054589405544,15266.81822633311,2001,0.30281716339763753,4189.08,37891.201,9728.39,13917.7,0.11055548226090801,0.6989940866666187
SWE,-25272.27186920215,146563.6990343,2001,-0.17243200080046925,659129.0,3003182.0,874101.0,1533229.0,0.219476874861397,0.5701046614693565
TUR,258199.3855950751,188955.56946002253,2001,1.3664555447237163,111898.76,514353.41500000004,71774.226,183672.974,0.21755228357918063,0.3907718399550715
TWN,-66357.00919853855,268549.3915734476,2001,-0.24709424515821354,-3869881.31,13179787.058,11190189.285,7320308.006,-0.29362244571705887,1.5286500616952319
USA,-520567.6765432658,4497762.09472658,2001,-0.11573926445634097,2706837.7,10459675.56,4585898.528,7292736.226,0.25878792171637877,0.6288309882442196
AUS,124936.13913818712,224930.9618366173,2002,0.5554421593099165,213003.0,1047680.003,320383.752,533386.735,0.2033092159725034,0.6006593921013053
AUT,13344.652993972875,112861.70976,2002,0.11823897602074458,59937.24,346497.3,90149.26,150086.5,0.17298039551823347,0.6006486925872746
BEL,-24834.609357205507,162247.75008,2002,-0.15306597068347777,61525.4,361391.201,111843.7,173369.1,0.17024598227558949,0.6451189975606956
BGR,37929.24180073058,12619.305215974631,2002,3.0056521457866316,10147.57,41581.622,11861.5,22008.7,0.24403978276749277,0.5389459622785535
BRA,526363.1490579881,361117.6402701956,2002,1.457594673758259,484381.83,1837096.623,417079.315,901461.15,0.2636670406638704,0.46267031585332324
CAN,112501.4963101192,389556.5835683988,2002,0.28879372357049654,293100.77,788038.997,436988.07,730088.824,0.37193688525036284,0.5985409660236081
CHE,-108574.5553885442,163472.1562984901,2002,-0.664177666992376,121535.34,537631.268,212787.158,334322.45399999997,0.22605705291679573,0.6364728287140415
CHN,-1926412.249978743,2155151.239397668,2002,-0.8938640661326145,5497561.95,20899626.808,4907295.165,10404857.065,0.26304593859521136,0.47163503874620505
CYP,2585.731043372128,3366.442455724518,2002,0.7680900765064862,3667.94,13776.673999999999,4291.63,7959.7,0.26624278109505967,0.5391698179579633
CZE,33504.43901691222,71084.0253618,2002,0.4713357023098082,906098.02,5613282.0,980116.99,1886215.0,0.16142036334536553,0.5196210347176753
DEU,-371110.9844431046,1247617.0752,2002,-0.2974558394719096,474585.0,2430789.0,943640.0,1418225.0,0.19523907669485094,0.6653669199175025
DNK,31350.2106397022,79186.85942,2002,0.3959016795125501,291902.0,1778352.0,529603.0,821505.0,0.16414185718013083,0.644674104235519
ESP,151448.6518484041,436001.0304,2002,0.34735847231705097,203893.6,935439.064,319744.4,523638.0,0.2179656675103318,0.6106210779202427
EST,6477.023093088341,4735.585392960243,2002,1.367734409924665,2496.3,7072.9,2703.1,5199.7,0.352938681446083,0.5198569148220089
FIN,13393.615339308964,98425.6128,2002,0.13607855677286637,37013.3,150746.0,55885.7,92899.0,0.2455342098629483,0.6015748285772721
FRA,167014.0293595904,721530.624,2002,0.23147185137299234,336991.1,1014547.999,628238.8,965230.0,0.33215885333385786,0.6508695336862718
GBR,-199005.82411097732,646835.88612,2002,-0.3076604566649817,233037.0,1415863.0,498403.0,731439.0,0.16459007686478141,0.6814006362799906
GRC,33318.8308352198,57048.05270101851,2002,0.5840485215128989,45176.4,149455.164,55921.52,101098.3,0.30227393146482384,0.5531400626914597
HRV,2490.0100273766348,15457.786896355505,2002,0.16108450996718726,27159.02,228957.06,104627.5,131786.3,0.11862058326570056,0.793917880690178
HUN,66122.80082278908,56540.60710704,2002,1.1694745459242863,4934813.36,33560000.021,6214045.59,11148859.0,0.147044498120145,0.5573705425819808
IDN,389228.7357486924,222533.50432694596,2002,1.749079254047238,927251167.35,3721152605.924,846556887.31,1773808072.5,0.24918385928968215,0.47725393769172847
IND,1849683.1570872995,489721.1798956727,2002,3.777012784052642,10305912.95,44696758.749,8827661.495,19133574.432,0.23057405589237662,0.4613702226091196
IRL,-12978.200718891858,97617.12480000002,2002,-0.13295004073805558,49507.44,100188.087,44601.26,94108.7,0.4941449775361017,0.4739334407977159
ITA,23204.028684628112,821093.3208,2002,0.02825991650013689,370231.0,1462431.899,501527.0,871757.9,0.25316119010612476,0.5753053686120883
JPN,-1248203.8412196035,2311433.8765341714,2002,-0.5400127833599097,132463566.06,878763266.4,218438594.49,350902159.08,0.15073862452473583,0.6225057009130558
KOR,-126058.70483728328,575338.9208633199,2002,-0.21910338457222217,175662302.74,1350830384.73,347336775.74,522999078.69,0.1300402365283713,0.6641250241013881
LTU,16885.980633322208,8332.866037287893,2002,2.0264313091991224,5538.01,22281.8,4900.37,10438.7,0.2485441032591622,0.4694425551074367
LUX,-1159.8537031684716,7047.367680000002,2002,-0.16457970632922495,6578.22,24437.599000000002,10404.68,16982.8,0.26918438263922734,0.6126598676307794
LVA,8829.89993770836,4900.19376,2002,1.8019491412332151,3228.7000000000003,13274.34,2627.2,5856.0,0.24322866522930708,0.4486338797814207
MEX,93326.76008124882,497420.93200625206,2002,0.18762129632308236,4089494.27,16227239.961000001,1827215.008,5916709.211999999,0.25201416136253313,0.30882285110346913
MLT,-17.52001739013275,2628.1870900847607,2002,-0.006666198710217284,1416.39,6583.326,1650.01,3066.5,0.21514808775989525,0.5380759823903473
NLD,20244.05302228457,226985.6064,2002,0.08918650545008554,121953.0,512937.39999999997,206863.0,328816.0,0.23775415869460875,0.6291147632718602
NOR,-84426.74562330215,105424.73054299998,2002,-0.8008248651758868,465724.0,2030195.0,522076.0,987799.0,0.22939865382389377,0.5285245277632393
POL,175527.84843402496,125774.51147613366,2002,1.395575672479016,261119.1,862928.001,290204.5,551325.0,0.30259662416494004,0.5263764567179069
PRT,28585.73820010984,73133.95646736088,2002,0.3908682037853023,32976.11,149879.916,54962.24,87938.3,0.22001687003881162,0.6250091257165535
ROU,-30467.43434600907,40584.70285649943,2002,-0.7507122684558443,54331.1,268844.626,57064.7,111395.8,0.20209107694791711,0.5122697624147409
RUS,382767.8287214855,243258.2346003517,2002,1.573504096789709,4033623.74,22931451.869,4197982.628,8231606.407000001,0.17589918697877457,0.5099834006191204
SVK,23381.06506168588,22364.546023628245,2002,1.0454522545185436,13075.9,113556.349,12809.89,25885.9,0.11514899972699896,0.4948597499024565
SVN,4441.193766095005,16880.217511565283,2002,0.2631005058466915,4820.18,40240.802,10831.03,15651.2,0.11978339795514016,0.6920255315886322
SWE,-30791.01250286924,153917.752616,2002,-0.2000484803055035,680789.0,3182893.0,890973.0,1571762.0,0.21389000509913467,0.5668625402573673
TUR,290063.72021942417,200429.1988487692,2002,1.44721289056435,159967.68,687436.731,96862.014,256829.677,0.23270167680347587,0.3771449434171114
TWN,-73951.5545137846,287736.65943600866,2002,-0.25701123610295856,-4448557.35,13718419.404,12202650.348,7754092.9629999995,-0.3242762317576393,1.573704417296396
USA,-390956.94016389287,4397861.049610687,2002,-0.08889706513090076,2884553.17,10805211.818,4552434.06,7436987.245,0.2669594283376037,0.6121341761155595
AUS,184585.55536895824,289678.86036124243,2003,0.637207544723049,239802.61000000002,1121059.0019999999,339335.588,579138.166,0.2139072159201127,0.5859320071127897
AUT,4195.991703111596,135861.53168,2003,0.030884325027297498,60612.12,357401.9,92158.98,152771.1,0.16959092830787972,0.6032487820013078
BEL,-41723.30583220075,191309.33584,2003,-0.21809341216413866,64995.5,375860.199,113001.7,177997.2,0.17292466766346812,0.6348509976561428
BGR,39877.82366593215,16303.290850888588,2003,2.445998420236652,10558.83,43778.062,13182.23,23741.1,0.2411899823249371,0.5552493355404763
BRA,607442.9753491479,426088.5834293277,2003,1.4256260293580483,589093.36,2149514.372,474873.954,1063967.326,0.27405881424830036,0.4463238131431116
CAN,124200.73715444436,453839.2545436093,2003,0.2736668014302627,316652.67,795467.0,454348.987,771001.6799999999,0.39807140962478643,0.589297012945549
CHE,-128796.93451085588,188325.4168222284,2003,-0.6839062760839923,120917.7,541013.708,215401.422,336319.11,0.22350210024622888,0.6404673882492137
CHN,-2238740.505036261,2577338.094345021,2003,-0.8686250786997319,6307476.74,24148649.609,5463827.068,11771303.788,0.2611937661992187,0.4641649868530264
CYP,2325.713217331649,4008.18096,2003,0.5802415710621132,3672.14,14383.807,4624.05,8296.3,0.2552968070275136,0.5573629208201247
CZE,33201.749420790344,87517.87305560001,2003,0.37937107314865054,932869.17,5825373.0,1036689.8,1969559.0,0.16013895934217431,0.526356306157876
DEU,-527581.8437358418,1513439.2672,2003,-0.3485979617219237,477046.0,2418253.0,944007.0,1421053.0,0.19726885483032586,0.6643010499960241
DNK,29241.843382790605,91969.15259,2003,0.31795273262059104,291817.0,1842400.0,541071.0,832888.0,0.1583896005210595,0.6496323635350731
ESP,112651.82186781794,544713.5232,2003,0.20680929896145808,215209.1,1012853.569,338705.9,553915.0,0.21247799937406353,0.6114763095420778
EST,6852.768725464443,6217.074699324453,2003,1.1022497005237955,2886.6,8582.8,3051.4,5938.4,0.3363238104115207,0.513842112353496
FIN,7962.622749944996,115802.0752,2003,0.06876062226167252,36552.5,152230.0,56662.4,93215.0,0.24011364382841752,0.6078678324304029
FRA,77278.85049599767,845061.8288,2003,0.09144756970710032,339268.8,1052605.0,645145.9,984415.0,0.322313498415835,0.6553596806225017
GBR,-238313.9188608309,700625.00034,2003,-0.3401447546764413,250058.0,1465193.0,523804.0,773862.0,0.17066557102033658,0.6768700362596949
GRC,24125.37481581208,70536.94318038046,2003,0.34202467144227544,51334.39,133667.963,62178.03,113512.2,0.3840440809291004,0.5477651741398722
HRV,267.6653977882032,18469.38355259197,2003,0.01449238395131165,32546.59,257859.983,115162.87,147709.2,0.1262180723869822,0.7796594254115518
HUN,58145.5999245561,70424.38191737,2003,0.8256458678299686,5085732.53,35748999.926,6810325.37,11896058.0,0.14226223224502518,0.5724858915449135
IDN,481026.35173622327,255655.60392086717,2003,1.8815404174950723,974774390.86,4154682834.893,956836331.76,1931610719.2,0.23462065086494246,0.4953567104640449
IND,2231758.61112349,587111.0443112701,2003,3.8012546906548623,11697357.9,50042630.302,9904456.737,21601814.515,0.23374786316003265,0.45850114721254004
IRL,-24276.50215977756,118686.86144,2003,-0.20454245621829092,52649.04,103669.631,47681.869999999995,100330.9,0.5078540310421285,0.47524611061995853
ITA,-60909.55062227759,986513.75088,2003,-0.061742221604052086,372883.9,1520164.203,521819.8,894703.7,0.24529185680344562,0.5832319683041436
JPN,-1355144.2449805075,2531927.9278807216,2003,-0.5352222826163905,131286515.89,893558616.2,218148264.97,349434780.67,0.14692546578344995,0.6242889289718854
KOR,-148992.2484330708,640899.5094540152,2003,-0.23247365029191222,181281484.23,1476933768.47,373133250.48,554414738.6,0.12274178307792022,0.6730218814568867
LTU,16451.751725045946,10799.232566157363,2003,1.5234185970401681,6119.66,23784.5,5581.46,11701.4,0.2572961382412916,0.4769907874271455
LUX,-2364.0528990634534,8666.623581164564,2003,-0.2727766905904765,7018.23,24738.897,10576.69,17594.7,0.28369211448675336,0.6011293173512479
LVA,9996.068639038684,6188.811828987603,2003,1.6151838051075291,3522.53,14498.469,2933.12,6456.1,0.24295875654181145,0.4543176220938337
MEX,163730.37730793454,478399.8038023699,2003,0.342245912323937,4544900.46,17830095.256,1934065.674,6478966.076,0.25490051481753,0.29851455483990713
MLT,-310.01273054150096,3137.9981736274312,2003,-0.09879315199955505,1469.03,6803.554,1758.6599999999999,3227.5,0.2159209730678995,0.5448985282726568
NLD,-434.90152260072136,272615.8064,2003,-0.0015952909273448546,123049.0,521424.5,208916.0,331965.0,0.23598622619382095,0.629331405419246
NOR,-96500.091912843,119070.005916,2003,-0.8104483675000458,497084.0,2045768.0,531182.0,1028265.0,0.24298160886278405,0.516580842487102
POL,199125.35408418888,146220.767388,2003,1.3618130833344992,279218.0,894676.0,293072.0,572290.0,0.312088398481685,0.5121040032151531
PRT,23243.245723767275,86778.27601266369,2003,0.2678463642257119,33036.18,156341.324,55875.53,88911.3,0.21130804802446218,0.6284412667456217
ROU,-37103.58954577067,50136.65834206266,2003,-0.7400491132182664,72680.40000000001,336570.638,67705.8,140386.5,0.2159439707274763,0.4822814159481147
RUS,413586.6556208276,303191.85220656,2003,1.3641087404257066,4535470.31,25818201.794,5175155.172,9710625.487,0.17566948876563573,0.5329373662827576
SVK,21089.455341711364,31964.472404067412,2003,0.659777989610358,14733.53,117817.928,13890.4,28624.2,0.12505337897302013,0.4852677105386351
SVN,1702.6290360133546,20531.331161665672,2003,0.08292833146602577,5498.6,43258.299,11517.67,17016.0,0.12711086952355663,0.6768729431123648
SWE,-50156.72057761943,186228.4896,2003,-0.26932893396360036,721751.0,3305876.0,909466.0,1631216.0,0.21832367578215275,0.5575386705378074
TUR,295642.9396241577,260229.08921929385,2003,1.136087208817077,204399.13,818276.439,121078.609,325477.77,0.2497922709955969,0.372002699293411
TWN,-74340.79639963532,319388.16898134694,2003,-0.23276001937309396,-3910531.34,14504184.77,11923400.323,8012869.014,-0.26961400464839774,1.4880313533351863
USA,-144021.31344258352,4569148.052600772,2003,-0.031520386685786245,3100345.3,11168055.631,4677043.24,7777388.539,0.27760833241143085,0.6013642261212482
AUS,179755.22011534625,345519.3088429673,2004,0.5202465260690885,257814.78,1219019.003,366706.357,624521.123,0.21149365134220144,0.5871800704489543
AUT,928.0920321132512,161007.55503,2004,0.005764276290887859,64468.630000000005,372588.39999999997,94375.87,158844.5,0.1730290851781752,0.594139992256578
BEL,-52587.093612065735,227978.01152,2004,-0.23066739314660786,72710.9,386830.0,116297.8,189008.7,0.18796603159010417,0.615303951617042
BGR,47150.125137740215,20938.20994115508,2004,2.2518699196469667,12279.99,49030.117,13673.36,25953.2,0.25045810108917343,0.5268467857528166
BRA,668788.5449696522,530510.8273802642,2004,1.2606501327639674,696361.92,2371769.91,538395.665,1234757.596,0.2936043319648996,0.43603349090067073
CAN,148583.143817082,521364.2488994174,2004,0.2849891302112411,343155.75,839450.997,481917.244,825073.03,0.4087859222591405,0.5840904095483523
CHE,-146315.7966195117,214679.1466504814,2004,-0.6815557025560945,135337.98,523745.863,212597.75,347935.728,0.2584039122042669,0.6110259248800112
CHN,-2728927.911087837,3225059.4087998755,2004,-0.8461636097746611,7463462.22,28851458.131,6441493.715,13904955.856,0.25868578933210795,0.4632516479525888
CYP,2582.6447885018456,4434.393339217491,2004,0.5824122018362918,3866.74,15405.927,5033.79,8900.5,0.2509904142736753,0.5655626088421999
CZE,30845.8016892302,111232.997598,2004,0.27730801430622254,1017498.5800000001,6143388.0,1128109.41,2145608.0,0.16562499064034375,0.5257761016923874
DEU,-576822.5604399256,1751179.8346,2004,-0.3293908192882326,516784.0,2447590.0,949257.0,1466041.0,0.21113993765295658,0.6474968981085795
DNK,31856.785405258222,105225.698823,2004,0.3027471973252891,319541.0,1913109.0,553640.0,873181.0,0.16702707477723433,0.6340495269594735
ESP,116443.05440144266,643582.6649,2004,0.1809294450457823,227310.3,1111002.97,358562.7,585873.0,0.20459918302468624,0.6120143785427901
EST,7671.708994206805,7681.001603166568,2004,0.9987901826558749,3191.7000000000003,10146.101,3382.5,6574.4,0.3145740417920145,0.5144956193721101
FIN,5676.867062389455,134784.0284,2004,0.04211824746432237,38985.0,155970.0,58838.0,97823.0,0.24995191382958262,0.6014740909602037
FRA,137685.34540429234,960027.0932,2004,0.14341818723610616,354005.7,1098455.999,667005.3,1021011.0,0.3222757218516497,0.6532792496848712
GBR,-284262.7714492039,800685.2754,2004,-0.35502435249254977,259137.0,1542565.0,551834.0,810971.0,0.16799097606907976,0.6804608302886294
GRC,30494.330203535992,80341.78135152193,2004,0.3795575563617788,57565.41,127667.015,65233.95,122799.3,0.450902764508123,0.5312241193557292
HRV,-1020.9003993659207,22968.64465941684,2004,-0.04444756817409185,39931.39,297627.054,122236.15,162167.7,0.13416586114513634,0.7537638506311676
HUN,70065.86933863538,86447.68633865,2004,0.8105002262774215,5717263.25,38019999.952,7529801.66,13247065.0,0.15037515142603913,0.5684128265393127
IDN,538197.1044835326,276590.3821516843,2004,1.9458272565254315,1133182066.05,4885415243.98,1057311694.47,2190493776.9,0.2319520469516591,0.4826818983098477
IND,2573967.03972856,693571.8071829734,2004,3.7111759922639322,13149868.58,58541125.255,11447727.831,24597596.185,0.2246261670359141,0.46540026695702097
IRL,-21179.8478021166,131945.82176999995,2004,-0.1605192761543904,54642.090000000004,112275.971,51658.11,106300.2,0.4866766193453807,0.48596437259760566
ITA,-54855.00568284964,1131994.0291799998,2004,-0.0484587411848681,381313.9,1599630.6030000001,543732.9,925046.9,0.23837622216333654,0.5877895488326051
JPN,-1486328.027146191,2836559.870073356,2004,-0.5239896548024396,139357566.26,903593520.2,214813088.72,354170655.17,0.15422594689385863,0.606524243565269
KOR,-184478.4244470096,780199.0928068112,2004,-0.23645044726127254,212634356.92,1626627811.67,392237769.05,604872123.65,0.13072096480490886,0.6484639541381186
LTU,17589.417106455032,14022.60909,2004,1.2543612243315436,6612.68,26119.3,6349.49,12962.1,0.25317217536457715,0.48985041004158275
LUX,-2991.506832008793,10861.58950415587,2004,-0.2754207228015918,7507.650000000001,25885.1,11170.64,18678.4,0.2900375119277113,0.5980512249443206
LVA,11150.7339588273,7451.756233754669,2004,1.4963900601467812,3984.55,16739.494,3522.23,7506.6,0.23803288199750844,0.4692177550422295
MEX,177739.92366180892,535290.2840598226,2004,0.33204399361365056,5307969.18,19719098.963,2117031.14,7425000.244999999,0.26917909332265266,0.28512202964917216
MLT,-200.6546953658895,3317.7490701576503,2004,-0.060479165579678675,1412.04,7044.298,1775.82,3187.7,0.20045148572646984,0.5570850456441949
NLD,-4809.562739459436,315953.0878,2004,-0.015222395112352613,130453.0,525097.401,210957.0,341410.0,0.24843581353014546,0.6178992999619226
NOR,-116039.73372808442,141908.568944,2004,-0.8177077296429933,598542.0,2132534.999,555449.0,1153989.0,0.280671595205083,0.48132954473569506
POL,194552.92207616157,191832.181389,2004,1.0141829210691422,338263.4,906245.002,300944.5,639208.0,0.37325822404921805,0.47080840665323337
PRT,28362.52856592729,98528.94583000004,2004,0.287859860135553,35555.32,159794.476,56907.58,92462.9,0.22250656524572227,0.6154639320203023
ROU,-50470.28945239526,67549.3863436381,2004,-0.7471613316461848,95975.9,402008.365,84041.3,180017.0,0.23874105206741159,0.4668520195314887
RUS,396652.0550930567,420888.1991655899,2004,0.9424166699836648,5964371.64,30455794.577,6632344.858,12596716.496,0.1958370064823149,0.5265137831835824
SVK,18663.456634515405,39434.81755771542,2004,0.4732735635761526,17024.3,123595.9,15288.89,32313.3,0.13774162411536306,0.4731454230920395
SVN,2644.283020387577,24244.53489916152,2004,0.10906717870174641,6002.42,47470.299,12415.55,18417.8,0.1264458014052113,0.6741060278643486
SWE,-56861.25775809136,217154.12796,2004,-0.2618474642515902,798493.0,3442006.0,943784.0,1742278.0,0.23198477864361655,0.5416954125575827
TUR,339269.2791620019,324732.3029958899,2004,1.044766030456465,247491.79,983015.204,149127.728,396619.526,0.25176801843239854,0.3759969396968116
TWN,-94447.3642262154,389852.3128478248,2004,-0.24226447070760881,-3502867.65,16659203.887999998,12097191.753999999,8594324.021,-0.21026620921082517,1.4075792027902179
USA,85282.43126703658,4966989.106973676,2004,0.017169844634307662,3385564.93,12082629.625,4934770.823,8320335.716,0.28020100218871025,0.5930975613772939
AUS,202526.05598077644,393187.6825064422,2005,0.5150874887273666,289000.91,1346416.0,389900.304,678901.21,0.21464458978502926,0.5743108102576515
AUT,5952.512052922351,170275.61265,2005,0.03495810092991817,68285.15,387791.6,97560.25,165845.4,0.17608723345219443,0.5882602110158015
BEL,-56249.85115466644,235461.72507,2005,-0.23889169731489915,76537.2,400348.4,119683.0,196220.2,0.19117648528131995,0.609942299518602
BGR,46443.664892915454,24399.41361,2005,1.9034746340740216,14839.64,59725.685,14756.46,29595.7,0.24846328677519564,0.49860148602668625
BRA,668987.8460207534,691916.2897798156,2005,0.9668624021464235,742725.02,2467246.191,599606.328,1342331.335,0.3010340122154433,0.4466902562473519
CAN,156380.1474995062,592772.6967234674,2005,0.26381131985985956,373800.75,903198.003,510790.105,884590.866,0.41386357006814595,0.5774309057810235
CHE,-147917.6582919538,224242.1503604452,2005,-0.6596336061449287,144214.54,542891.66,219075.36299999998,363289.884,0.2656414725545793,0.6030318284337364
CHN,-3370235.0815272746,4014241.732451689,2005,-0.8395695391938719,8765239.38,34130967.494,7275402.101,16040641.48,0.2568119225316678,0.4535605455723956
CYP,2954.712093737477,4564.561660916886,2005,0.647315627048395,4045.54,16104.038,5358.79,9404.2,0.2512127703623153,0.5698294379107207
CZE,31004.95440808967,127945.3739795,2005,0.24232962430558394,1080340.0,6429344.0,1189244.01,2269584.0,0.1680326950929986,0.5239920663874965
DEU,-581168.349533729,1823248.4556,2005,-0.3187543352902369,529818.0,2474647.0,951945.0,1481764.0,0.21409841484462228,0.6424403616230385
DNK,37874.00008837178,113500.327876,2005,0.33369066677718695,333437.0,1975276.0,584083.0,917521.0,0.16880527075709925,0.6365881543855672
ESP,112033.37437203088,689308.5342,2005,0.1625300845898491,239872.19999999998,1222979.322,384993.8,624866.0,0.1961375762328711,0.6161221765946618
EST,8269.083336989615,8699.196150736634,2005,0.9505571772041722,3738.2,11994.999,3903.7999999999997,7641.8,0.3116465453644473,0.5108482294747311
FIN,11760.768810528598,142637.30909999998,2005,0.08245226220780268,38919.2,161223.0,61827.9,100747.0,0.24139980027663546,0.613694700586618
FRA,175386.39132189803,985004.9781,2005,0.17805635019246818,355924.60000000003,1151651.999,690555.3,1046480.0,0.3090556872293503,0.659883896491094
GBR,-232316.2782324567,825489.5064,2005,-0.281428505670047,285877.0,1668298.0,573002.0,858879.0,0.17135847432533036,0.6671510189444613
GRC,33984.785563901685,85929.78335254153,2005,0.3954948358763262,48997.39,131300.459,73064.12,122061.4,0.37316998259693823,0.5985849744472863
HRV,-874.1073268856296,24990.952493583056,2005,-0.03497695124305785,44335.700000000004,324105.486,130478.32,174814.0,0.1367940436528125,0.7463836992460559
HUN,69965.66992426426,96132.47223388,2005,0.7278047500333216,6166226.18,40227999.856,8114681.74,14280908.0,0.15328194794850852,0.5682188933644836
IDN,575202.9947822759,300899.4691795495,2005,1.9116118627615357,1428737771.59,5811743758.49,1220611961.35,2649349741.5,0.24583633259860252,0.46072133936492576
IND,2911466.69891108,801450.3952347896,2005,3.6327472245592305,15402096.16,65682833.796000004,12825987.129999999,28228083.161,0.23449195581049925,0.4543697514580239
IRL,-23449.95804492261,142748.90486999997,2005,-0.1642741712539109,58111.15,133340.551,57633.86,115745.09999999999,0.43581003351336084,0.4979377960708488
ITA,-18581.896453073416,1169603.04318,2005,-0.0158873530309494,384121.10000000003,1677777.098,560758.9,944880.0,0.22894644375459228,0.5934710227753789
JPN,-1453676.7088187702,2918943.41228224,2005,-0.49801469350246197,140679846.96,912314043.5,217645323.42,358325172.27,0.1542011196279475,0.607396131399898
KOR,-253313.42119710945,939133.6344707698,2005,-0.26973096468838453,216504945.15,1724722738.03,414041629.9,630546572.83,0.12553028981185385,0.6566392519456745
LTU,19164.183837554883,16978.391477056874,2005,1.1287396608478313,7551.360000000001,29288.398,7467.86,15019.8,0.2578276899951988,0.4972010279764045
LUX,-2431.557071578404,10524.721674299451,2005,-0.23103290964131395,8167.379999999999,27212.899,11880.89,20048.2,0.3001289939745118,0.5926162947297013
LVA,13063.6775446737,8458.186302863325,2005,1.5445010404005042,4539.14,20647.542,4620.73,9159.9,0.2198392428503112,0.5044520136682714
MEX,174603.84428664926,609623.953551403,2005,0.28641237482464965,5817339.28,21070176.976,2265516.716,8082856.038,0.27609351770638874,0.28028665923890106
MLT,1.5190461504657549,3206.3207554717583,2005,0.00047376612208040045,1267.91,7322.529,2106.02,3373.8,0.1731519260627032,0.6242278736143221
NLD,-718.9140571098751,337562.8971,2005,-0.0021297188265833114,142230.0,531324.199,214011.0,356241.0,0.26768967095360924,0.600747808365685
NOR,-144322.34053574683,174058.16568,2005,-0.8291615620095556,732235.0,2262524.0,591357.0,1323590.0,0.32363634595699314,0.44678261395145025
POL,203757.7377987169,222117.55542900003,2005,0.9173418886462045,360396.0,937090.0,316651.0,677047.0,0.384590594286568,0.46769426642463524
PRT,32465.6105662846,100049.06789301324,2005,0.3244968818800138,34912.840000000004,165668.394,59052.04,93965.0,0.2107392916478686,0.628447187782685
ROU,-60486.66571105136,79185.184074719,2005,-0.7638634224045783,99441.3,467956.177,103481.0,202922.2,0.212501308642839,0.5099540612116368
RUS,337580.8943183411,549690.0349890601,2005,0.6141295508932768,7838755.36,35323176.089999996,7922588.784,15761344.145,0.2219153606127495,0.5026594629946772
SVK,18932.30550915924,44235.46842,2005,0.4279892625845792,18713.95,138527.2,16809.53,35523.4,0.13509224181243829,0.4731959778624793
SVN,3271.568293276547,25596.92944022445,2005,0.12781096658161747,6350.25,51058.698,13072.289999999999,19422.9,0.12437156153100497,0.6730349226943453
SWE,-48420.583201361296,226036.70568,2005,-0.21421557642903483,829864.0,3612125.0,970412.0,1800277.0,0.22974398726511402,0.5390348263072849
TUR,394722.7184680537,399917.4314471165,2005,0.9870105362492814,277050.99,1046878.447,178049.366,455100.374,0.2646448504064006,0.39123098149772123
TWN,-96137.99571016266,423496.0984860261,2005,-0.22701034567697412,-3343194.79,17406340.447,12251154.826,8907959.958,-0.19206764340727364,1.3753042092423826
USA,242543.64713895408,5487794.051370305,2005,0.044196929561959565,3703839.37,13178253.59,5199281.249,8903120.622,0.28105692038060104,0.5839841410384072
AUS,157268.40380209155,401675.851319136,2006,0.3915306416495027,315861.29,1481151.006,425790.552,741651.855,0.2132539415093237,0.5741110861240953
AUT,8446.675649355684,188103.44496,2006,0.044904417625907175,73492.3,404627.9,102548.3,176040.6,0.18162934389843113,0.5825264172014865
BEL,-57429.67625836171,260773.30392,2006,-0.22022835694860843,78859.3,420268.001,126446.1,205305.4,0.18764050513567415,0.6158927139763494
BGR,52995.30962643118,29081.276779310498,2006,1.822317157138507,17391.55,71516.796,16783.69,34175.3,0.2431813360318882,0.4911058571541434
BRA,695222.920624399,820665.7691582454,2006,0.8471450214592077,800562.76,2506858.804,661779.1579999999,1462341.904,0.31934896322146433,0.4525474898789469
CAN,157195.3996044651,642431.1329228187,2006,0.24468832774228344,391184.96,988334.005,546203.12,937388.101,0.39580238868741546,0.5826862101378434
CHE,-155160.4762656468,242381.55107032543,2006,-0.6401496961318974,160286.07,564038.211,228581.085,388867.19299999997,0.2841759066567921,0.5878127265932666
CHN,-4093925.728312513,4929170.668617702,2006,-0.8305506146048258,10407100.06,39785299.497999996,8330304.262,18737404.228,0.26158154371875886,0.44458155252645487
CYP,3050.850354364845,4718.155036183589,2006,0.6466193524731247,4438.93,17330.297,5632.8,10071.9,0.25613698368816185,0.5592589283054836
CZE,28797.451288680582,152736.69788080003,2006,0.18854310514919548,1194778.24,6762588.0,1275350.71,2470129.0,0.17667470500938398,0.5163093546936213
DEU,-611137.4767782032,2003434.1044,2006,-0.3050449602689728,577260.0,2528047.0,973635.0,1550896.0,0.2283422736998165,0.6277887105260443
DNK,41836.52632750596,122552.50791,2006,0.34137633771011716,358944.0,2075963.0,621987.0,980931.0,0.17290481574093566,0.6340782379188751
ESP,167689.21467650778,755584.9232000001,2006,0.22193298136008618,256007.4,1348337.746,414030.6,670038.0,0.1898688965427806,0.6179210731331656
EST,8276.961473595187,10145.952202635144,2006,0.8157895196318257,4419.1,15058.396,4769.8,9189.0,0.2934641910067978,0.5190771574708891
FIN,14320.738167291292,158643.80440000002,2006,0.09026976011734682,40367.9,166211.0,65589.1,105957.0,0.2428714104361324,0.619016204686807
FRA,209859.1921779603,1033499.4272,2006,0.20305690226313877,362686.4,1211047.998,722541.6,1085228.0,0.29948144136232663,0.6657970490993598
GBR,-241400.90465432423,883616.6328300001,2006,-0.2731964244280671,294954.0,1741924.0,613970.0,908924.0,0.16932656074547456,0.6754910201512998
GRC,33013.08296414422,90850.73879784907,2006,0.3633771546712597,57678.28,142219.179,76439.92,134118.1,0.4055590842638741,0.5699448471160865
HRV,-760.0125347564463,27965.78909414142,2006,-0.027176509563095506,51098.07,360360.16599999997,141039.71,192137.7,0.141797220728331,0.7340553675827284
HUN,72864.5791719995,104412.43654946,2006,0.6978534509869777,6953820.29,43763000.029,8631238.55,15585059.0,0.15889724848369582,0.5538149422469303
IDN,605892.8878536639,381311.3879390285,2006,1.5889713945562671,1724682859.14,7220702659.0,1444016034.1399999,3168698900.1,0.23885249685365836,0.4557126062354579
IND,3281374.269078277,938794.0698682124,2006,3.4953078362956798,18538776.9,76305036.485,14709607.394,33248384.278,0.24295613702569083,0.44241570570793554
IRL,-10543.204501338574,154712.89748,2006,-0.06814690095699043,63056.79,143618.553,62682.7,125739.5,0.43905741063969633,0.4985124006378266
ITA,-6378.362089177074,1266812.75912,2006,-0.005034968303925078,385920.6,1756107.903,582884.7,968805.3,0.21975904745985303,0.6016530875708462
JPN,-1274745.6953035183,2909717.934076181,2006,-0.4380994048855264,134748476.75,913297505.9,224940748.03,359689225.58,0.14754061615137495,0.625375274078011
KOR,-290447.35520230816,1079965.280984358,2006,-0.2689413820207012,226090545.58,1842861305.59,431587288.8,657677835.59,0.12268451504960985,0.6562290310617278
LTU,18764.10704334787,19067.79788693383,2006,0.984073103491722,8074.17,33972.201,9077.09,17151.5,0.23766991134898796,0.5292300964930181
LUX,-2809.425978197549,12030.330937508816,2006,-0.23352856981167233,10294.85,28191.2,12904.05,23198.899999999998,0.36517955957887566,0.5562354249554936
LVA,12895.1657515926,10081.61105089986,2006,1.2790778861124192,5156.21,25912.277,6031.99,11187.4,0.19898714420195493,0.5391771099629941
MEX,182690.3547440882,687053.9455288099,2006,0.26590394529133454,6603915.84,23123764.91,2481582.72,9085498.550999999,0.28558999218782494,0.2731366590473853
MLT,223.2553969616363,3581.853477548604,2006,0.06232957276477729,1351.31,8181.189,2183.94,3535.1,0.16517281290042313,0.61778733274872
NLD,3589.6878156560424,365364.5328,2006,0.009824948765952147,154635.0,545393.1,222018.0,376653.0,0.28352943959137,0.5894497056972864
NOR,-171222.12113077033,206185.125042,2006,-0.8304290675473913,841251.0,2445849.0,652128.0,1493380.0,0.34395050552998163,0.436679210917516
POL,216048.02589652516,258948.573048,2006,0.8343279260182578,391653.3,974217.9990000001,339878.7,731532.0,0.40201813187809926,0.46461221108577616
PRT,36613.41052697746,106758.95452235446,2006,0.3429540003532997,38024.63,184421.906,60985.75,99010.3,0.20618282732638063,0.6159535927070213
ROU,-73374.04521773443,95795.49919557912,2006,-0.7659445990038807,128364.2,540296.496,118194.6,246558.8,0.23758103365526914,0.4793769275320938
RUS,316854.2694749069,690077.2581544799,2006,0.459157675072921,9681788.07,41431429.089999996,9779018.921,19460807.015,0.23368221378433754,0.5024981190894359
SVK,21028.65922031347,54645.5083646683,2006,0.3848195368589489,21931.34,146753.0,18614.57,40545.7,0.14944389552513407,0.4591009650838437
SVN,3874.7361888764895,28181.211454109096,2006,0.13749359906639197,7258.0,54177.101,13943.66,21201.7,0.1339680393751596,0.6576670738667182
SWE,-51283.51151728027,249639.495246,2006,-0.20543028043997774,906281.0,3821681.0,1021953.0,1928233.0,0.2371419801914393,0.5299945597860839
TUR,456138.75800891535,430303.2562809901,2006,1.06004021896375,329717.88,1257541.396,198403.397,528121.272,0.26219246622717146,0.3756777231271987
TWN,-88116.43236501966,461004.4572868956,2006,-0.19114008763299747,-3416480.38,19081137.609,12673338.304,9256857.962,-0.1790501410350161,1.3690755930386826
USA,321909.53520025616,5824122.0,2006,0.05527177061199202,3954439.2,14232511.483,5515945.09,9470384.276,0.27784549513438817,0.5824415281625474
AUS,196991.7210310284,484274.008866,2007,0.4067773975570441,339537.83,1625526.005,467781.13,807318.947,0.2088787438377524,0.5794254324617009
AUT,8998.189714845317,223349.8368,2007,0.040287424623922166,80062.02,427424.5,108110.18,188172.19999999998,0.18731265989666013,0.5745279058224328
BEL,-63113.533374242186,303700.059,2007,-0.20781534775481286,82609.6,437961.599,134516.8,217126.4,0.18862292992952565,0.6195322171785651
BGR,43097.86079006199,36210.06810097642,2007,1.1902176121259445,20761.74,85458.337,19968.1,40729.5,0.2429457526186123,0.4902613584748155
BRA,743064.2906781639,1016609.7943100648,2007,0.7309237967576871,932956.37,2766547.86,738082.3200000001,1671038.706,0.3372276270687759,0.4416907384310463
CAN,210159.86383136403,692833.5900847561,2007,0.3033338262448485,406569.12,1069812.002,567844.213,974413.342,0.38003791249296526,0.5827549649869224
CHE,-173282.8049774832,274884.00695592177,2007,-0.6303851828137439,176897.8,599665.767,241211.386,418109.177,0.29499399454629865,0.5769100495012573
CHN,-5329059.289049677,6447497.621887162,2007,-0.8265314082411213,12876475.73,46403127.893,10069838.727,22946314.382,0.2774915466839131,0.4388434046253276
CYP,3490.8013942413186,5311.756984108489,2007,0.657183942090153,5068.21,19131.899,5992.8,11061.2,0.26490888332621865,0.5417857013705565
CZE,21002.578525856057,186986.1516852,2007,0.11232157214088714,1318046.7,7248167.0,1389088.27,2707135.0,0.18184552039156934,0.5131211668424368
DEU,-733800.2189758806,2363033.9165,2007,-0.3105330879307676,618985.0,2637870.0,1005921.0,1624906.0,0.2346533377308207,0.619064118170528
DNK,51221.1555589522,141598.727172,2007,0.36173457616419,343408.0,2194318.0,672357.0,1015767.0,0.15649873901594938,0.661920499484626
ESP,216144.8131234979,891352.6425,2007,0.24249079748871438,272465.2,1458499.7,445970.80000000005,718436.0,0.1868119684906346,0.6207523008312502
EST,9072.700535339667,12866.937719559415,2007,0.7051173117553825,5026.2,18554.302,5994.9,11020.7,0.27089135446862944,0.5439672616077018
FIN,14520.818981546268,190467.9785,2007,0.0762375864746539,47414.299999999996,175756.0,69423.7,116838.0,0.2697734358997701,0.5941876786661874
FRA,242444.04388299256,1175658.756,2007,0.20621974075868027,390054.7,1278521.999,752258.2,1142313.0,0.305082509573619,0.6585394721061565
GBR,-248441.43315056365,984728.47768,2007,-0.2522943519780057,298176.0,1850171.0,659498.0,957674.0,0.16116131968342387,0.6886456142695739
GRC,32104.385035923,103482.84663031044,2007,0.3102387118380596,58077.46,139742.43099999998,81239.41,139317.0,0.4156036186317669,0.583126323420688
HRV,-1488.585542018286,33209.171089897885,2007,-0.04482453169302707,53219.89,387937.753,156262.44,209482.4,0.13718667386311328,0.7459454350341604
HUN,62759.0572945659,124479.11281698,2007,0.5041733980450175,7105698.95,46854000.11,9278014.879999999,16383714.0,0.15165618588205532,0.5662949731666458
IDN,691450.1305188304,449664.3912930124,2007,1.537702659822722,2008272779.8799999,8424276171.82,1717332801.14,3725605579.3,0.2383911375790198,0.4609540018626094
IND,3823914.8809963055,1185757.6154351248,2007,3.2248706069604993,21440310.74,89474851.438,17154929.448,38595240.135,0.23962387637890273,0.44448303438441605
IRL,-16242.36611914308,172063.2599,2007,-0.09439764263784636,64526.73,151444.382,69416.87,133943.6,0.4260754287999934,0.5182544742712604
ITA,-30308.659312296528,1485067.08455,2007,-0.020408949620939552,408461.8,1847582.495,609459.5,1017921.3,0.22107905931420938,0.5987294892051085
JPN,-1123467.0674637228,2998743.211326417,2007,-0.3746459727596302,141077547.29,911645317.6,222052748.63,363130295.11,0.15475047649167017,0.6114960707498541
KOR,-264186.5248072286,1218072.3691093195,2007,-0.21688902195557347,252497255.98,2011448122.95,459165836.15,711663090.39,0.12553008606042806,0.6452011385027311
LTU,25280.994059354816,22581.01023552394,2007,1.1195687790612363,9634.09,40244.9,11101.01,20734.5,0.23938660550777863,0.5353883623911838
LUX,-3551.703177465542,14377.50435,2007,-0.24703196681457043,11448.26,29954.900999999998,14149.25,25597.6,0.3821832026752484,0.5527568990842892
LVA,13844.12742276032,13436.428314943694,2007,1.0303428186613546,6131.47,36120.091,8395.56,14526.6,0.16975234087865393,0.5779439097930692
MEX,271164.88253426435,745293.0186408815,2007,0.363836606209946,7194823.86,24739810.069000002,2642076.536,9836900.393,0.2908196885882891,0.2685883185195327
MLT,605.5572862333847,3985.451800806143,2007,0.1519419419677583,1501.22,8972.881,2302.91,3804.3,0.1673063534443397,0.6053439528954078
NLD,8647.145103387622,424955.0465,2007,0.020348376080262933,162155.0,560923.299,236563.0,398718.0,0.2890858701877527,0.5933090555229511
NOR,-194472.75417684927,239651.573768,2007,-0.8114812313526174,836711.0,2677807.0,725869.0,1562581.0,0.31246127894952846,0.46453207865704244
POL,237625.6272239373,330494.42463,2007,0.7190004112473832,439930.1,1102383.0050000001,379858.9,819789.0,0.3990719178403879,0.4633617918757144
PRT,43537.572321805725,122628.2285,2007,0.35503711383880693,41255.47,200840.969,64066.03,105321.5,0.2054136175771986,0.6082901401897998
ROU,-90500.2760169794,121000.1485535232,2007,-0.7479352471782091,160966.5,654245.682,131142.9,292109.5,0.2460337216256935,0.44895116386149714
RUS,291063.29543463304,906127.9855292,2007,0.3212165390352062,11460425.299999999,51332859.84,12655030.396,24115455.554,0.2232570976119611,0.5247684567957882
SVK,18127.94929782164,75609.79262042996,2007,0.23975663296454303,24557.34,151682.80000000002,21066.3,45623.4,0.16189930565627741,0.46174331592998324
SVN,3461.717660834122,34557.906772543785,2007,0.10017150875539871,8448.53,59099.7,15444.52,23893.2,0.14295385594173915,0.6463981383824686
SWE,-64377.29087798916,292546.084936,2007,-0.22005863073530077,960121.0,4054476.0,1109898.0,2070018.0,0.2368051999814526,0.5361779462787281
TUR,468317.8260633484,510067.3588593493,2007,0.9181489815592899,367097.79,1329786.107,221094.213,588192.0210000001,0.27605777204889986,0.37588781402391713
TWN,-65047.36701624946,498336.3985140978,2007,-0.13052903061105478,-3135791.1599999997,20926863.341000002,12893979.002,9758187.968,-0.14984525434618498,1.3213497264331442
USA,649225.8877358979,6203414.942675815,2007,0.10465620851341233,4039797.92,14997219.881,5785935.339,9825733.224,0.26936978667079664,0.588855325816039
AUS,293228.64317421074,546418.7574191665,2008,0.5366372204336141,391251.38,1737192.004,481037.189,872288.557,0.2252205738335876,0.5514656648189872
AUT,24477.63499465755,251781.25128,2008,0.0972178622126099,80211.16,449492.9,113601.34,193812.5,0.1784481134184767,0.5861404192196066
BEL,-60393.86339841833,336703.47832,2008,-0.17936810067943681,79491.0,457265.9,141582.6,221073.6,0.1738397724387495,0.6404319647393447
BGR,60462.08730807396,42825.253262868064,2008,1.4118325684368582,22927.199999999997,106333.9,24065.64,46992.8,0.21561515189417485,0.5121133450230673
BRA,803041.5271547963,1272644.3142308348,2008,0.631002329696606,1021863.51,3305763.734,866275.022,1888138.54,0.3091157118973948,0.4587984428303656
CAN,251692.94610580368,736861.4225442326,2008,0.34157432918222147,424875.93,1178810.005,602970.5549999999,1027846.4720000001,0.36042782823174296,0.5866348442357643
CHE,-203754.6764985328,325381.065256903,2008,-0.6262032375413711,174287.11000000002,637094.379,259926.588,434213.662,0.27356560620353554,0.5986144857874139
CHN,-6998869.563876561,8428470.052384384,2008,-0.8303843426360168,14662030.73,57118646.991,12538648.533,27200679.407,0.2566942934119264,0.460968211322443
CYP,3507.2290014465166,6241.942389580025,2008,0.5618810271785435,5691.91,21218.114,6107.24,11799.1,0.26825711276694997,0.5176021899975422
CZE,20125.86421145017,224656.2524508,2008,0.08958515061074367,1344512.7,7640185.0,1477399.28,2821912.0,0.17597907642288765,0.523545482637304
DEU,-711978.9633831604,2584214.7204,2008,-0.27551076068205205,602053.0,2743043.0,1041809.0,1643862.0,0.2194836172819748,0.6337569698673003
DNK,51860.49014985129,160080.83668500002,2008,0.3239643871421041,355934.0,2261255.0,703418.0,1059352.0,0.15740551154115745,0.6640078085471118
ESP,249070.00021646023,965294.8648,2008,0.2580247852743578,275891.3,1551464.481,474480.7,750372.0,0.1778263720366796,0.6323272989930327
EST,10107.867184172776,13880.855962097425,2008,0.7281875996532895,4494.5,20216.401,6574.0,11068.5,0.2223194919807932,0.593937751276144
FIN,18423.29450156244,212855.6468,2008,0.08655299860977163,46168.0,185985.0,73910.0,120078.0,0.24823507272091835,0.6155165808890888
FRA,318334.0302703108,1283851.0244,2008,0.24795246817603492,393620.5,1335905.0,776114.5,1169735.0,0.29464707445514465,0.6634960055055205
GBR,-147496.3866987811,935652.69176,2008,-0.15764010299733605,308211.0,1979779.0,662096.0,970307.0,0.1556794975600812,0.6823572333292452
GRC,32275.236761425247,116293.67990911489,2008,0.2775321650037112,57059.81,141053.304,83158.18,140218.3,0.4045265752867441,0.5930622465113327
HRV,-1183.0090381110506,37949.21007510833,2008,-0.03117348255127478,59068.21,437646.601,169185.73,228254.2,0.13496782532991727,0.7412162843005736
HUN,87402.19279308195,139584.39431486,2008,0.6261602038113885,7382361.24,50312999.952,9781137.61,17163499.0,0.1467287032584616,0.5698801631299072
IDN,781782.1440959005,550323.2352121695,2008,1.4205872005286042,2543043634.23,10455943116.43,2108642467.89,4651686096.3,0.24321513668470282,0.453307128691946
IND,4340934.337894741,1292325.4223911671,2008,3.3590102482568103,23771068.8,104416322.71,20395127.505,44166196.188,0.22765663627151883,0.4617813908670128
IRL,18862.817047057502,177040.78431999998,2008,0.1065450377409258,54256.46,151953.29499999998,69916.33,124172.8,0.3570601085024185,0.5630567241779199
ITA,18196.061733844144,1598223.78756,2008,0.01138517764250273,401887.2,1941890.996,626190.0,1028077.2,0.20695662157547798,0.6090885003577553
JPN,-1236760.7343273435,3471510.346777608,2008,-0.356260131984153,130020622.64,894504523.7,219302445.99,349323068.68,0.14535490787926575,0.6277926242280141
KOR,-105730.33435090058,1231459.4855252267,2008,-0.0858577448902477,258737033.73,2322829763.5,488498014.54,747235048.45,0.111388719826002,0.6537407681201494
LTU,28484.481376426604,30051.275145931828,2008,0.9478626526862263,10737.7,43544.296,12217.93,22955.4,0.2465925732270422,0.5322464431027122
LUX,-3214.671257769376,15897.583039999998,2008,-0.2022113204051788,10817.55,31948.400999999998,15292.66,26110.100000000002,0.33859441040570387,0.5856990206854819
LVA,14508.979154355897,14028.444707568236,2008,1.034254292389834,6398.41,42473.251000000004,9408.960000000001,15807.3,0.15064563812174395,0.595228786699816
MEX,313261.02256909333,805179.4884616098,2008,0.3890573804452165,7878357.85,27236931.864,2830597.7309999997,10708955.555,0.2892527649346988,0.2643206161854315
MLT,514.9118051105264,4225.347426666382,2008,0.12186259569115948,1353.92,10064.512,2762.54,4116.4,0.13452415775350063,0.6711058206199593
NLD,23671.067649710152,482342.9768,2008,0.04907517842749722,164726.0,583438.699,249028.0,413754.0,0.28233643102923484,0.6018745438110568
NOR,-234447.8157325133,287147.38129600004,2008,-0.8164720662760895,986915.0,2940662.0,792690.0,1779605.0,0.3356098048670674,0.44543030616344637
POL,269620.5789530901,402343.0976,2008,0.6701260207056927,446593.1,1155827.003,433770.9,880364.0,0.38638403397813675,0.4927176713268603
PRT,53544.43799944252,134735.73955701053,2008,0.3974033777191414,41269.17,247992.209,66097.66,107366.5,0.16641317147185056,0.6156264756697853
ROU,-109508.84446780555,144598.20328969634,2008,-0.7573319859888525,198973.4,824823.743,175790.4,374763.4,0.24123141663733605,0.46907035212083137
RUS,293837.15798399714,1138400.38110335,2008,0.25811407204485204,13552018.129999999,63965385.53,16228360.108,29780378.26,0.21186487062825649,0.5449346534928801
SVK,20211.8481529039,91621.20458573454,2008,0.22060229664401176,27147.55,169504.4,22847.63,49995.1,0.16015837936950308,0.45699738574380294
SVN,4532.229135444901,37633.54279875229,2008,0.12043057332341198,8700.28,63397.298,16913.38,25613.9,0.1372342398567207,0.6603203729225148
SWE,-47942.43405920579,308380.703232,2008,-0.15546509089817429,949570.0,4409271.0,1162149.0,2111718.0,0.2153575953938871,0.5503334252016604
TUR,564104.0247403567,563173.0066007578,2008,1.001653165419306,414324.89,1676473.083,250061.822,664386.666,0.24714079468462302,0.3763799528150073
TWN,-36167.31718181443,523925.5639813434,2008,-0.06903140382572041,-2948003.25,23263334.861,12418323.15,9470319.896,-0.12672315760463918,1.3112886667371348
USA,927373.4701521344,6462949.0,2008,0.1434907609749256,4010353.2,15889843.773,5830042.077,9840395.293,0.2523846840341116,0.5924601505741564
AUS,263209.9353502208,475867.6110380132,2009,0.5531158861097507,384237.57,1805365.996,492732.588,876970.155,0.21283084474357186,0.5618578753116176
AUT,24851.09340019277,206522.31732,2009,0.12033127326228266,71733.16,462795.3,114141.24,185874.4,0.1549997590727477,0.6140772478619971
BEL,-17710.47842296887,257918.0472,2009,-0.06866707706279838,74505.0,446966.901,140435.8,214940.8,0.1666901952545251,0.6533696720213193
BGR,59041.17847041031,35309.362,2009,1.6721111661663643,21676.71,122668.664,26101.14,47777.9,0.17670943249206658,0.5463015327170093
BRA,645060.8155205859,1091630.1712084955,2009,0.5909151583878152,1050769.51,3866892.939,983720.741,2034490.2719999999,0.2717348337737364,0.4835219683960229
CAN,231026.04670532592,653564.103612,2009,0.3534864375637109,386647.32,1205094.005,591411.617,978058.961,0.320844115393305,0.6046789003347212
CHE,-190604.72180754883,298471.4660940592,2009,-0.6386028262664223,160444.97,654686.71,260276.437,420721.398,0.24507137161834247,0.6186432119623257
CHN,-7681719.637255463,9011489.53733518,2009,-0.8524361711157301,15047192.76,64116997.843,14104992.584999999,29152185.373,0.23468336425927627,0.48383997304242166
CYP,2939.631535718826,5920.074936374845,2009,0.49655309557937927,5381.9,21781.058,5978.38,11360.3,0.24709084379647672,0.5262519475718072
CZE,36576.9595406761,169242.0996539,2009,0.21612210918841093,1275700.4,7872417.0,1412666.6,2688367.0,0.16204685295507085,0.5254738657333616
DEU,-433485.0671505853,1999005.0432,2009,-0.21685041197127947,505594.0,2754439.0,1028815.0,1534409.0,0.18355607076431898,0.6704959368721116
DNK,49769.01790021289,127486.98373500002,2009,0.39038509220411816,289371.0,2259620.0,675698.0,965070.0,0.12806179800143386,0.7001543929455895
ESP,261718.73865545637,740981.9208,2009,0.35320529598467415,269662.0,1549070.79,453675.0,723337.0,0.1740798430522339,0.6271972814884349
EST,8290.437778533005,9770.608273148408,2009,0.8485078458540593,3362.3,20260.599,5491.3,8853.3,0.16595264532899548,0.6202545943320571
FIN,38624.05366044596,155204.9752,2009,0.2488583475540929,34197.0,186681.0,72208.0,106405.0,0.18318414836003663,0.6786147267515624
FRA,343106.0174565854,1037089.592,2009,0.330835465039153,352152.7,1353440.001,771521.3,1123674.0,0.26019084683459126,0.6866059907054893
GBR,19650.439405957324,740612.31616,2009,0.026532693255552197,291794.0,1972194.0,657245.0,949039.0,0.1479540045249098,0.6925373983577071
GRC,31821.42450762724,98807.51476727558,2009,0.3220546998128354,53402.32,152525.595,81306.84,134709.1,0.35012038471313617,0.6035734779610286
HRV,-208.96204697838076,31251.396014350037,2009,-0.0066864868014993445,50457.71,446757.059,164767.61,215225.3,0.11294216618074746,0.7655587423969208
HUN,89076.75425287319,101990.77525469,2009,0.8733804996621695,6884279.69,52913000.032,9429635.18,16313915.0,0.1301056391782099,0.5780117880962357
IDN,702393.3416049898,558655.7493841232,2009,1.2572918874983865,2837514254.52,13603022674.73,2353512757.96,5191027012.5,0.20859439275883737,0.4533809499146774
IND,3957566.276928579,1306682.1585277726,2009,3.028713793251401,27043007.19,119564257.22,23207334.339,50250341.649000004,0.22617969465774768,0.4618343592786664
IRL,13803.650170659792,160958.66468,2009,0.08575897543697113,51276.35,149613.259,62269.26,113545.6,0.3427259745742187,0.548407512048023
ITA,128830.94854218296,1199753.12072,2009,0.10738121561614983,349112.8,1957107.102,616332.7,965445.5,0.17838206179070928,0.638392016949688
JPN,-1219883.724609112,2936867.4679664536,2009,-0.4153690072551296,108888952.72,919467525.9,205399219.84,314288172.75,0.11842609951168913,0.6535378599925377
KOR,6795.15159337997,1065290.7902389923,2009,0.006378682380099723,273462498.4,2593859802.5299997,506740448.43,780202944.4,0.1054268615957077,0.6494982517910118
LTU,33880.79684529239,20543.522620810854,2009,1.6492204122271954,8543.34,41580.001000000004,9669.05,18212.7,0.20546752752603348,0.5308960231047565
LUX,-469.7966429984444,10913.172106861306,2009,-0.04304858737663221,8946.16,32899.199,15541.539999999999,24487.7,0.27192637729569036,0.6346672002678896
LVA,15205.688871774397,10378.798032555973,2009,1.465072239008558,5248.74,37770.314,6890.17,12138.5,0.1389646906297893,0.5676294435061993
MEX,375901.2268700444,600919.0307060851,2009,0.625543888048207,7453353.99,29427871.538,2792367.086,10245721.084,0.2532753339083847,0.2725398303454344
MLT,588.1011098697388,3320.852481134676,2009,0.17709341598600464,1695.25,10646.405,2270.43,3965.7,0.15923215395243745,0.5725168318329676
NLD,75122.54969335343,391002.8892,2009,0.19212786342079397,152360.0,594930.799,248443.0,400803.0,0.2560970120492955,0.6198631247770101
NOR,-170544.0451690164,214999.700409,2009,-0.7932292223876853,763983.0,3105313.0,804574.0,1568557.0,0.24602447482749726,0.5129389623711474
POL,301430.840744553,301385.137667,2009,1.000151643435064,511360.3,1211255.0,447671.8,959032.0,0.42217394355441257,0.46679547710608194
PRT,48062.88929606356,108060.28817164652,2009,0.44477846681029465,40763.61,251501.611,64157.439999999995,104921.09999999999,0.16208091009007494,0.6114827236847498
ROU,-86496.16806952735,113187.62991419062,2009,-0.7641839318934542,200029.2,887620.291,161221.5,361250.2,0.22535446973012024,0.4462876421936929
RUS,493851.0583379927,798453.1229068801,2009,0.6185097711686053,12032004.91,67066343.53,15967706.391,27999711.42,0.17940451613584488,0.5702811058114827
SVK,19523.028918065484,69844.87601540139,2009,0.2795198450028101,23002.64,170944.0,22438.8,45441.7,0.13456242980157243,0.4937931459430435
SVN,4263.709241573831,28938.18604424074,2009,0.14733851095764833,7042.07,63878.202,16457.66,23499.5,0.1102421448869209,0.7003408583161344
SWE,2521.464363334648,220181.560611,2009,0.011451750802099996,840185.0,4650125.0,1156040.0,1996226.0,0.18068008924491277,0.5791127858268553
TUR,518394.6944857204,454270.43162108,2009,1.1411587864871828,405442.43,1792423.205,247596.601,653039.012,0.22619793632943955,0.3791451910992417
TWN,-6540.593602264522,425737.2083875458,2009,-0.015362983252125482,-3297237.12,23054005.332,12514590.124,9217353.076,-0.14302231098312823,1.3577205973139181
USA,1004765.2330182148,5219327.894773265,2009,0.19250854770485026,3942229.77,15360212.307,5445153.618,9387383.391,0.25665203652188034,0.5800502004872253
AUS,212289.65317491585,621022.4091952111,2010,0.3418389578727506,425064.12,1908002.997,533433.944,958498.0599999999,0.22277958717483085,0.5565310627754427
AUT,44701.34947345577,215014.88529000003,2010,0.20789885971459646,75205.75,477895.7,116064.66,191270.4,0.1573685429686854,0.6068093128889781
BEL,8550.090561157756,280786.70682,2010,0.030450481997493003,84290.1,457535.0,142316.7,226606.8,0.18422656190236814,0.6280336688925487
BGR,59312.50598666206,35003.8530967665,2010,1.6944564880527706,20302.25,127026.083,27568.51,47870.7,0.15982741119396715,0.5758952762336879
BRA,671839.7404528392,1402711.6883520002,2010,0.47895782578254664,1182083.07,4503945.582,1169729.941,2351812.999,0.26245500716620335,0.49737370339281817
CAN,231945.06798116845,794887.731468,2010,0.29179600942237705,439727.79,1236437.006,606563.512,1046291.284,0.3556410782483487,0.5797271957394993
CHE,-194002.27045800776,318027.1345191008,2010,-0.6100179808599192,168434.87,651792.097,266734.416,435169.331,0.25841809186587916,0.6129439668624075
CHN,-9102518.314993449,10936803.469378406,2010,-0.8322832480696292,17116156.08,76155833.932,17333602.935,34449758.831,0.2247517385901534,0.5031560023404914
CYP,4010.864610222776,5365.3231878685165,2010,0.7475532171653154,4870.04,22878.308,6881.4400000000005,11751.7,0.21286714034971466,0.5855697473557018
CZE,45724.31027888716,184276.13414,2010,0.24812931143947842,1265912.24,7909252.0,1449185.72,2715098.0,0.16005460946243716,0.5337507964721715
DEU,-384520.4352646028,2153539.9935000003,2010,-0.1785527254776765,575810.0,2786216.0,1057688.0,1633498.0,0.20666380495984518,0.6474988031818832
DNK,65891.33010614307,125411.31524,2010,0.5254017947267887,343006.0,2307690.0,672739.0,1015744.0,0.1486360819694153,0.6623115666939702
ESP,450592.75708027097,759795.7896000001,2010,0.593044556508386,250446.7,1568979.428,443588.3,694035.0,0.15962395397321932,0.6391439912972688
EST,10829.14495973639,11917.838240936231,2010,0.9086501042227338,4133.6,20569.301,5383.2,9516.6,0.2009596728639442,0.5656642078053086
FIN,49789.37671240504,158434.40700000004,2010,0.3142586112144506,37212.3,183441.0,72950.7,110163.0,0.20285704940553095,0.6622069115764821
FRA,435906.345054572,1052774.1639,2010,0.41405494169780693,365091.3,1388694.998,795720.7,1160812.0,0.2629024375588627,0.6854862802934497
GBR,8347.970717734368,771420.76173,2010,0.010821553076965522,287317.0,1966936.0,682437.0,969754.0,0.14607338520419577,0.7037217686134835
GRC,45663.19471270056,97534.7521123278,2010,0.4681735865808287,41383.96,161345.555,80224.33,121608.4,0.25649271837702625,0.6596939849549867
HRV,3693.110777516084,30227.712133261848,2010,0.12217632486490017,57093.22,454752.571,152051.49,209144.8,0.12554787733129716,0.7270153979443906
HUN,81099.20602915346,112857.82131316,2010,0.7185962398132589,7409130.54,54202000.016,9415229.37,16824360.0,0.13669478133302984,0.559618872278054
IDN,709642.1184239103,702174.8911646737,2010,1.010634426484335,3239403835.41,15709515819.5,2718412148.9,5957816003.6,0.20620647209183707,0.4562766200328114
IND,4737810.338832825,1684956.296932424,2010,2.8118298067779723,32299440.88,139051006.27,27624776.693,59924218.062,0.23228484098333735,0.460995196706919
IRL,-29994.89889998563,138593.71566000005,2010,-0.2164232249431101,57421.659999999996,149200.492,57281.53,114703.2,0.38486240380494185,0.4993891190481172
ITA,324831.2661538783,1267280.11296,2010,0.2563215999619582,356653.6,2012900.602,626972.2,983625.9,0.17718391044527096,0.637409202014709
JPN,-1444064.466066915,3470858.478893414,2010,-0.41605397478704303,119259364.69,923255379.0,206893224.3,326152589.08,0.12917267248328698,0.6343448779100522
KOR,-84696.27539690635,1352520.1240069997,2010,-0.06262108333440813,318637633.42,2898361155.1,551531004.48,870168638.5,0.10993717358491382,0.6338208251572146
LTU,31298.007242217733,23388.196193629905,2010,1.3381967118414277,10223.460000000001,40716.997,9287.64,19511.1,0.25108580576313133,0.47601826652520873
LUX,-98.61269310388256,12848.279269399927,2010,-0.007675167315108354,11197.55,34321.5,16023.92,27221.5,0.3262546800110718,0.5886494131476958
LVA,18325.74539760356,11579.19408,2010,1.582644290353199,5436.23,39479.528,6271.65,11707.6,0.13769744157022343,0.5356904916464519
MEX,393940.9663301431,737703.8833914225,2010,0.5340096144256296,8387742.69,30733636.964,2921934.434,11309677.091,0.2729173478500128,0.2583570167821337
MLT,569.2801806924234,3656.5966754741753,2010,0.15568580054528466,2028.21,10912.705,2394.47,4422.7,0.18585767690045685,0.5414045718678635
NLD,138761.83753002275,407232.5031,2010,0.3407435223704342,168132.0,602088.303,244280.0,412412.0,0.27924807567636806,0.5923203010581651
NOR,-185526.36068664453,235455.811329,2010,-0.7879455581897296,859268.0,3172545.001,814379.0,1673648.0,0.2708450155093639,0.48658917526265977
POL,352083.3060718963,337682.64778800006,2010,1.042645538283439,531517.3,1285138.001,469611.7,1001129.0,0.41358772333120053,0.46908210630198505
PRT,64209.56992367662,112777.9048662656,2010,0.5693452986187115,41090.06,250965.179,64955.0,106045.2,0.16372813218044086,0.6125218303138662
ROU,-84184.44887175006,115066.43985891934,2010,-0.7316160035451426,198182.5,981076.769,175883.7,374066.0,0.20200508896159583,0.47019429726304984
RUS,389942.0749147245,996947.7006719623,2010,0.39113593887813364,14353260.21,76952644.13,18337207.888,32690468.037,0.18652068908447528,0.5609343943086231
SVK,22935.54866935112,77406.16473,2010,0.2963013184977253,24960.52,172525.2,23214.89,48175.4,0.14467753116646148,0.4818826621055559
SVN,7314.850619563307,30258.006791582025,2010,0.24174925565812042,6780.76,64248.604999999996,16627.71,23408.3,0.10553941210085419,0.710333941379767
SWE,-16515.302642617447,261970.738456,2010,-0.06304254719422155,999080.0,4755677.0,1192252.0,2191330.0,0.2100815509547852,0.5440768848142452
TUR,602012.7632057377,553928.139282821,2010,1.0868066099425326,464097.36,1851505.809,287270.305,751367.667,0.25065941340505943,0.3823298733987178
TWN,-31819.20023746923,578120.7256178497,2010,-0.05503902355941899,-3288340.75,24595669.968000002,13594100.76,10305760.032,-0.1336959210413162,1.3190779445464969
USA,1334076.8940456691,5856934.0,2010,0.2277773480195729,4262496.29,15737161.783,5522092.2,9784588.465,0.27085546611108385,0.5643663215630194
AUS,196462.29998459772,705898.35225102,2011,0.27831528343720374,438711.33,2061051.003,564667.818,1003379.19,0.21285806579333835,0.5627661243402905
AUT,65493.24377375486,253306.9728,2011,0.2585528659152444,80543.6,493236.1,121097.3,201640.9,0.163296238860051,0.6005592119455924
BEL,20675.338768987865,333166.5696,2011,0.06205706290943504,86987.9,476583.102,148705.5,235693.4,0.18252409629076607,0.6309277222018097
BGR,59695.50923058117,43964.58866640674,2011,1.3578088875921726,24266.97,141652.13,29092.42,53359.6,0.17131383763872807,0.5452143569292124
BRA,786527.7524093473,1664704.66935,2011,0.4724728457189074,1304749.09,5177379.031,1344538.912,2649287.999,0.2520095751513851,0.5075095318091161
CAN,262108.74377631137,900491.14427,2011,0.2910730943265352,480881.71,1308434.001,638536.816,1119418.507,0.3675246207546391,0.5704183127285031
CHE,-227336.61666515563,379909.69678061566,2011,-0.5983964573466374,164505.69,658952.613,277142.298,441647.98,0.24964722311526824,0.6275185454261559
CHN,-11401537.000802252,13805483.836078843,2011,-0.8258701495854722,19531746.17,92572129.363,21362081.072,40893827.328,0.21098948792039574,0.522379108726108
CYP,4983.235080141602,5753.514307285492,2011,0.8661202204418769,5019.17,23484.878,6972.46,11991.8,0.2137192281773829,0.5814356476925899
CZE,63709.32468730472,218437.7134891,2011,0.29165899820904234,1276165.6099999999,8005375.0,1497875.35,2774041.0,0.15941359524069765,0.5399615038133899
DEU,-387163.8911218132,2537931.984,2011,-0.15255093263437638,601008.0,2867734.0,1109674.0,1710682.0,0.20957592301099057,0.6486734530438737
DNK,74750.6193553303,144399.773322,2011,0.5176643815682617,350663.0,2340860.0,690383.0,1041046.0,0.1498009278641183,0.6631628189340336
ESP,633101.2096159373,840399.1199999999,2011,0.7533339749522077,248001.1,1586917.629,434604.9,682606.0,0.15627849578826503,0.6366848518764852
EST,13369.230177772157,16071.508789586718,2011,0.831859058959949,5179.5,22437.003,5868.3,11047.8,0.23084633896960302,0.5311736273285179
FIN,60119.28498557615,181941.36,2011,0.330432206209606,37584.7,187721.0,76757.3,114342.0,0.20021574570772582,0.6712957618372951
FRA,557653.0451424597,1192161.696,2011,0.4677662828905884,370390.0,1436953.001,822497.9,1192888.0,0.25776069206316377,0.6895013614019087
GBR,119055.67772842788,849018.0019999999,2011,0.14022750689381483,297791.0,2039501.0,698481.0,996272.0,0.14601169599818778,0.7010946809706586
GRC,60999.08334848836,100882.51942936408,2011,0.6046546388167744,38072.76,149951.541,71115.66,109188.2,0.25390042507132354,0.6513126876347445
HRV,6536.412131899994,32879.562524534886,2011,0.1987986344715655,62324.88,479206.835,149899.88999999998,212224.8,0.1300584120424743,0.7063259807524851
HUN,99964.36958574373,131034.42585675,2011,0.7628863097017512,7907558.03,55987999.911,9913707.9,17821266.0,0.14123665861559734,0.556285277375917
IDN,790618.8062492993,832851.7663473483,2011,0.9492911442293377,3751454675.6,17639971026.010002,3091760627.3,6843215302.9,0.21266784792721646,0.451799408677056
IND,5577917.820440393,1956807.9394806668,2011,2.8505188004913564,37196467.05,163732946.2,32328140.586,69524607.158,0.22717765674700843,0.46498846822006223
IRL,-11096.433213042154,153158.6976,2011,-0.07245055871408868,65658.27,151765.401,56409.71,122068.0,0.43263003008175754,0.4621170986663171
ITA,441227.8888020016,1412515.296,2011,0.3123703439187405,363852.6,2092504.102,640452.8,1004305.4,0.17388381683564316,0.6377072153550105
JPN,-1429792.1744090384,3757464.620744709,2011,-0.38052046225937886,112041142.78,914591025.8000001,204424219.15,316465359.96,0.12250409157688456,0.6459608065029249
KOR,-85299.84355954082,1619776.1164673497,2011,-0.0526615022238848,343809178.2,3361137576.06,577678173.06,921487351.8,0.10228952859555983,0.6268975607007349
LTU,35588.98107636113,30866.4864,2011,1.1529974813188044,12097.6,42687.499,10136.65,22234.5,0.2833991281616194,0.4558973667048955
LUX,273.13607077791204,13918.34432673143,2011,0.019624178304981987,12278.69,36323.3,16758.94,29037.5,0.3380389446994078,0.5771481704692208
LVA,20965.485169139974,13858.11929698594,2011,1.5128665528012768,6542.679999999999,40781.53,6569.34,13111.9,0.16043243105395996,0.5010212097407699
MEX,398645.1172433673,847939.0560083525,2011,0.47013416166956284,9389873.67,32940583.841000002,3115117.496,12504991.141999999,0.2850548647019653,0.24910993223636785
MLT,914.0895005548764,3703.683908482352,2011,0.24680548425349838,1879.85,11577.515,2629.75,4509.6,0.16237076782021012,0.5831448465495831
NLD,169756.3634101709,476907.552,2011,0.3559523490417926,168860.0,611503.502,251635.0,420495.0,0.2761390563549054,0.5984256649900712
NOR,-223460.94850317316,284375.374284,2011,-0.7857957077535384,959126.0,3343162.0,862996.0,1822122.0,0.2868918706302596,0.47362141503148525
POL,435235.8462404721,404583.11848,2011,1.0757637339779103,580369.8,1402456.001,506162.2,1086532.0,0.41382389150616933,0.4658511668317178
PRT,82524.95603871316,124604.13949078416,2011,0.6622970663411771,40485.99,258939.169,63548.38,104034.2,0.15635328620367975,0.6108412425913786
ROU,-96851.83755358924,134872.2302854769,2011,-0.7181006597769466,211954.3,1090144.193,182339.7,394294.0,0.1944277659423353,0.46244604280054985
RUS,502656.1558482348,1307330.2265180177,2011,0.3844905790842335,18010592.509999998,87667025.85,21315300.099,39325892.703,0.20544317929544542,0.5420169418652243
SVK,30803.931520075075,93166.32305126674,2011,0.33063375811369694,26172.510000000002,173015.3,24435.06,50607.5,0.15127280650901975,0.48283475769401774
SVN,9631.10061315964,33994.4496,2011,0.28331391525632,7305.030000000001,65515.901,16639.07,23944.1,0.11150010743193474,0.6949131518829273
SWE,-18592.221862522558,305532.10287400003,2011,-0.060851942194074124,1016717.0,4911745.0,1260370.0,2277087.0,0.20699710591653273,0.553501030044087
TUR,787462.1593191184,601592.5513753806,2011,1.3089626151766616,559487.28,2262831.166,341237.434,900724.736,0.24725100502703612,0.37884763275780625
TWN,-23330.548249107615,655517.9880532175,2011,-0.035591011496718145,-3064929.13,26054079.411,13504874.227,10439945.108,-0.11763720688998863,1.293577129696916
USA,1535035.2986147357,6605245.0,2011,0.23239642111908576,4421117.33,16367672.888,5781015.186,10202132.542,0.2701127619211741,0.566647724110699
AUS,219502.52734881948,659397.5306,2012,0.33288345370218386,432575.84,2236617.996,576867.78,1009443.641,0.19340622349172945,0.5714710129121513
AUT,77494.89059378243,239665.17872,2012,0.3233464744760416,79989.95,509419.4,126285.75,206275.7,0.15702179775642622,0.6122182593490169
BEL,38365.73053504372,308809.13184,2012,0.12423768140030829,86359.7,484475.7,152587.6,238947.3,0.1782539351302862,0.6385826498144151
BGR,58773.71828825252,41900.46795500599,2012,1.4026983744278358,22556.36,149760.648,30848.6,53404.700000000004,0.15061606838132807,0.5776382977528194
BRA,975461.2119898024,1539060.76835,2012,0.6338029219181366,1338185.3800000001,6087001.971,1552996.64,2891181.998,0.21984309950538047,0.5371493877155774
CAN,302855.25278299744,913150.9574135832,2012,0.3316595687977017,482098.17,1400985.003,676538.296,1158636.474,0.3441137263908313,0.5839090268446011
CHE,-211624.23159461425,359068.93716198375,2012,-0.5893693653014211,166961.50999999998,660458.216,276919.628,443881.098,0.25279647668127425,0.623859923857357
CHN,-12816525.419652143,15492684.896099428,2012,-0.8272630280422822,20524573.82,105590967.263,24511222.662,45035796.409,0.19437812108377184,0.5442608905901718
CYP,5418.7638856318345,4882.580580966385,2012,1.1098155567069667,5132.9,23512.810999999998,6730.98,11864.1,0.21830226934584726,0.5673401269375679
CZE,75778.34328786563,199860.56754500003,2012,0.37915604973354033,1244953.83,8092215.0,1527170.15,2772124.0,0.1538458666755641,0.5509025389917622
DEU,-247039.84772811164,2339452.4912,2012,-0.10559729195500563,592857.0,2929928.0,1154381.0,1747239.0,0.20234524534391288,0.6606886636573474
DNK,81459.94139318628,141234.96471700002,2012,0.5767689435573682,379151.0,2357651.0,696173.0,1075324.0,0.16081727108889313,0.6474076650386302
ESP,627160.8164989136,753459.3968,2012,0.8323750678039371,248573.6,1578630.5250000001,410560.4,659134.0,0.15746154408106355,0.6228785042191725
EST,16055.84465316169,15256.33680392852,2012,1.052404968473644,5453.9,25008.298,6286.9,11740.7,0.21808361368694504,0.5354791451957719
FIN,80862.2024992207,164878.384,2012,0.4904354381543472,34698.9,193743.0,79322.1,114021.0,0.17909756739598334,0.6956797432051991
FRA,616391.833324092,1094169.0848,2012,0.5633423955098863,358176.3,1472924.0050000001,844353.7,1202530.0,0.2431736456084168,0.7021477218863562
GBR,114682.21643349114,854719.8865,2012,0.1341752055203774,298855.0,2099668.0,722825.0,1021680.0,0.1423344071538929,0.7074866885913398
GRC,71339.98443164642,93320.13553973776,2012,0.7644650751848542,36939.33,157510.31,62884.62,99823.7,0.2345200768127496,0.6299568138628402
HRV,4638.936010120562,29905.51721156388,2012,0.15511973851857597,59017.05,491600.938,148802.55,207819.2,0.12005072699840943,0.7160192609729995
HUN,101051.84774477956,116033.41683846,2012,0.8708857370412735,7676838.78,57534000.211,10186632.19,17863471.0,0.1334313406306877,0.5702493199669874
IDN,879226.5139549933,845727.9147359,2012,1.0396091918398533,4114749062.71,19789871847.67,3379861228.9,7494610291.6,0.20792196606338603,0.45097224503963423
IND,5915500.651293492,1852789.3664244327,2012,3.1927539948641863,42137861.28,196350150.4,36703519.158,78841380.508,0.2146056990236968,0.4655362313737734
IRL,554.5438500873385,128456.2312,2012,0.00431698676589648,66224.93,163129.713,55884.99,122109.90000000001,0.4059648532576036,0.4576614181159758
ITA,551916.2691986781,1259405.02864,2012,0.43823571976259196,349223.6,2099830.306,631254.7,980478.3,0.16631039136931097,0.643823223828615
JPN,-1457547.6424272405,3749535.638174145,2012,-0.38872750737128625,115230758.13,913764091.7,204255358.7,319486117.12,0.1261055880578766,0.6393246772074326
KOR,-58041.83899916045,1628915.6810601526,2012,-0.035632193657430374,341534554.46999997,3547811440.01,606641144.96,948175701.5,0.09626626449714512,0.6397982399256833
LTU,37247.29708975297,30395.448169624982,2012,1.2254235200576917,13208.42,44651.301,10805.32,24013.7,0.29581265728405093,0.4499648117532908
LUX,1612.123551113817,11784.436660026153,2012,0.13680107056642615,12321.49,39174.8,17286.31,29608.0,0.3145259197239041,0.5838391650905161
LVA,24297.016261532277,14209.397491651442,2012,1.709925862501045,7039.97,45310.931,7232.51,14272.7,0.15537023505431838,0.506737337714658
MEX,466001.117785834,872857.9332527296,2012,0.5338796842336848,10147304.55,35407246.521,3304135.852,13451440.351,0.28658835540859257,0.245634353331862
MLT,1947.849598085295,3572.9314126736926,2012,0.5451684829929836,2082.5299999999997,12357.521999999999,2698.25,4781.0,0.16852326866179157,0.5643693787910479
NLD,188740.3814096368,452978.0816,2012,0.4166655939355208,172040.0,620227.9,254158.0,426198.0,0.2773819107460338,0.5963378523597014
NOR,-225594.7862499905,286167.97677600005,2012,-0.7883299479961602,1021477.0,3509493.0,921370.0,1942847.0,0.2910611304823802,0.4742370346198131
POL,436330.6706495435,378459.84045600006,2012,1.152911416238552,615814.1,1470009.003,527349.0,1143163.0,0.41891859079995036,0.46130691773614085
PRT,93911.590238747,113160.24860017512,2012,0.829899115638755,39376.85,259705.402,59882.07,99259.3,0.1516212204165087,0.6032892635753022
ROU,-85382.66690144116,122422.70161280064,2012,-0.6974414530688111,229935.3,1194419.528,183081.6,413016.9,0.19250798786337325,0.4432787132923616
RUS,399213.2004977121,1318761.8975989006,2012,0.30271817924415967,19406274.64,99106175.39,24417712.326,43823987.073,0.19581297092368807,0.5571768786196036
SVK,36350.20949617921,91161.2357320403,2012,0.39874634436754636,27642.11,175549.0,25001.89,52644.1,0.15746093683245135,0.47492292583594364
SVN,11231.17880719634,30656.773791799536,2012,0.366352274491473,7004.88,65880.00200000001,16257.47,23262.3,0.10632786562453352,0.6988762934017703
SWE,8242.183030295706,280224.357376,2012,0.029412800184376878,982069.0,5071496.999,1301087.0,2283155.0,0.1936447956478422,0.5698636316851025
TUR,866607.4159606034,589947.4835556815,2012,1.468956881954069,615230.39,2469478.492,370144.097,985374.502,0.24913373086385238,0.3756379896665928
TWN,-38159.24339941562,638702.6068751266,2012,-0.059744931347800456,-3235858.95,26942387.271,13808045.861,10572186.881,-0.12010290392800434,1.3060728131674804
USA,1753691.4025778307,6893983.0,2012,0.25438000102086566,4615043.25,16928616.333,6086479.332,10701522.574000001,0.2726178654662762,0.5687489130553695
AUS,326826.6763647027,634371.011631,2013,0.515197999865118,445554.64,2397901.01,593478.362,1039033.0,0.18581027245991277,0.5711833618374007
AUT,76803.78691550059,247015.84239,2013,0.3109265631401861,79517.32,524488.2,130052.38,209569.7,0.1516093593716694,0.62056862227698
BEL,42845.96309294412,310792.26687,2013,0.13786045426563326,85354.7,484630.9,155563.5,240918.2,0.17612310729670763,0.6457108678381293
BGR,57387.71725862071,42323.04329876714,2013,1.355944960136938,19573.7,156091.984,33383.69,52957.5,0.1253984957997587,0.6303864419581741
BRA,1079813.925708939,1543997.404182,2013,0.6993625266365118,1489360.7,6862836.633,1679704.303,3169065.002,0.21701823599273776,0.5300315083281464
CAN,324488.1013479965,918021.878692305,2013,0.35346445316773956,495528.6,1506049.997,705440.0819999999,1200968.671,0.32902533181971116,0.5873925765379103
CHE,-218218.8474097069,367784.6400826355,2013,-0.5933332271860959,168949.32,671199.748,282011.049,450960.365,0.251712430619089,0.6253566186465189
CHN,-14607150.597465212,17645954.697185166,2013,-0.827790326345749,22600697.44,119337904.293,26973693.044,49574390.603,0.18938406513751466,0.5441053882035554
CYP,5628.86015760609,4674.844717330711,2013,1.2040742522930499,5026.94,23002.5,6109.5,11136.8,0.21853885447233995,0.5485866676244523
CZE,79634.26177860152,200902.1769255,2013,0.3963832696951416,1260290.66,8180339.0,1519836.33,2780127.0,0.15406337805804868,0.546678741654608
DEU,-286053.87183863303,2412687.5526,2013,-0.118562335819394,604842.0,2970314.0,1180533.0,1785375.0,0.20362897659978035,0.6612241125813905
DNK,78966.81094277308,142639.66377,2013,0.5536104674931335,378613.0,2372856.0,707323.0,1085936.0,0.15956004072729235,0.6513486982658279
ESP,747786.088325253,765414.5763000001,2013,0.9769687062141371,241760.9,1548185.564,398316.1,640077.0,0.15615757285281082,0.6222940364987337
EST,16356.141346229138,16695.845237694266,2013,0.9796533876165684,5804.7,28267.9,6776.9,12581.7,0.20534599315831736,0.5386315044866751
FIN,80288.27455236332,164787.99180000002,2013,0.4872216335387328,35143.200000000004,194284.0,79473.8,114617.0,0.18088571369747383,0.6933857979182844
FRA,619302.1054534707,1118470.0398,2013,0.5537046889197065,360682.5,1493634.996,856295.4,1216978.0,0.24147967941693835,0.7036243876224549
GBR,112297.25949334438,886425.5730600001,2013,0.12668549160386558,334370.0,2180829.0,746076.0,1080446.0,0.15332242922301564,0.6905259494690156
GRC,75214.01530765311,93234.71823874956,2013,0.8067168188898242,40417.85,152539.044,55822.8,96240.7,0.2649672434029415,0.5800331876222846
HRV,1752.208186707863,29102.858229195303,2013,0.06020742611975098,61931.89,502728.771,144102.11,206034.1,0.1231914574469421,0.6994090298644738
HUN,118718.49374901313,120355.81085605998,2013,0.986396027782946,8433929.27,59540999.972,10438376.65,18872306.0,0.14164910354152893,0.5531055213920334
IDN,1009400.1562696748,826176.4860847986,2013,1.2217730391398118,4511637207.51,21697116435.87,3755480807.6,8267117996.6,0.20793718007851467,0.4542672318387748
IND,6337070.127792366,1854465.160017233,2013,3.417195569062876,47967619.13,230348533.91,41597673.111,89565291.74,0.20823930726097672,0.4644396540543218
IRL,1573.978829397659,132647.57337000003,2013,0.01186586975856156,68273.47,170852.703,56789.53,125063.0,0.3996042719909441,0.4540873799604999
ITA,548826.509533357,1272946.5303900002,2013,0.4311465536303475,350740.8,2070393.795,624747.9,975488.7,0.16940777201276339,0.6404460656489409
JPN,-824894.5518714656,3050993.29006764,2013,-0.2703691792954346,116075015.71,909549605.1,206004899.38,322079913.87,0.12761812556362792,0.6396080305186279
KOR,-56177.04881432139,1655842.602606017,2013,-0.033926563265076155,351704022.64,3735224600.41,632790115.69,984494137.9,0.09415873481915785,0.6427566110650379
LTU,40206.79220404748,32034.47115046135,2013,1.2551102222103776,13596.83,46810.498999999996,11633.29,25230.0,0.290465393244366,0.46108957590170435
LUX,1660.0061668313745,11977.751969030904,2013,0.1385907949274126,13337.19,41350.299,18530.26,31867.3,0.32254156130769457,0.5814819579945586
LVA,25531.752269676846,14638.474642436384,2013,1.744153874862157,6860.06,46821.532,7771.68,14631.4,0.14651506917800128,0.5311644818677639
MEX,501831.84471703146,900814.240917862,2013,0.557086935266146,10259129.8,35783470.115,3416073.597,13675203.437,0.28670024922204224,0.2498005687986607
MLT,2263.782429125284,3626.134231232274,2013,0.6242963676377694,2303.1800000000003,12599.65,2792.38,5095.6,0.18279714119042992,0.5479982730198603
NLD,278831.3366362114,466139.1942,2013,0.5981718338762498,170579.0,626619.001,254406.0,424985.0,0.27222123767038464,0.5986234808287352
NOR,-228133.14709440392,289763.935938,2013,-0.7873069033104829,1021910.0,3691288.0,977174.0,1999085.0,0.2768437466813752,0.4888106308636201
POL,437684.3354733858,395951.701782,2013,1.1053982935382423,636905.5,1518385.992,544186.3,1181092.0,0.41946218112897343,0.46074844296633966
PRT,97999.6271887638,118026.97572507724,2013,0.8303154985266794,40307.92,259139.29,58848.89,99156.4,0.15554538256240494,0.5934956291273181
ROU,-98597.12869663644,139168.02626307617,2013,-0.70847544040219,257991.9,1246073.71,188744.3,446736.0,0.20704385136253295,0.4224962841588768
RUS,389136.08017690113,1348934.3611989778,2013,0.28847666081470713,20155725.13,109474081.8,26369742.201,46525467.448,0.18411412818992923,0.5667808116161885
SVK,40184.169590040976,94962.84106373934,2013,0.4231567752176795,26561.06,180573.5,25256.61,51817.9,0.1470927904703625,0.48741091398918135
SVN,10427.3547388683,31504.789770000003,2013,0.33097680749476394,7113.56,66042.00200000001,16162.75,23276.3,0.10771266443437011,0.6943865648750016
SWE,4985.5403328148695,279964.739595,2013,0.01780774371810895,986238.0,5165808.005,1334259.0,2320497.0,0.1909165030998863,0.5749884615235443
TUR,912271.0717274247,603759.7928462562,2013,1.5109834780928002,681973.74,2747537.816,401975.63899999997,1083949.346,0.24821268556472526,0.3708435643080318
TWN,-59210.79413759209,637520.5911991938,2013,-0.09287667716930516,-3296457.1399999997,27463539.715,14426125.208,11129667.934,-0.12003030833638481,1.296186489439605
USA,1894440.831270324,7080019.941203143,2013,0.26757563495624737,4831283.11,17564584.612,6257612.086,11088895.207,0.2750582047183343,0.5643133936417585
AUS,399358.0763810586,564090.6019513431,2014,0.7079679664925638,438480.62,2524718.0069999998,602687.851,1041168.429,0.1736750871916287,0.578857209086581
AUT,78730.12973631694,246572.7884,2014,0.31929772237720677,79234.69,538435.2,133652.21,212886.9,0.1471573366674393,0.6278085218019521
BEL,42813.050313431326,310612.46665,2014,0.13783429485357176,89480.7,488253.401,156466.3,245947.0,0.18326692618368468,0.6361789328595184
BGR,62986.67496637888,43464.936312179816,2014,1.4491376339306552,18581.47,162805.491,35689.19,54270.5,0.11413294407864905,0.6576167531163339
BRA,1260793.5058249224,1442902.1355855616,2014,0.873790033801055,1598000.88,8100662.553,1764511.836,3362512.729,0.1972679234006848,0.5247598977936836
CAN,332267.0184866014,893184.4400656503,2014,0.37200269460827073,525777.52,1619702.996,724495.213,1250272.767,0.324613537974835,0.579469722225822
CHE,-224158.50221946157,375835.2834273871,2014,-0.5964275098795239,168053.86,675079.0109999999,287630.655,455684.524,0.24893954227825935,0.6312056693854278
CHN,-15679575.46730392,18767903.341396354,2014,-0.8354463033022709,24554584.16,132129809.852,29227541.624,53782125.654,0.18583682355634848,0.5434434074255715
CYP,5538.0338940969,4446.138851728257,2014,1.2455827581597487,4763.52,23290.482,5894.58,10658.1,0.20452646707783895,0.553061052157514
CZE,81887.9338582672,209854.4760865,2014,0.39021294844582577,1414285.44,8401441.0,1549160.56,2963446.0,0.16833843622778522,0.5227564666270281
DEU,-355694.9195858985,2450438.1775,2014,-0.14515563904117246,621474.0,3028368.0,1223909.0,1845382.0,0.20521746366359703,0.6632279929033663
DNK,92681.18121491828,143177.304634,2014,0.6473175441585278,384986.0,2379367.0,729213.0,1114200.0,0.16180185738475822,0.6544722670974691
ESP,747620.4676456465,761618.422,2014,0.9816207776098758,246348.1,1548709.614,400386.1,646732.0,0.1590666822063132,0.6190912155266787
EST,17640.775711237067,17516.434255136188,2014,1.0070985598033126,5874.3,29398.097,7374.7,13248.5,0.19981905631510774,0.5566441483941578
FIN,81919.984058187,161614.682,2014,0.5068845419513741,35909.4,194025.0,79844.5,115754.0,0.1850761499806726,0.6897774590942861
FRA,681096.7571699666,1110115.8628223515,2014,0.6135366406154674,348664.4,1508031.003,869520.7,1218185.0,0.23120506097446594,0.7137837848930991
GBR,176078.17796839442,940261.1416445568,2014,0.18726518641451692,362789.0,2262332.0,774312.0,1137101.0,0.16036063672352247,0.6809527034098114
GRC,81815.05556496022,92636.65124529845,2014,0.8831823523965364,42164.14,147368.34100000001,53927.68,96091.6,0.2861139625640489,0.5612111776679751
HRV,2081.1240564860645,28979.93675759366,2014,0.07181258102437868,64469.73,494563.527,140550.38,205020.1,0.13035682269388216,0.6855443929643972
HUN,133429.44485028388,128797.43660376,2014,1.0359635126960955,9292505.57,61556999.946,10931868.22,20224374.0,0.15095773962590311,0.5405293741106647
IDN,1144677.4900540025,788883.2902043735,2014,1.4510099329869879,4941316480.65,24867545849.05,4210614504.7,9151931005.0,0.19870543360589682,0.460079354007324
IND,6509286.311430837,1915280.6418383943,2014,3.398607060103138,52815599.41,257442111.72,45514542.617,98330142.42,0.2051552446378449,0.46287477569789937
IRL,17188.978197839566,136151.45534999995,2014,0.12624894940456155,70896.51,196368.925,59438.22,130334.7,0.3610373178953849,0.4560429417492042
ITA,551610.1713371436,1255291.944325833,2014,0.4394277951280818,341811.4,2045151.196,632184.6,973996.3,0.1671325820157113,0.6490626299093744
JPN,-669952.7807028509,2871170.804121634,2014,-0.2333378354715497,116256791.81,894478563.2,206170937.34,322427731.07,0.12997157963639838,0.6394330185428116
KOR,-75930.68948631416,1720364.828611739,2014,-0.04413638794719315,359789664.4,3944656443.41,659880358.02,1019670020.0,0.09120937895645381,0.6471508871271904
LTU,38204.46057053115,32443.883591699327,2014,1.1775550994858597,13782.78,48561.301999999996,12317.9,26100.6,0.2838222912556999,0.4719393423905964
LUX,1711.5761697427838,12167.005673415735,2014,0.14067357373577027,13566.28,43798.3,19805.62,33372.1,0.309744442135882,0.5934783846386652
LVA,25708.009638535197,14583.159849367814,2014,1.7628559176528296,6699.88,47669.232,8366.49,15066.5,0.14054935896596782,0.5553041515945972
MEX,526747.1996742551,908427.0739154414,2014,0.5798453335432912,10822807.41,37687274.208,3610015.52,14432822.89,0.2871740564273181,0.2501253945616733
MLT,2462.345621686629,3347.171989119522,2014,0.7356495661683498,2371.0299999999997,13105.812,3007.14,5378.2,0.18091439126396744,0.5591350265888215
NLD,281509.8649454062,458127.911,2014,0.6144787474985478,171369.0,632460.999,258578.0,429948.0,0.27095583802156314,0.6014169155339716
NOR,-214125.0090475169,275078.678374,2014,-0.7784136899058028,1022272.0,3879328.0,1015508.0,2037778.0,0.26351780514563344,0.49834083987558997
POL,448379.378908303,420666.4770334901,2014,1.0658785603032652,655722.9,1597249.9949999999,564887.0,1220610.0,0.4105324163735559,0.4627907357796512
PRT,101626.30660040006,120451.95448991636,2014,0.8437082406073179,41297.62,265756.368,59237.54,100535.0,0.1553965397359735,0.5892230566469389
ROU,-98087.0220566048,140292.97662965936,2014,-0.6991584640443661,261239.0,1275728.619,204993.9,466233.2,0.20477631065827803,0.4396810437351952
RUS,407652.93196609325,1207350.578875315,2014,0.3376425531230828,20797867.62,122171190.51,28570249.402,49368117.06,0.1702354502168631,0.578718636711967
SVK,45024.652368157374,97489.5812,2014,0.4618406583959905,28703.66,185140.6,25960.74,54664.4,0.15503709072996413,0.47491127680903844
SVN,11513.410074483738,33117.280807472256,2014,0.3476556587304706,7956.03,65654.297,16651.34,24607.3,0.12118064412448128,0.6766829355516453
SWE,15704.169215970416,270300.0581404911,2014,0.05809902270834149,1039058.0,5346590.0,1381280.0,2420337.0,0.19434031784745043,0.5706973863557017
TUR,951986.3789859326,597321.3802514443,2014,1.5937590892614475,765618.98,3200990.631,448192.922,1213811.94,0.23918188718997221,0.3692441203041717
TWN,-72701.82231409519,652930.8153319284,2014,-0.111346900172166,-3197326.47,28692267.508,15050766.511,11853440.016999999,-0.1114351268720229,1.2697382776151438
USA,2030495.1852561927,7371241.235788529,2014,0.275461773710216,4989631.24,18186148.761,6592858.6,11582489.825,0.27436436958550625,0.569209099218872
